y_true,y_pred,confidence,true_label,pred_label,prob_colon adenocarcinoma,prob_colon benign tissue,prob_lung adenocarcinoma,prob_lung benign tissue,prob_lung squamous cell carcinoma
0,0,0.999992,colon adenocarcinoma,colon adenocarcinoma,0.999992,7e-06,0.0,0.0,0.0
0,0,1.0,colon adenocarcinoma,colon adenocarcinoma,1.0,0.0,0.0,0.0,0.0
0,0,1.0,colon adenocarcinoma,colon adenocarcinoma,1.0,0.0,0.0,0.0,0.0
0,0,1.0,colon adenocarcinoma,colon adenocarcinoma,1.0,0.0,0.0,0.0,0.0
0,0,1.0,colon adenocarcinoma,colon adenocarcinoma,1.0,0.0,0.0,0.0,0.0
0,0,1.0,colon adenocarcinoma,colon adenocarcinoma,1.0,0.0,0.0,0.0,0.0
0,0,1.0,colon adenocarcinoma,colon adenocarcinoma,1.0,0.0,0.0,0.0,0.0
0,0,1.0,colon adenocarcinoma,colon adenocarcinoma,1.0,0.0,0.0,0.0,0.0
0,0,1.0,colon adenocarcinoma,colon adenocarcinoma,1.0,0.0,0.0,0.0,0.0
0,0,1.0,colon adenocarcinoma,colon adenocarcinoma,1.0,0.0,0.0,0.0,0.0
0,0,1.0,colon adenocarcinoma,colon adenocarcinoma,1.0,0.0,0.0,0.0,0.0
0,0,1.0,colon adenocarcinoma,colon adenocarcinoma,1.0,0.0,0.0,0.0,0.0
0,0,1.0,colon adenocarcinoma,colon adenocarcinoma,1.0,0.0,0.0,0.0,0.0
0,0,1.0,colon adenocarcinoma,colon adenocarcinoma,1.0,0.0,0.0,0.0,0.0
0,0,1.0,colon adenocarcinoma,colon adenocarcinoma,1.0,0.0,0.0,0.0,0.0
0,0,1.0,colon adenocarcinoma,colon adenocarcinoma,1.0,0.0,0.0,0.0,0.0
0,0,1.0,colon adenocarcinoma,colon adenocarcinoma,1.0,0.0,0.0,0.0,0.0
0,0,1.0,colon adenocarcinoma,colon adenocarcinoma,1.0,0.0,0.0,0.0,0.0
0,0,1.0,colon adenocarcinoma,colon adenocarcinoma,1.0,0.0,0.0,0.0,0.0
0,0,1.0,colon adenocarcinoma,colon adenocarcinoma,1.0,0.0,0.0,0.0,0.0
0,0,1.0,colon adenocarcinoma,colon adenocarcinoma,1.0,0.0,0.0,0.0,0.0
0,0,1.0,colon adenocarcinoma,colon adenocarcinoma,1.0,0.0,0.0,0.0,0.0
0,0,1.0,colon adenocarcinoma,colon adenocarcinoma,1.0,0.0,0.0,0.0,0.0
0,0,1.0,colon adenocarcinoma,colon adenocarcinoma,1.0,0.0,0.0,0.0,0.0
0,0,1.0,colon adenocarcinoma,colon adenocarcinoma,1.0,0.0,0.0,0.0,0.0
0,0,1.0,colon adenocarcinoma,colon adenocarcinoma,1.0,0.0,0.0,0.0,0.0
0,0,1.0,colon adenocarcinoma,colon adenocarcinoma,1.0,0.0,0.0,0.0,0.0
0,0,1.0,colon adenocarcinoma,colon adenocarcinoma,1.0,0.0,0.0,0.0,0.0
0,0,1.0,colon adenocarcinoma,colon adenocarcinoma,1.0,0.0,0.0,0.0,0.0
0,0,1.0,colon adenocarcinoma,colon adenocarcinoma,1.0,0.0,0.0,0.0,0.0
0,0,1.0,colon adenocarcinoma,colon adenocarcinoma,1.0,0.0,0.0,0.0,0.0
0,0,1.0,colon adenocarcinoma,colon adenocarcinoma,1.0,0.0,0.0,0.0,0.0
0,0,1.0,colon adenocarcinoma,colon adenocarcinoma,1.0,0.0,0.0,0.0,0.0
0,0,0.999999,colon adenocarcinoma,colon adenocarcinoma,0.999999,0.0,1e-06,0.0,0.0
0,0,1.0,colon adenocarcinoma,colon adenocarcinoma,1.0,0.0,0.0,0.0,0.0
0,0,1.0,colon adenocarcinoma,colon adenocarcinoma,1.0,0.0,0.0,0.0,0.0
0,0,1.0,colon adenocarcinoma,colon adenocarcinoma,1.0,0.0,0.0,0.0,0.0
0,0,1.0,colon adenocarcinoma,colon adenocarcinoma,1.0,0.0,0.0,0.0,0.0
0,0,1.0,colon adenocarcinoma,colon adenocarcinoma,1.0,0.0,0.0,0.0,0.0
0,0,1.0,colon adenocarcinoma,colon adenocarcinoma,1.0,0.0,0.0,0.0,0.0
0,0,1.0,colon adenocarcinoma,colon adenocarcinoma,1.0,0.0,0.0,0.0,0.0
0,0,1.0,colon adenocarcinoma,colon adenocarcinoma,1.0,0.0,0.0,0.0,0.0
0,0,1.0,colon adenocarcinoma,colon adenocarcinoma,1.0,0.0,0.0,0.0,0.0
0,0,1.0,colon adenocarcinoma,colon adenocarcinoma,1.0,0.0,0.0,0.0,0.0
0,0,1.0,colon adenocarcinoma,colon adenocarcinoma,1.0,0.0,0.0,0.0,0.0
0,0,1.0,colon adenocarcinoma,colon adenocarcinoma,1.0,0.0,0.0,0.0,0.0
0,0,1.0,colon adenocarcinoma,colon adenocarcinoma,1.0,0.0,0.0,0.0,0.0
0,0,1.0,colon adenocarcinoma,colon adenocarcinoma,1.0,0.0,0.0,0.0,0.0
0,0,1.0,colon adenocarcinoma,colon adenocarcinoma,1.0,0.0,0.0,0.0,0.0
0,0,1.0,colon adenocarcinoma,colon adenocarcinoma,1.0,0.0,0.0,0.0,0.0
0,0,1.0,colon adenocarcinoma,colon adenocarcinoma,1.0,0.0,0.0,0.0,0.0
0,0,1.0,colon adenocarcinoma,colon adenocarcinoma,1.0,0.0,0.0,0.0,0.0
0,0,1.0,colon adenocarcinoma,colon adenocarcinoma,1.0,0.0,0.0,0.0,0.0
0,0,1.0,colon adenocarcinoma,colon adenocarcinoma,1.0,0.0,0.0,0.0,0.0
0,0,0.999999,colon adenocarcinoma,colon adenocarcinoma,0.999999,1e-06,0.0,0.0,0.0
0,0,1.0,colon adenocarcinoma,colon adenocarcinoma,1.0,0.0,0.0,0.0,0.0
0,0,0.999995,colon adenocarcinoma,colon adenocarcinoma,0.999995,0.0,0.0,0.0,5e-06
0,0,1.0,colon adenocarcinoma,colon adenocarcinoma,1.0,0.0,0.0,0.0,0.0
0,0,1.0,colon adenocarcinoma,colon adenocarcinoma,1.0,0.0,0.0,0.0,0.0
0,0,1.0,colon adenocarcinoma,colon adenocarcinoma,1.0,0.0,0.0,0.0,0.0
0,0,1.0,colon adenocarcinoma,colon adenocarcinoma,1.0,0.0,0.0,0.0,0.0
0,0,1.0,colon adenocarcinoma,colon adenocarcinoma,1.0,0.0,0.0,0.0,0.0
0,0,1.0,colon adenocarcinoma,colon adenocarcinoma,1.0,0.0,0.0,0.0,0.0
0,0,1.0,colon adenocarcinoma,colon adenocarcinoma,1.0,0.0,0.0,0.0,0.0
0,0,1.0,colon adenocarcinoma,colon adenocarcinoma,1.0,0.0,0.0,0.0,0.0
0,0,1.0,colon adenocarcinoma,colon adenocarcinoma,1.0,0.0,0.0,0.0,0.0
0,0,1.0,colon adenocarcinoma,colon adenocarcinoma,1.0,0.0,0.0,0.0,0.0
0,0,1.0,colon adenocarcinoma,colon adenocarcinoma,1.0,0.0,0.0,0.0,0.0
0,0,1.0,colon adenocarcinoma,colon adenocarcinoma,1.0,0.0,0.0,0.0,0.0
0,0,1.0,colon adenocarcinoma,colon adenocarcinoma,1.0,0.0,0.0,0.0,0.0
0,0,1.0,colon adenocarcinoma,colon adenocarcinoma,1.0,0.0,0.0,0.0,0.0
0,0,1.0,colon adenocarcinoma,colon adenocarcinoma,1.0,0.0,0.0,0.0,0.0
0,0,1.0,colon adenocarcinoma,colon adenocarcinoma,1.0,0.0,0.0,0.0,0.0
0,0,1.0,colon adenocarcinoma,colon adenocarcinoma,1.0,0.0,0.0,0.0,0.0
0,0,1.0,colon adenocarcinoma,colon adenocarcinoma,1.0,0.0,0.0,0.0,0.0
0,0,1.0,colon adenocarcinoma,colon adenocarcinoma,1.0,0.0,0.0,0.0,0.0
0,0,1.0,colon adenocarcinoma,colon adenocarcinoma,1.0,0.0,0.0,0.0,0.0
0,0,1.0,colon adenocarcinoma,colon adenocarcinoma,1.0,0.0,0.0,0.0,0.0
0,0,1.0,colon adenocarcinoma,colon adenocarcinoma,1.0,0.0,0.0,0.0,0.0
0,0,1.0,colon adenocarcinoma,colon adenocarcinoma,1.0,0.0,0.0,0.0,0.0
0,0,0.999975,colon adenocarcinoma,colon adenocarcinoma,0.999975,2.2e-05,3e-06,0.0,0.0
0,0,1.0,colon adenocarcinoma,colon adenocarcinoma,1.0,0.0,0.0,0.0,0.0
0,0,1.0,colon adenocarcinoma,colon adenocarcinoma,1.0,0.0,0.0,0.0,0.0
0,0,1.0,colon adenocarcinoma,colon adenocarcinoma,1.0,0.0,0.0,0.0,0.0
0,0,1.0,colon adenocarcinoma,colon adenocarcinoma,1.0,0.0,0.0,0.0,0.0
0,0,1.0,colon adenocarcinoma,colon adenocarcinoma,1.0,0.0,0.0,0.0,0.0
0,0,0.999996,colon adenocarcinoma,colon adenocarcinoma,0.999996,4e-06,0.0,0.0,0.0
0,0,1.0,colon adenocarcinoma,colon adenocarcinoma,1.0,0.0,0.0,0.0,0.0
0,0,1.0,colon adenocarcinoma,colon adenocarcinoma,1.0,0.0,0.0,0.0,0.0
0,0,1.0,colon adenocarcinoma,colon adenocarcinoma,1.0,0.0,0.0,0.0,0.0
0,0,1.0,colon adenocarcinoma,colon adenocarcinoma,1.0,0.0,0.0,0.0,0.0
0,0,1.0,colon adenocarcinoma,colon adenocarcinoma,1.0,0.0,0.0,0.0,0.0
0,0,1.0,colon adenocarcinoma,colon adenocarcinoma,1.0,0.0,0.0,0.0,0.0
0,0,1.0,colon adenocarcinoma,colon adenocarcinoma,1.0,0.0,0.0,0.0,0.0
0,0,1.0,colon adenocarcinoma,colon adenocarcinoma,1.0,0.0,0.0,0.0,0.0
0,0,1.0,colon adenocarcinoma,colon adenocarcinoma,1.0,0.0,0.0,0.0,0.0
0,0,1.0,colon adenocarcinoma,colon adenocarcinoma,1.0,0.0,0.0,0.0,0.0
0,0,1.0,colon adenocarcinoma,colon adenocarcinoma,1.0,0.0,0.0,0.0,0.0
0,0,1.0,colon adenocarcinoma,colon adenocarcinoma,1.0,0.0,0.0,0.0,0.0
0,0,1.0,colon adenocarcinoma,colon adenocarcinoma,1.0,0.0,0.0,0.0,0.0
0,0,1.0,colon adenocarcinoma,colon adenocarcinoma,1.0,0.0,0.0,0.0,0.0
0,0,1.0,colon adenocarcinoma,colon adenocarcinoma,1.0,0.0,0.0,0.0,0.0
0,0,1.0,colon adenocarcinoma,colon adenocarcinoma,1.0,0.0,0.0,0.0,0.0
0,0,1.0,colon adenocarcinoma,colon adenocarcinoma,1.0,0.0,0.0,0.0,0.0
0,0,1.0,colon adenocarcinoma,colon adenocarcinoma,1.0,0.0,0.0,0.0,0.0
0,0,1.0,colon adenocarcinoma,colon adenocarcinoma,1.0,0.0,0.0,0.0,0.0
0,0,1.0,colon adenocarcinoma,colon adenocarcinoma,1.0,0.0,0.0,0.0,0.0
0,0,1.0,colon adenocarcinoma,colon adenocarcinoma,1.0,0.0,0.0,0.0,0.0
0,0,1.0,colon adenocarcinoma,colon adenocarcinoma,1.0,0.0,0.0,0.0,0.0
0,0,1.0,colon adenocarcinoma,colon adenocarcinoma,1.0,0.0,0.0,0.0,0.0
0,0,1.0,colon adenocarcinoma,colon adenocarcinoma,1.0,0.0,0.0,0.0,0.0
0,0,1.0,colon adenocarcinoma,colon adenocarcinoma,1.0,0.0,0.0,0.0,0.0
0,0,1.0,colon adenocarcinoma,colon adenocarcinoma,1.0,0.0,0.0,0.0,0.0
0,0,1.0,colon adenocarcinoma,colon adenocarcinoma,1.0,0.0,0.0,0.0,0.0
0,0,1.0,colon adenocarcinoma,colon adenocarcinoma,1.0,0.0,0.0,0.0,0.0
0,0,1.0,colon adenocarcinoma,colon adenocarcinoma,1.0,0.0,0.0,0.0,0.0
0,0,1.0,colon adenocarcinoma,colon adenocarcinoma,1.0,0.0,0.0,0.0,0.0
0,0,1.0,colon adenocarcinoma,colon adenocarcinoma,1.0,0.0,0.0,0.0,0.0
0,0,1.0,colon adenocarcinoma,colon adenocarcinoma,1.0,0.0,0.0,0.0,0.0
0,0,1.0,colon adenocarcinoma,colon adenocarcinoma,1.0,0.0,0.0,0.0,0.0
0,0,1.0,colon adenocarcinoma,colon adenocarcinoma,1.0,0.0,0.0,0.0,0.0
0,0,1.0,colon adenocarcinoma,colon adenocarcinoma,1.0,0.0,0.0,0.0,0.0
0,0,1.0,colon adenocarcinoma,colon adenocarcinoma,1.0,0.0,0.0,0.0,0.0
0,0,1.0,colon adenocarcinoma,colon adenocarcinoma,1.0,0.0,0.0,0.0,0.0
0,0,1.0,colon adenocarcinoma,colon adenocarcinoma,1.0,0.0,0.0,0.0,0.0
0,0,1.0,colon adenocarcinoma,colon adenocarcinoma,1.0,0.0,0.0,0.0,0.0
0,0,1.0,colon adenocarcinoma,colon adenocarcinoma,1.0,0.0,0.0,0.0,0.0
0,0,1.0,colon adenocarcinoma,colon adenocarcinoma,1.0,0.0,0.0,0.0,0.0
0,0,1.0,colon adenocarcinoma,colon adenocarcinoma,1.0,0.0,0.0,0.0,0.0
0,0,1.0,colon adenocarcinoma,colon adenocarcinoma,1.0,0.0,0.0,0.0,0.0
0,0,1.0,colon adenocarcinoma,colon adenocarcinoma,1.0,0.0,0.0,0.0,0.0
0,0,1.0,colon adenocarcinoma,colon adenocarcinoma,1.0,0.0,0.0,0.0,0.0
0,0,1.0,colon adenocarcinoma,colon adenocarcinoma,1.0,0.0,0.0,0.0,0.0
0,0,1.0,colon adenocarcinoma,colon adenocarcinoma,1.0,0.0,0.0,0.0,0.0
0,0,1.0,colon adenocarcinoma,colon adenocarcinoma,1.0,0.0,0.0,0.0,0.0
0,0,1.0,colon adenocarcinoma,colon adenocarcinoma,1.0,0.0,0.0,0.0,0.0
0,0,1.0,colon adenocarcinoma,colon adenocarcinoma,1.0,0.0,0.0,0.0,0.0
0,0,1.0,colon adenocarcinoma,colon adenocarcinoma,1.0,0.0,0.0,0.0,0.0
0,0,1.0,colon adenocarcinoma,colon adenocarcinoma,1.0,0.0,0.0,0.0,0.0
0,0,1.0,colon adenocarcinoma,colon adenocarcinoma,1.0,0.0,0.0,0.0,0.0
0,0,1.0,colon adenocarcinoma,colon adenocarcinoma,1.0,0.0,0.0,0.0,0.0
0,0,1.0,colon adenocarcinoma,colon adenocarcinoma,1.0,0.0,0.0,0.0,0.0
0,0,1.0,colon adenocarcinoma,colon adenocarcinoma,1.0,0.0,0.0,0.0,0.0
0,0,1.0,colon adenocarcinoma,colon adenocarcinoma,1.0,0.0,0.0,0.0,0.0
0,0,1.0,colon adenocarcinoma,colon adenocarcinoma,1.0,0.0,0.0,0.0,0.0
0,0,0.999992,colon adenocarcinoma,colon adenocarcinoma,0.999992,8e-06,0.0,0.0,0.0
0,0,1.0,colon adenocarcinoma,colon adenocarcinoma,1.0,0.0,0.0,0.0,0.0
0,0,1.0,colon adenocarcinoma,colon adenocarcinoma,1.0,0.0,0.0,0.0,0.0
0,0,1.0,colon adenocarcinoma,colon adenocarcinoma,1.0,0.0,0.0,0.0,0.0
0,0,1.0,colon adenocarcinoma,colon adenocarcinoma,1.0,0.0,0.0,0.0,0.0
0,0,1.0,colon adenocarcinoma,colon adenocarcinoma,1.0,0.0,0.0,0.0,0.0
0,0,1.0,colon adenocarcinoma,colon adenocarcinoma,1.0,0.0,0.0,0.0,0.0
0,0,1.0,colon adenocarcinoma,colon adenocarcinoma,1.0,0.0,0.0,0.0,0.0
0,0,1.0,colon adenocarcinoma,colon adenocarcinoma,1.0,0.0,0.0,0.0,0.0
0,0,1.0,colon adenocarcinoma,colon adenocarcinoma,1.0,0.0,0.0,0.0,0.0
0,0,1.0,colon adenocarcinoma,colon adenocarcinoma,1.0,0.0,0.0,0.0,0.0
0,0,1.0,colon adenocarcinoma,colon adenocarcinoma,1.0,0.0,0.0,0.0,0.0
0,0,1.0,colon adenocarcinoma,colon adenocarcinoma,1.0,0.0,0.0,0.0,0.0
0,0,0.999999,colon adenocarcinoma,colon adenocarcinoma,0.999999,0.0,1e-06,0.0,0.0
0,0,1.0,colon adenocarcinoma,colon adenocarcinoma,1.0,0.0,0.0,0.0,0.0
0,0,1.0,colon adenocarcinoma,colon adenocarcinoma,1.0,0.0,0.0,0.0,0.0
0,0,1.0,colon adenocarcinoma,colon adenocarcinoma,1.0,0.0,0.0,0.0,0.0
0,0,1.0,colon adenocarcinoma,colon adenocarcinoma,1.0,0.0,0.0,0.0,0.0
0,0,1.0,colon adenocarcinoma,colon adenocarcinoma,1.0,0.0,0.0,0.0,0.0
0,0,1.0,colon adenocarcinoma,colon adenocarcinoma,1.0,0.0,0.0,0.0,0.0
0,0,1.0,colon adenocarcinoma,colon adenocarcinoma,1.0,0.0,0.0,0.0,0.0
0,0,1.0,colon adenocarcinoma,colon adenocarcinoma,1.0,0.0,0.0,0.0,0.0
0,0,1.0,colon adenocarcinoma,colon adenocarcinoma,1.0,0.0,0.0,0.0,0.0
0,0,1.0,colon adenocarcinoma,colon adenocarcinoma,1.0,0.0,0.0,0.0,0.0
0,0,1.0,colon adenocarcinoma,colon adenocarcinoma,1.0,0.0,0.0,0.0,0.0
0,0,1.0,colon adenocarcinoma,colon adenocarcinoma,1.0,0.0,0.0,0.0,0.0
0,0,1.0,colon adenocarcinoma,colon adenocarcinoma,1.0,0.0,0.0,0.0,0.0
0,0,1.0,colon adenocarcinoma,colon adenocarcinoma,1.0,0.0,0.0,0.0,0.0
0,0,1.0,colon adenocarcinoma,colon adenocarcinoma,1.0,0.0,0.0,0.0,0.0
0,0,1.0,colon adenocarcinoma,colon adenocarcinoma,1.0,0.0,0.0,0.0,0.0
0,0,1.0,colon adenocarcinoma,colon adenocarcinoma,1.0,0.0,0.0,0.0,0.0
0,0,1.0,colon adenocarcinoma,colon adenocarcinoma,1.0,0.0,0.0,0.0,0.0
0,0,1.0,colon adenocarcinoma,colon adenocarcinoma,1.0,0.0,0.0,0.0,0.0
0,0,1.0,colon adenocarcinoma,colon adenocarcinoma,1.0,0.0,0.0,0.0,0.0
0,0,1.0,colon adenocarcinoma,colon adenocarcinoma,1.0,0.0,0.0,0.0,0.0
0,0,1.0,colon adenocarcinoma,colon adenocarcinoma,1.0,0.0,0.0,0.0,0.0
0,0,1.0,colon adenocarcinoma,colon adenocarcinoma,1.0,0.0,0.0,0.0,0.0
0,0,1.0,colon adenocarcinoma,colon adenocarcinoma,1.0,0.0,0.0,0.0,0.0
0,0,1.0,colon adenocarcinoma,colon adenocarcinoma,1.0,0.0,0.0,0.0,0.0
0,0,1.0,colon adenocarcinoma,colon adenocarcinoma,1.0,0.0,0.0,0.0,0.0
0,0,1.0,colon adenocarcinoma,colon adenocarcinoma,1.0,0.0,0.0,0.0,0.0
0,0,1.0,colon adenocarcinoma,colon adenocarcinoma,1.0,0.0,0.0,0.0,0.0
0,0,1.0,colon adenocarcinoma,colon adenocarcinoma,1.0,0.0,0.0,0.0,0.0
0,0,1.0,colon adenocarcinoma,colon adenocarcinoma,1.0,0.0,0.0,0.0,0.0
0,0,1.0,colon adenocarcinoma,colon adenocarcinoma,1.0,0.0,0.0,0.0,0.0
0,0,1.0,colon adenocarcinoma,colon adenocarcinoma,1.0,0.0,0.0,0.0,0.0
0,0,1.0,colon adenocarcinoma,colon adenocarcinoma,1.0,0.0,0.0,0.0,0.0
0,0,1.0,colon adenocarcinoma,colon adenocarcinoma,1.0,0.0,0.0,0.0,0.0
0,0,1.0,colon adenocarcinoma,colon adenocarcinoma,1.0,0.0,0.0,0.0,0.0
0,0,1.0,colon adenocarcinoma,colon adenocarcinoma,1.0,0.0,0.0,0.0,0.0
0,0,1.0,colon adenocarcinoma,colon adenocarcinoma,1.0,0.0,0.0,0.0,0.0
0,0,1.0,colon adenocarcinoma,colon adenocarcinoma,1.0,0.0,0.0,0.0,0.0
0,0,1.0,colon adenocarcinoma,colon adenocarcinoma,1.0,0.0,0.0,0.0,0.0
0,0,1.0,colon adenocarcinoma,colon adenocarcinoma,1.0,0.0,0.0,0.0,0.0
0,0,1.0,colon adenocarcinoma,colon adenocarcinoma,1.0,0.0,0.0,0.0,0.0
0,0,1.0,colon adenocarcinoma,colon adenocarcinoma,1.0,0.0,0.0,0.0,0.0
0,0,1.0,colon adenocarcinoma,colon adenocarcinoma,1.0,0.0,0.0,0.0,0.0
0,0,1.0,colon adenocarcinoma,colon adenocarcinoma,1.0,0.0,0.0,0.0,0.0
0,0,1.0,colon adenocarcinoma,colon adenocarcinoma,1.0,0.0,0.0,0.0,0.0
0,0,1.0,colon adenocarcinoma,colon adenocarcinoma,1.0,0.0,0.0,0.0,0.0
0,0,1.0,colon adenocarcinoma,colon adenocarcinoma,1.0,0.0,0.0,0.0,0.0
0,0,1.0,colon adenocarcinoma,colon adenocarcinoma,1.0,0.0,0.0,0.0,0.0
0,0,1.0,colon adenocarcinoma,colon adenocarcinoma,1.0,0.0,0.0,0.0,0.0
0,0,1.0,colon adenocarcinoma,colon adenocarcinoma,1.0,0.0,0.0,0.0,0.0
0,0,1.0,colon adenocarcinoma,colon adenocarcinoma,1.0,0.0,0.0,0.0,0.0
0,0,1.0,colon adenocarcinoma,colon adenocarcinoma,1.0,0.0,0.0,0.0,0.0
0,0,1.0,colon adenocarcinoma,colon adenocarcinoma,1.0,0.0,0.0,0.0,0.0
0,0,1.0,colon adenocarcinoma,colon adenocarcinoma,1.0,0.0,0.0,0.0,0.0
0,0,1.0,colon adenocarcinoma,colon adenocarcinoma,1.0,0.0,0.0,0.0,0.0
0,0,1.0,colon adenocarcinoma,colon adenocarcinoma,1.0,0.0,0.0,0.0,0.0
0,0,1.0,colon adenocarcinoma,colon adenocarcinoma,1.0,0.0,0.0,0.0,0.0
0,0,1.0,colon adenocarcinoma,colon adenocarcinoma,1.0,0.0,0.0,0.0,0.0
0,0,1.0,colon adenocarcinoma,colon adenocarcinoma,1.0,0.0,0.0,0.0,0.0
0,0,1.0,colon adenocarcinoma,colon adenocarcinoma,1.0,0.0,0.0,0.0,0.0
0,0,0.999991,colon adenocarcinoma,colon adenocarcinoma,0.999991,9e-06,0.0,0.0,0.0
0,0,1.0,colon adenocarcinoma,colon adenocarcinoma,1.0,0.0,0.0,0.0,0.0
0,0,1.0,colon adenocarcinoma,colon adenocarcinoma,1.0,0.0,0.0,0.0,0.0
0,0,1.0,colon adenocarcinoma,colon adenocarcinoma,1.0,0.0,0.0,0.0,0.0
0,0,1.0,colon adenocarcinoma,colon adenocarcinoma,1.0,0.0,0.0,0.0,0.0
0,0,1.0,colon adenocarcinoma,colon adenocarcinoma,1.0,0.0,0.0,0.0,0.0
0,0,1.0,colon adenocarcinoma,colon adenocarcinoma,1.0,0.0,0.0,0.0,0.0
0,0,1.0,colon adenocarcinoma,colon adenocarcinoma,1.0,0.0,0.0,0.0,0.0
0,0,1.0,colon adenocarcinoma,colon adenocarcinoma,1.0,0.0,0.0,0.0,0.0
0,0,1.0,colon adenocarcinoma,colon adenocarcinoma,1.0,0.0,0.0,0.0,0.0
0,0,1.0,colon adenocarcinoma,colon adenocarcinoma,1.0,0.0,0.0,0.0,0.0
0,0,1.0,colon adenocarcinoma,colon adenocarcinoma,1.0,0.0,0.0,0.0,0.0
0,0,1.0,colon adenocarcinoma,colon adenocarcinoma,1.0,0.0,0.0,0.0,0.0
0,0,1.0,colon adenocarcinoma,colon adenocarcinoma,1.0,0.0,0.0,0.0,0.0
0,0,1.0,colon adenocarcinoma,colon adenocarcinoma,1.0,0.0,0.0,0.0,0.0
0,0,1.0,colon adenocarcinoma,colon adenocarcinoma,1.0,0.0,0.0,0.0,0.0
0,0,1.0,colon adenocarcinoma,colon adenocarcinoma,1.0,0.0,0.0,0.0,0.0
0,0,1.0,colon adenocarcinoma,colon adenocarcinoma,1.0,0.0,0.0,0.0,0.0
0,0,1.0,colon adenocarcinoma,colon adenocarcinoma,1.0,0.0,0.0,0.0,0.0
0,0,1.0,colon adenocarcinoma,colon adenocarcinoma,1.0,0.0,0.0,0.0,0.0
0,0,1.0,colon adenocarcinoma,colon adenocarcinoma,1.0,0.0,0.0,0.0,0.0
0,0,1.0,colon adenocarcinoma,colon adenocarcinoma,1.0,0.0,0.0,0.0,0.0
0,0,1.0,colon adenocarcinoma,colon adenocarcinoma,1.0,0.0,0.0,0.0,0.0
0,0,1.0,colon adenocarcinoma,colon adenocarcinoma,1.0,0.0,0.0,0.0,0.0
0,0,1.0,colon adenocarcinoma,colon adenocarcinoma,1.0,0.0,0.0,0.0,0.0
0,0,1.0,colon adenocarcinoma,colon adenocarcinoma,1.0,0.0,0.0,0.0,0.0
0,0,1.0,colon adenocarcinoma,colon adenocarcinoma,1.0,0.0,0.0,0.0,0.0
0,0,1.0,colon adenocarcinoma,colon adenocarcinoma,1.0,0.0,0.0,0.0,0.0
0,0,1.0,colon adenocarcinoma,colon adenocarcinoma,1.0,0.0,0.0,0.0,0.0
0,0,1.0,colon adenocarcinoma,colon adenocarcinoma,1.0,0.0,0.0,0.0,0.0
0,0,1.0,colon adenocarcinoma,colon adenocarcinoma,1.0,0.0,0.0,0.0,0.0
0,0,1.0,colon adenocarcinoma,colon adenocarcinoma,1.0,0.0,0.0,0.0,0.0
0,0,1.0,colon adenocarcinoma,colon adenocarcinoma,1.0,0.0,0.0,0.0,0.0
0,0,1.0,colon adenocarcinoma,colon adenocarcinoma,1.0,0.0,0.0,0.0,0.0
0,0,1.0,colon adenocarcinoma,colon adenocarcinoma,1.0,0.0,0.0,0.0,0.0
0,0,1.0,colon adenocarcinoma,colon adenocarcinoma,1.0,0.0,0.0,0.0,0.0
0,0,1.0,colon adenocarcinoma,colon adenocarcinoma,1.0,0.0,0.0,0.0,0.0
0,0,1.0,colon adenocarcinoma,colon adenocarcinoma,1.0,0.0,0.0,0.0,0.0
0,0,1.0,colon adenocarcinoma,colon adenocarcinoma,1.0,0.0,0.0,0.0,0.0
0,0,1.0,colon adenocarcinoma,colon adenocarcinoma,1.0,0.0,0.0,0.0,0.0
0,0,1.0,colon adenocarcinoma,colon adenocarcinoma,1.0,0.0,0.0,0.0,0.0
0,0,1.0,colon adenocarcinoma,colon adenocarcinoma,1.0,0.0,0.0,0.0,0.0
0,0,1.0,colon adenocarcinoma,colon adenocarcinoma,1.0,0.0,0.0,0.0,0.0
0,0,1.0,colon adenocarcinoma,colon adenocarcinoma,1.0,0.0,0.0,0.0,0.0
0,0,1.0,colon adenocarcinoma,colon adenocarcinoma,1.0,0.0,0.0,0.0,0.0
0,0,1.0,colon adenocarcinoma,colon adenocarcinoma,1.0,0.0,0.0,0.0,0.0
0,0,1.0,colon adenocarcinoma,colon adenocarcinoma,1.0,0.0,0.0,0.0,0.0
0,0,1.0,colon adenocarcinoma,colon adenocarcinoma,1.0,0.0,0.0,0.0,0.0
0,0,1.0,colon adenocarcinoma,colon adenocarcinoma,1.0,0.0,0.0,0.0,0.0
0,0,1.0,colon adenocarcinoma,colon adenocarcinoma,1.0,0.0,0.0,0.0,0.0
0,0,1.0,colon adenocarcinoma,colon adenocarcinoma,1.0,0.0,0.0,0.0,0.0
0,0,1.0,colon adenocarcinoma,colon adenocarcinoma,1.0,0.0,0.0,0.0,0.0
0,0,1.0,colon adenocarcinoma,colon adenocarcinoma,1.0,0.0,0.0,0.0,0.0
0,0,1.0,colon adenocarcinoma,colon adenocarcinoma,1.0,0.0,0.0,0.0,0.0
0,0,1.0,colon adenocarcinoma,colon adenocarcinoma,1.0,0.0,0.0,0.0,0.0
0,0,1.0,colon adenocarcinoma,colon adenocarcinoma,1.0,0.0,0.0,0.0,0.0
0,0,1.0,colon adenocarcinoma,colon adenocarcinoma,1.0,0.0,0.0,0.0,0.0
0,0,0.999993,colon adenocarcinoma,colon adenocarcinoma,0.999993,6e-06,1e-06,0.0,0.0
0,0,1.0,colon adenocarcinoma,colon adenocarcinoma,1.0,0.0,0.0,0.0,0.0
0,0,1.0,colon adenocarcinoma,colon adenocarcinoma,1.0,0.0,0.0,0.0,0.0
0,0,1.0,colon adenocarcinoma,colon adenocarcinoma,1.0,0.0,0.0,0.0,0.0
0,0,1.0,colon adenocarcinoma,colon adenocarcinoma,1.0,0.0,0.0,0.0,0.0
0,0,1.0,colon adenocarcinoma,colon adenocarcinoma,1.0,0.0,0.0,0.0,0.0
0,0,1.0,colon adenocarcinoma,colon adenocarcinoma,1.0,0.0,0.0,0.0,0.0
0,0,1.0,colon adenocarcinoma,colon adenocarcinoma,1.0,0.0,0.0,0.0,0.0
0,0,1.0,colon adenocarcinoma,colon adenocarcinoma,1.0,0.0,0.0,0.0,0.0
0,0,1.0,colon adenocarcinoma,colon adenocarcinoma,1.0,0.0,0.0,0.0,0.0
0,0,1.0,colon adenocarcinoma,colon adenocarcinoma,1.0,0.0,0.0,0.0,0.0
0,0,1.0,colon adenocarcinoma,colon adenocarcinoma,1.0,0.0,0.0,0.0,0.0
0,0,1.0,colon adenocarcinoma,colon adenocarcinoma,1.0,0.0,0.0,0.0,0.0
0,0,1.0,colon adenocarcinoma,colon adenocarcinoma,1.0,0.0,0.0,0.0,0.0
0,0,1.0,colon adenocarcinoma,colon adenocarcinoma,1.0,0.0,0.0,0.0,0.0
0,0,1.0,colon adenocarcinoma,colon adenocarcinoma,1.0,0.0,0.0,0.0,0.0
0,0,0.999954,colon adenocarcinoma,colon adenocarcinoma,0.999954,4.6e-05,0.0,0.0,0.0
0,0,1.0,colon adenocarcinoma,colon adenocarcinoma,1.0,0.0,0.0,0.0,0.0
0,0,1.0,colon adenocarcinoma,colon adenocarcinoma,1.0,0.0,0.0,0.0,0.0
0,0,1.0,colon adenocarcinoma,colon adenocarcinoma,1.0,0.0,0.0,0.0,0.0
0,0,1.0,colon adenocarcinoma,colon adenocarcinoma,1.0,0.0,0.0,0.0,0.0
0,0,1.0,colon adenocarcinoma,colon adenocarcinoma,1.0,0.0,0.0,0.0,0.0
0,0,1.0,colon adenocarcinoma,colon adenocarcinoma,1.0,0.0,0.0,0.0,0.0
0,0,1.0,colon adenocarcinoma,colon adenocarcinoma,1.0,0.0,0.0,0.0,0.0
0,0,1.0,colon adenocarcinoma,colon adenocarcinoma,1.0,0.0,0.0,0.0,0.0
0,0,1.0,colon adenocarcinoma,colon adenocarcinoma,1.0,0.0,0.0,0.0,0.0
0,0,1.0,colon adenocarcinoma,colon adenocarcinoma,1.0,0.0,0.0,0.0,0.0
0,0,1.0,colon adenocarcinoma,colon adenocarcinoma,1.0,0.0,0.0,0.0,0.0
0,0,1.0,colon adenocarcinoma,colon adenocarcinoma,1.0,0.0,0.0,0.0,0.0
0,0,1.0,colon adenocarcinoma,colon adenocarcinoma,1.0,0.0,0.0,0.0,0.0
0,0,1.0,colon adenocarcinoma,colon adenocarcinoma,1.0,0.0,0.0,0.0,0.0
0,0,1.0,colon adenocarcinoma,colon adenocarcinoma,1.0,0.0,0.0,0.0,0.0
0,0,1.0,colon adenocarcinoma,colon adenocarcinoma,1.0,0.0,0.0,0.0,0.0
0,0,1.0,colon adenocarcinoma,colon adenocarcinoma,1.0,0.0,0.0,0.0,0.0
0,0,1.0,colon adenocarcinoma,colon adenocarcinoma,1.0,0.0,0.0,0.0,0.0
0,0,1.0,colon adenocarcinoma,colon adenocarcinoma,1.0,0.0,0.0,0.0,0.0
0,0,1.0,colon adenocarcinoma,colon adenocarcinoma,1.0,0.0,0.0,0.0,0.0
0,0,1.0,colon adenocarcinoma,colon adenocarcinoma,1.0,0.0,0.0,0.0,0.0
0,0,1.0,colon adenocarcinoma,colon adenocarcinoma,1.0,0.0,0.0,0.0,0.0
0,0,1.0,colon adenocarcinoma,colon adenocarcinoma,1.0,0.0,0.0,0.0,0.0
0,0,1.0,colon adenocarcinoma,colon adenocarcinoma,1.0,0.0,0.0,0.0,0.0
0,0,1.0,colon adenocarcinoma,colon adenocarcinoma,1.0,0.0,0.0,0.0,0.0
0,0,1.0,colon adenocarcinoma,colon adenocarcinoma,1.0,0.0,0.0,0.0,0.0
0,0,1.0,colon adenocarcinoma,colon adenocarcinoma,1.0,0.0,0.0,0.0,0.0
0,0,1.0,colon adenocarcinoma,colon adenocarcinoma,1.0,0.0,0.0,0.0,0.0
0,0,1.0,colon adenocarcinoma,colon adenocarcinoma,1.0,0.0,0.0,0.0,0.0
0,0,1.0,colon adenocarcinoma,colon adenocarcinoma,1.0,0.0,0.0,0.0,0.0
0,0,1.0,colon adenocarcinoma,colon adenocarcinoma,1.0,0.0,0.0,0.0,0.0
0,0,1.0,colon adenocarcinoma,colon adenocarcinoma,1.0,0.0,0.0,0.0,0.0
0,0,1.0,colon adenocarcinoma,colon adenocarcinoma,1.0,0.0,0.0,0.0,0.0
0,0,1.0,colon adenocarcinoma,colon adenocarcinoma,1.0,0.0,0.0,0.0,0.0
0,0,1.0,colon adenocarcinoma,colon adenocarcinoma,1.0,0.0,0.0,0.0,0.0
0,0,1.0,colon adenocarcinoma,colon adenocarcinoma,1.0,0.0,0.0,0.0,0.0
0,0,1.0,colon adenocarcinoma,colon adenocarcinoma,1.0,0.0,0.0,0.0,0.0
0,0,1.0,colon adenocarcinoma,colon adenocarcinoma,1.0,0.0,0.0,0.0,0.0
0,0,1.0,colon adenocarcinoma,colon adenocarcinoma,1.0,0.0,0.0,0.0,0.0
0,0,1.0,colon adenocarcinoma,colon adenocarcinoma,1.0,0.0,0.0,0.0,0.0
0,0,1.0,colon adenocarcinoma,colon adenocarcinoma,1.0,0.0,0.0,0.0,0.0
0,0,1.0,colon adenocarcinoma,colon adenocarcinoma,1.0,0.0,0.0,0.0,0.0
0,0,1.0,colon adenocarcinoma,colon adenocarcinoma,1.0,0.0,0.0,0.0,0.0
0,0,1.0,colon adenocarcinoma,colon adenocarcinoma,1.0,0.0,0.0,0.0,0.0
0,0,1.0,colon adenocarcinoma,colon adenocarcinoma,1.0,0.0,0.0,0.0,0.0
0,0,1.0,colon adenocarcinoma,colon adenocarcinoma,1.0,0.0,0.0,0.0,0.0
0,0,1.0,colon adenocarcinoma,colon adenocarcinoma,1.0,0.0,0.0,0.0,0.0
0,0,1.0,colon adenocarcinoma,colon adenocarcinoma,1.0,0.0,0.0,0.0,0.0
0,0,1.0,colon adenocarcinoma,colon adenocarcinoma,1.0,0.0,0.0,0.0,0.0
0,0,1.0,colon adenocarcinoma,colon adenocarcinoma,1.0,0.0,0.0,0.0,0.0
0,0,1.0,colon adenocarcinoma,colon adenocarcinoma,1.0,0.0,0.0,0.0,0.0
0,0,1.0,colon adenocarcinoma,colon adenocarcinoma,1.0,0.0,0.0,0.0,0.0
0,0,1.0,colon adenocarcinoma,colon adenocarcinoma,1.0,0.0,0.0,0.0,0.0
0,0,1.0,colon adenocarcinoma,colon adenocarcinoma,1.0,0.0,0.0,0.0,0.0
0,0,1.0,colon adenocarcinoma,colon adenocarcinoma,1.0,0.0,0.0,0.0,0.0
0,0,1.0,colon adenocarcinoma,colon adenocarcinoma,1.0,0.0,0.0,0.0,0.0
0,0,1.0,colon adenocarcinoma,colon adenocarcinoma,1.0,0.0,0.0,0.0,0.0
0,0,1.0,colon adenocarcinoma,colon adenocarcinoma,1.0,0.0,0.0,0.0,0.0
0,0,1.0,colon adenocarcinoma,colon adenocarcinoma,1.0,0.0,0.0,0.0,0.0
0,0,1.0,colon adenocarcinoma,colon adenocarcinoma,1.0,0.0,0.0,0.0,0.0
0,0,1.0,colon adenocarcinoma,colon adenocarcinoma,1.0,0.0,0.0,0.0,0.0
0,0,1.0,colon adenocarcinoma,colon adenocarcinoma,1.0,0.0,0.0,0.0,0.0
0,0,1.0,colon adenocarcinoma,colon adenocarcinoma,1.0,0.0,0.0,0.0,0.0
0,0,1.0,colon adenocarcinoma,colon adenocarcinoma,1.0,0.0,0.0,0.0,0.0
0,0,1.0,colon adenocarcinoma,colon adenocarcinoma,1.0,0.0,0.0,0.0,0.0
0,0,1.0,colon adenocarcinoma,colon adenocarcinoma,1.0,0.0,0.0,0.0,0.0
0,0,1.0,colon adenocarcinoma,colon adenocarcinoma,1.0,0.0,0.0,0.0,0.0
0,0,1.0,colon adenocarcinoma,colon adenocarcinoma,1.0,0.0,0.0,0.0,0.0
0,0,1.0,colon adenocarcinoma,colon adenocarcinoma,1.0,0.0,0.0,0.0,0.0
0,0,1.0,colon adenocarcinoma,colon adenocarcinoma,1.0,0.0,0.0,0.0,0.0
0,0,1.0,colon adenocarcinoma,colon adenocarcinoma,1.0,0.0,0.0,0.0,0.0
0,0,1.0,colon adenocarcinoma,colon adenocarcinoma,1.0,0.0,0.0,0.0,0.0
0,0,1.0,colon adenocarcinoma,colon adenocarcinoma,1.0,0.0,0.0,0.0,0.0
0,0,1.0,colon adenocarcinoma,colon adenocarcinoma,1.0,0.0,0.0,0.0,0.0
0,0,1.0,colon adenocarcinoma,colon adenocarcinoma,1.0,0.0,0.0,0.0,0.0
0,0,1.0,colon adenocarcinoma,colon adenocarcinoma,1.0,0.0,0.0,0.0,0.0
0,0,1.0,colon adenocarcinoma,colon adenocarcinoma,1.0,0.0,0.0,0.0,0.0
0,0,1.0,colon adenocarcinoma,colon adenocarcinoma,1.0,0.0,0.0,0.0,0.0
0,0,1.0,colon adenocarcinoma,colon adenocarcinoma,1.0,0.0,0.0,0.0,0.0
0,0,1.0,colon adenocarcinoma,colon adenocarcinoma,1.0,0.0,0.0,0.0,0.0
0,0,1.0,colon adenocarcinoma,colon adenocarcinoma,1.0,0.0,0.0,0.0,0.0
0,0,1.0,colon adenocarcinoma,colon adenocarcinoma,1.0,0.0,0.0,0.0,0.0
0,0,1.0,colon adenocarcinoma,colon adenocarcinoma,1.0,0.0,0.0,0.0,0.0
0,0,1.0,colon adenocarcinoma,colon adenocarcinoma,1.0,0.0,0.0,0.0,0.0
0,0,1.0,colon adenocarcinoma,colon adenocarcinoma,1.0,0.0,0.0,0.0,0.0
0,0,1.0,colon adenocarcinoma,colon adenocarcinoma,1.0,0.0,0.0,0.0,0.0
0,0,1.0,colon adenocarcinoma,colon adenocarcinoma,1.0,0.0,0.0,0.0,0.0
0,0,1.0,colon adenocarcinoma,colon adenocarcinoma,1.0,0.0,0.0,0.0,0.0
0,0,1.0,colon adenocarcinoma,colon adenocarcinoma,1.0,0.0,0.0,0.0,0.0
0,0,1.0,colon adenocarcinoma,colon adenocarcinoma,1.0,0.0,0.0,0.0,0.0
0,0,1.0,colon adenocarcinoma,colon adenocarcinoma,1.0,0.0,0.0,0.0,0.0
0,0,1.0,colon adenocarcinoma,colon adenocarcinoma,1.0,0.0,0.0,0.0,0.0
0,0,1.0,colon adenocarcinoma,colon adenocarcinoma,1.0,0.0,0.0,0.0,0.0
0,0,1.0,colon adenocarcinoma,colon adenocarcinoma,1.0,0.0,0.0,0.0,0.0
0,0,1.0,colon adenocarcinoma,colon adenocarcinoma,1.0,0.0,0.0,0.0,0.0
0,0,1.0,colon adenocarcinoma,colon adenocarcinoma,1.0,0.0,0.0,0.0,0.0
0,0,1.0,colon adenocarcinoma,colon adenocarcinoma,1.0,0.0,0.0,0.0,0.0
0,0,1.0,colon adenocarcinoma,colon adenocarcinoma,1.0,0.0,0.0,0.0,0.0
0,0,1.0,colon adenocarcinoma,colon adenocarcinoma,1.0,0.0,0.0,0.0,0.0
0,0,1.0,colon adenocarcinoma,colon adenocarcinoma,1.0,0.0,0.0,0.0,0.0
0,0,1.0,colon adenocarcinoma,colon adenocarcinoma,1.0,0.0,0.0,0.0,0.0
0,0,1.0,colon adenocarcinoma,colon adenocarcinoma,1.0,0.0,0.0,0.0,0.0
0,0,1.0,colon adenocarcinoma,colon adenocarcinoma,1.0,0.0,0.0,0.0,0.0
0,0,1.0,colon adenocarcinoma,colon adenocarcinoma,1.0,0.0,0.0,0.0,0.0
0,0,1.0,colon adenocarcinoma,colon adenocarcinoma,1.0,0.0,0.0,0.0,0.0
0,0,1.0,colon adenocarcinoma,colon adenocarcinoma,1.0,0.0,0.0,0.0,0.0
0,0,1.0,colon adenocarcinoma,colon adenocarcinoma,1.0,0.0,0.0,0.0,0.0
0,0,1.0,colon adenocarcinoma,colon adenocarcinoma,1.0,0.0,0.0,0.0,0.0
0,0,1.0,colon adenocarcinoma,colon adenocarcinoma,1.0,0.0,0.0,0.0,0.0
0,0,1.0,colon adenocarcinoma,colon adenocarcinoma,1.0,0.0,0.0,0.0,0.0
0,0,1.0,colon adenocarcinoma,colon adenocarcinoma,1.0,0.0,0.0,0.0,0.0
0,0,1.0,colon adenocarcinoma,colon adenocarcinoma,1.0,0.0,0.0,0.0,0.0
0,0,1.0,colon adenocarcinoma,colon adenocarcinoma,1.0,0.0,0.0,0.0,0.0
0,0,1.0,colon adenocarcinoma,colon adenocarcinoma,1.0,0.0,0.0,0.0,0.0
0,0,1.0,colon adenocarcinoma,colon adenocarcinoma,1.0,0.0,0.0,0.0,0.0
0,0,1.0,colon adenocarcinoma,colon adenocarcinoma,1.0,0.0,0.0,0.0,0.0
0,0,1.0,colon adenocarcinoma,colon adenocarcinoma,1.0,0.0,0.0,0.0,0.0
0,0,1.0,colon adenocarcinoma,colon adenocarcinoma,1.0,0.0,0.0,0.0,0.0
0,0,1.0,colon adenocarcinoma,colon adenocarcinoma,1.0,0.0,0.0,0.0,0.0
0,0,1.0,colon adenocarcinoma,colon adenocarcinoma,1.0,0.0,0.0,0.0,0.0
0,0,1.0,colon adenocarcinoma,colon adenocarcinoma,1.0,0.0,0.0,0.0,0.0
0,0,1.0,colon adenocarcinoma,colon adenocarcinoma,1.0,0.0,0.0,0.0,0.0
0,0,1.0,colon adenocarcinoma,colon adenocarcinoma,1.0,0.0,0.0,0.0,0.0
0,0,1.0,colon adenocarcinoma,colon adenocarcinoma,1.0,0.0,0.0,0.0,0.0
0,0,1.0,colon adenocarcinoma,colon adenocarcinoma,1.0,0.0,0.0,0.0,0.0
0,0,1.0,colon adenocarcinoma,colon adenocarcinoma,1.0,0.0,0.0,0.0,0.0
0,0,1.0,colon adenocarcinoma,colon adenocarcinoma,1.0,0.0,0.0,0.0,0.0
0,0,1.0,colon adenocarcinoma,colon adenocarcinoma,1.0,0.0,0.0,0.0,0.0
0,0,1.0,colon adenocarcinoma,colon adenocarcinoma,1.0,0.0,0.0,0.0,0.0
0,0,1.0,colon adenocarcinoma,colon adenocarcinoma,1.0,0.0,0.0,0.0,0.0
0,0,1.0,colon adenocarcinoma,colon adenocarcinoma,1.0,0.0,0.0,0.0,0.0
0,0,1.0,colon adenocarcinoma,colon adenocarcinoma,1.0,0.0,0.0,0.0,0.0
0,0,1.0,colon adenocarcinoma,colon adenocarcinoma,1.0,0.0,0.0,0.0,0.0
0,0,1.0,colon adenocarcinoma,colon adenocarcinoma,1.0,0.0,0.0,0.0,0.0
0,0,1.0,colon adenocarcinoma,colon adenocarcinoma,1.0,0.0,0.0,0.0,0.0
0,0,1.0,colon adenocarcinoma,colon adenocarcinoma,1.0,0.0,0.0,0.0,0.0
0,0,1.0,colon adenocarcinoma,colon adenocarcinoma,1.0,0.0,0.0,0.0,0.0
0,0,1.0,colon adenocarcinoma,colon adenocarcinoma,1.0,0.0,0.0,0.0,0.0
0,0,1.0,colon adenocarcinoma,colon adenocarcinoma,1.0,0.0,0.0,0.0,0.0
0,0,1.0,colon adenocarcinoma,colon adenocarcinoma,1.0,0.0,0.0,0.0,0.0
0,0,1.0,colon adenocarcinoma,colon adenocarcinoma,1.0,0.0,0.0,0.0,0.0
0,0,1.0,colon adenocarcinoma,colon adenocarcinoma,1.0,0.0,0.0,0.0,0.0
0,0,1.0,colon adenocarcinoma,colon adenocarcinoma,1.0,0.0,0.0,0.0,0.0
0,0,1.0,colon adenocarcinoma,colon adenocarcinoma,1.0,0.0,0.0,0.0,0.0
0,0,1.0,colon adenocarcinoma,colon adenocarcinoma,1.0,0.0,0.0,0.0,0.0
0,0,1.0,colon adenocarcinoma,colon adenocarcinoma,1.0,0.0,0.0,0.0,0.0
0,0,1.0,colon adenocarcinoma,colon adenocarcinoma,1.0,0.0,0.0,0.0,0.0
0,0,1.0,colon adenocarcinoma,colon adenocarcinoma,1.0,0.0,0.0,0.0,0.0
0,0,1.0,colon adenocarcinoma,colon adenocarcinoma,1.0,0.0,0.0,0.0,0.0
0,0,1.0,colon adenocarcinoma,colon adenocarcinoma,1.0,0.0,0.0,0.0,0.0
0,0,1.0,colon adenocarcinoma,colon adenocarcinoma,1.0,0.0,0.0,0.0,0.0
0,0,1.0,colon adenocarcinoma,colon adenocarcinoma,1.0,0.0,0.0,0.0,0.0
0,0,1.0,colon adenocarcinoma,colon adenocarcinoma,1.0,0.0,0.0,0.0,0.0
0,0,1.0,colon adenocarcinoma,colon adenocarcinoma,1.0,0.0,0.0,0.0,0.0
0,0,1.0,colon adenocarcinoma,colon adenocarcinoma,1.0,0.0,0.0,0.0,0.0
0,0,1.0,colon adenocarcinoma,colon adenocarcinoma,1.0,0.0,0.0,0.0,0.0
0,0,1.0,colon adenocarcinoma,colon adenocarcinoma,1.0,0.0,0.0,0.0,0.0
0,0,1.0,colon adenocarcinoma,colon adenocarcinoma,1.0,0.0,0.0,0.0,0.0
0,0,1.0,colon adenocarcinoma,colon adenocarcinoma,1.0,0.0,0.0,0.0,0.0
0,0,1.0,colon adenocarcinoma,colon adenocarcinoma,1.0,0.0,0.0,0.0,0.0
0,0,1.0,colon adenocarcinoma,colon adenocarcinoma,1.0,0.0,0.0,0.0,0.0
0,0,1.0,colon adenocarcinoma,colon adenocarcinoma,1.0,0.0,0.0,0.0,0.0
0,0,1.0,colon adenocarcinoma,colon adenocarcinoma,1.0,0.0,0.0,0.0,0.0
0,0,1.0,colon adenocarcinoma,colon adenocarcinoma,1.0,0.0,0.0,0.0,0.0
0,0,1.0,colon adenocarcinoma,colon adenocarcinoma,1.0,0.0,0.0,0.0,0.0
0,0,1.0,colon adenocarcinoma,colon adenocarcinoma,1.0,0.0,0.0,0.0,0.0
0,0,1.0,colon adenocarcinoma,colon adenocarcinoma,1.0,0.0,0.0,0.0,0.0
0,0,1.0,colon adenocarcinoma,colon adenocarcinoma,1.0,0.0,0.0,0.0,0.0
0,0,1.0,colon adenocarcinoma,colon adenocarcinoma,1.0,0.0,0.0,0.0,0.0
0,0,1.0,colon adenocarcinoma,colon adenocarcinoma,1.0,0.0,0.0,0.0,0.0
0,0,1.0,colon adenocarcinoma,colon adenocarcinoma,1.0,0.0,0.0,0.0,0.0
0,0,1.0,colon adenocarcinoma,colon adenocarcinoma,1.0,0.0,0.0,0.0,0.0
0,0,1.0,colon adenocarcinoma,colon adenocarcinoma,1.0,0.0,0.0,0.0,0.0
0,0,1.0,colon adenocarcinoma,colon adenocarcinoma,1.0,0.0,0.0,0.0,0.0
0,0,1.0,colon adenocarcinoma,colon adenocarcinoma,1.0,0.0,0.0,0.0,0.0
0,0,0.999992,colon adenocarcinoma,colon adenocarcinoma,0.999992,8e-06,0.0,0.0,0.0
0,0,1.0,colon adenocarcinoma,colon adenocarcinoma,1.0,0.0,0.0,0.0,0.0
0,0,1.0,colon adenocarcinoma,colon adenocarcinoma,1.0,0.0,0.0,0.0,0.0
0,0,1.0,colon adenocarcinoma,colon adenocarcinoma,1.0,0.0,0.0,0.0,0.0
0,0,1.0,colon adenocarcinoma,colon adenocarcinoma,1.0,0.0,0.0,0.0,0.0
0,0,1.0,colon adenocarcinoma,colon adenocarcinoma,1.0,0.0,0.0,0.0,0.0
0,0,1.0,colon adenocarcinoma,colon adenocarcinoma,1.0,0.0,0.0,0.0,0.0
0,0,1.0,colon adenocarcinoma,colon adenocarcinoma,1.0,0.0,0.0,0.0,0.0
0,0,1.0,colon adenocarcinoma,colon adenocarcinoma,1.0,0.0,0.0,0.0,0.0
0,0,1.0,colon adenocarcinoma,colon adenocarcinoma,1.0,0.0,0.0,0.0,0.0
0,0,1.0,colon adenocarcinoma,colon adenocarcinoma,1.0,0.0,0.0,0.0,0.0
0,0,1.0,colon adenocarcinoma,colon adenocarcinoma,1.0,0.0,0.0,0.0,0.0
0,0,1.0,colon adenocarcinoma,colon adenocarcinoma,1.0,0.0,0.0,0.0,0.0
0,0,1.0,colon adenocarcinoma,colon adenocarcinoma,1.0,0.0,0.0,0.0,0.0
0,0,1.0,colon adenocarcinoma,colon adenocarcinoma,1.0,0.0,0.0,0.0,0.0
0,0,1.0,colon adenocarcinoma,colon adenocarcinoma,1.0,0.0,0.0,0.0,0.0
0,0,1.0,colon adenocarcinoma,colon adenocarcinoma,1.0,0.0,0.0,0.0,0.0
0,0,1.0,colon adenocarcinoma,colon adenocarcinoma,1.0,0.0,0.0,0.0,0.0
0,0,1.0,colon adenocarcinoma,colon adenocarcinoma,1.0,0.0,0.0,0.0,0.0
0,0,1.0,colon adenocarcinoma,colon adenocarcinoma,1.0,0.0,0.0,0.0,0.0
0,0,1.0,colon adenocarcinoma,colon adenocarcinoma,1.0,0.0,0.0,0.0,0.0
0,0,1.0,colon adenocarcinoma,colon adenocarcinoma,1.0,0.0,0.0,0.0,0.0
0,0,0.999998,colon adenocarcinoma,colon adenocarcinoma,0.999998,2e-06,0.0,0.0,0.0
0,0,1.0,colon adenocarcinoma,colon adenocarcinoma,1.0,0.0,0.0,0.0,0.0
0,0,1.0,colon adenocarcinoma,colon adenocarcinoma,1.0,0.0,0.0,0.0,0.0
0,0,1.0,colon adenocarcinoma,colon adenocarcinoma,1.0,0.0,0.0,0.0,0.0
0,0,1.0,colon adenocarcinoma,colon adenocarcinoma,1.0,0.0,0.0,0.0,0.0
0,0,1.0,colon adenocarcinoma,colon adenocarcinoma,1.0,0.0,0.0,0.0,0.0
0,0,1.0,colon adenocarcinoma,colon adenocarcinoma,1.0,0.0,0.0,0.0,0.0
0,0,1.0,colon adenocarcinoma,colon adenocarcinoma,1.0,0.0,0.0,0.0,0.0
0,0,1.0,colon adenocarcinoma,colon adenocarcinoma,1.0,0.0,0.0,0.0,0.0
0,0,1.0,colon adenocarcinoma,colon adenocarcinoma,1.0,0.0,0.0,0.0,0.0
0,0,1.0,colon adenocarcinoma,colon adenocarcinoma,1.0,0.0,0.0,0.0,0.0
0,0,1.0,colon adenocarcinoma,colon adenocarcinoma,1.0,0.0,0.0,0.0,0.0
0,0,1.0,colon adenocarcinoma,colon adenocarcinoma,1.0,0.0,0.0,0.0,0.0
0,0,1.0,colon adenocarcinoma,colon adenocarcinoma,1.0,0.0,0.0,0.0,0.0
0,0,1.0,colon adenocarcinoma,colon adenocarcinoma,1.0,0.0,0.0,0.0,0.0
0,0,1.0,colon adenocarcinoma,colon adenocarcinoma,1.0,0.0,0.0,0.0,0.0
0,0,1.0,colon adenocarcinoma,colon adenocarcinoma,1.0,0.0,0.0,0.0,0.0
0,0,1.0,colon adenocarcinoma,colon adenocarcinoma,1.0,0.0,0.0,0.0,0.0
0,0,1.0,colon adenocarcinoma,colon adenocarcinoma,1.0,0.0,0.0,0.0,0.0
0,0,1.0,colon adenocarcinoma,colon adenocarcinoma,1.0,0.0,0.0,0.0,0.0
0,0,1.0,colon adenocarcinoma,colon adenocarcinoma,1.0,0.0,0.0,0.0,0.0
0,0,1.0,colon adenocarcinoma,colon adenocarcinoma,1.0,0.0,0.0,0.0,0.0
0,0,1.0,colon adenocarcinoma,colon adenocarcinoma,1.0,0.0,0.0,0.0,0.0
0,0,1.0,colon adenocarcinoma,colon adenocarcinoma,1.0,0.0,0.0,0.0,0.0
0,0,1.0,colon adenocarcinoma,colon adenocarcinoma,1.0,0.0,0.0,0.0,0.0
0,0,1.0,colon adenocarcinoma,colon adenocarcinoma,1.0,0.0,0.0,0.0,0.0
0,0,1.0,colon adenocarcinoma,colon adenocarcinoma,1.0,0.0,0.0,0.0,0.0
0,0,1.0,colon adenocarcinoma,colon adenocarcinoma,1.0,0.0,0.0,0.0,0.0
0,0,1.0,colon adenocarcinoma,colon adenocarcinoma,1.0,0.0,0.0,0.0,0.0
0,0,1.0,colon adenocarcinoma,colon adenocarcinoma,1.0,0.0,0.0,0.0,0.0
0,0,1.0,colon adenocarcinoma,colon adenocarcinoma,1.0,0.0,0.0,0.0,0.0
0,0,1.0,colon adenocarcinoma,colon adenocarcinoma,1.0,0.0,0.0,0.0,0.0
0,0,1.0,colon adenocarcinoma,colon adenocarcinoma,1.0,0.0,0.0,0.0,0.0
0,0,1.0,colon adenocarcinoma,colon adenocarcinoma,1.0,0.0,0.0,0.0,0.0
0,0,1.0,colon adenocarcinoma,colon adenocarcinoma,1.0,0.0,0.0,0.0,0.0
0,0,1.0,colon adenocarcinoma,colon adenocarcinoma,1.0,0.0,0.0,0.0,0.0
0,0,0.999998,colon adenocarcinoma,colon adenocarcinoma,0.999998,2e-06,0.0,0.0,0.0
0,0,1.0,colon adenocarcinoma,colon adenocarcinoma,1.0,0.0,0.0,0.0,0.0
0,0,1.0,colon adenocarcinoma,colon adenocarcinoma,1.0,0.0,0.0,0.0,0.0
0,0,1.0,colon adenocarcinoma,colon adenocarcinoma,1.0,0.0,0.0,0.0,0.0
0,0,1.0,colon adenocarcinoma,colon adenocarcinoma,1.0,0.0,0.0,0.0,0.0
0,0,1.0,colon adenocarcinoma,colon adenocarcinoma,1.0,0.0,0.0,0.0,0.0
0,0,1.0,colon adenocarcinoma,colon adenocarcinoma,1.0,0.0,0.0,0.0,0.0
0,0,1.0,colon adenocarcinoma,colon adenocarcinoma,1.0,0.0,0.0,0.0,0.0
0,0,1.0,colon adenocarcinoma,colon adenocarcinoma,1.0,0.0,0.0,0.0,0.0
0,0,1.0,colon adenocarcinoma,colon adenocarcinoma,1.0,0.0,0.0,0.0,0.0
0,0,1.0,colon adenocarcinoma,colon adenocarcinoma,1.0,0.0,0.0,0.0,0.0
0,0,1.0,colon adenocarcinoma,colon adenocarcinoma,1.0,0.0,0.0,0.0,0.0
0,0,1.0,colon adenocarcinoma,colon adenocarcinoma,1.0,0.0,0.0,0.0,0.0
0,0,1.0,colon adenocarcinoma,colon adenocarcinoma,1.0,0.0,0.0,0.0,0.0
0,0,1.0,colon adenocarcinoma,colon adenocarcinoma,1.0,0.0,0.0,0.0,0.0
0,0,1.0,colon adenocarcinoma,colon adenocarcinoma,1.0,0.0,0.0,0.0,0.0
0,0,1.0,colon adenocarcinoma,colon adenocarcinoma,1.0,0.0,0.0,0.0,0.0
0,0,1.0,colon adenocarcinoma,colon adenocarcinoma,1.0,0.0,0.0,0.0,0.0
0,0,1.0,colon adenocarcinoma,colon adenocarcinoma,1.0,0.0,0.0,0.0,0.0
0,0,1.0,colon adenocarcinoma,colon adenocarcinoma,1.0,0.0,0.0,0.0,0.0
0,0,1.0,colon adenocarcinoma,colon adenocarcinoma,1.0,0.0,0.0,0.0,0.0
0,0,1.0,colon adenocarcinoma,colon adenocarcinoma,1.0,0.0,0.0,0.0,0.0
0,0,1.0,colon adenocarcinoma,colon adenocarcinoma,1.0,0.0,0.0,0.0,0.0
0,0,1.0,colon adenocarcinoma,colon adenocarcinoma,1.0,0.0,0.0,0.0,0.0
0,0,1.0,colon adenocarcinoma,colon adenocarcinoma,1.0,0.0,0.0,0.0,0.0
0,0,1.0,colon adenocarcinoma,colon adenocarcinoma,1.0,0.0,0.0,0.0,0.0
0,0,1.0,colon adenocarcinoma,colon adenocarcinoma,1.0,0.0,0.0,0.0,0.0
0,0,1.0,colon adenocarcinoma,colon adenocarcinoma,1.0,0.0,0.0,0.0,0.0
0,0,1.0,colon adenocarcinoma,colon adenocarcinoma,1.0,0.0,0.0,0.0,0.0
0,0,1.0,colon adenocarcinoma,colon adenocarcinoma,1.0,0.0,0.0,0.0,0.0
0,0,1.0,colon adenocarcinoma,colon adenocarcinoma,1.0,0.0,0.0,0.0,0.0
0,0,1.0,colon adenocarcinoma,colon adenocarcinoma,1.0,0.0,0.0,0.0,0.0
0,0,1.0,colon adenocarcinoma,colon adenocarcinoma,1.0,0.0,0.0,0.0,0.0
0,0,1.0,colon adenocarcinoma,colon adenocarcinoma,1.0,0.0,0.0,0.0,0.0
0,0,1.0,colon adenocarcinoma,colon adenocarcinoma,1.0,0.0,0.0,0.0,0.0
0,0,1.0,colon adenocarcinoma,colon adenocarcinoma,1.0,0.0,0.0,0.0,0.0
0,0,1.0,colon adenocarcinoma,colon adenocarcinoma,1.0,0.0,0.0,0.0,0.0
0,0,1.0,colon adenocarcinoma,colon adenocarcinoma,1.0,0.0,0.0,0.0,0.0
0,0,1.0,colon adenocarcinoma,colon adenocarcinoma,1.0,0.0,0.0,0.0,0.0
0,0,1.0,colon adenocarcinoma,colon adenocarcinoma,1.0,0.0,0.0,0.0,0.0
0,0,1.0,colon adenocarcinoma,colon adenocarcinoma,1.0,0.0,0.0,0.0,0.0
0,0,0.999999,colon adenocarcinoma,colon adenocarcinoma,0.999999,1e-06,0.0,0.0,0.0
0,0,1.0,colon adenocarcinoma,colon adenocarcinoma,1.0,0.0,0.0,0.0,0.0
0,0,1.0,colon adenocarcinoma,colon adenocarcinoma,1.0,0.0,0.0,0.0,0.0
0,0,1.0,colon adenocarcinoma,colon adenocarcinoma,1.0,0.0,0.0,0.0,0.0
0,0,1.0,colon adenocarcinoma,colon adenocarcinoma,1.0,0.0,0.0,0.0,0.0
0,0,1.0,colon adenocarcinoma,colon adenocarcinoma,1.0,0.0,0.0,0.0,0.0
0,0,1.0,colon adenocarcinoma,colon adenocarcinoma,1.0,0.0,0.0,0.0,0.0
0,0,1.0,colon adenocarcinoma,colon adenocarcinoma,1.0,0.0,0.0,0.0,0.0
0,0,1.0,colon adenocarcinoma,colon adenocarcinoma,1.0,0.0,0.0,0.0,0.0
0,0,1.0,colon adenocarcinoma,colon adenocarcinoma,1.0,0.0,0.0,0.0,0.0
0,0,1.0,colon adenocarcinoma,colon adenocarcinoma,1.0,0.0,0.0,0.0,0.0
0,0,1.0,colon adenocarcinoma,colon adenocarcinoma,1.0,0.0,0.0,0.0,0.0
0,0,1.0,colon adenocarcinoma,colon adenocarcinoma,1.0,0.0,0.0,0.0,0.0
0,0,1.0,colon adenocarcinoma,colon adenocarcinoma,1.0,0.0,0.0,0.0,0.0
0,0,1.0,colon adenocarcinoma,colon adenocarcinoma,1.0,0.0,0.0,0.0,0.0
0,0,1.0,colon adenocarcinoma,colon adenocarcinoma,1.0,0.0,0.0,0.0,0.0
0,0,1.0,colon adenocarcinoma,colon adenocarcinoma,1.0,0.0,0.0,0.0,0.0
0,0,1.0,colon adenocarcinoma,colon adenocarcinoma,1.0,0.0,0.0,0.0,0.0
0,0,1.0,colon adenocarcinoma,colon adenocarcinoma,1.0,0.0,0.0,0.0,0.0
0,0,1.0,colon adenocarcinoma,colon adenocarcinoma,1.0,0.0,0.0,0.0,0.0
0,0,1.0,colon adenocarcinoma,colon adenocarcinoma,1.0,0.0,0.0,0.0,0.0
0,0,1.0,colon adenocarcinoma,colon adenocarcinoma,1.0,0.0,0.0,0.0,0.0
0,0,1.0,colon adenocarcinoma,colon adenocarcinoma,1.0,0.0,0.0,0.0,0.0
0,0,1.0,colon adenocarcinoma,colon adenocarcinoma,1.0,0.0,0.0,0.0,0.0
0,0,1.0,colon adenocarcinoma,colon adenocarcinoma,1.0,0.0,0.0,0.0,0.0
0,0,1.0,colon adenocarcinoma,colon adenocarcinoma,1.0,0.0,0.0,0.0,0.0
0,0,1.0,colon adenocarcinoma,colon adenocarcinoma,1.0,0.0,0.0,0.0,0.0
0,0,1.0,colon adenocarcinoma,colon adenocarcinoma,1.0,0.0,0.0,0.0,0.0
0,0,1.0,colon adenocarcinoma,colon adenocarcinoma,1.0,0.0,0.0,0.0,0.0
0,0,1.0,colon adenocarcinoma,colon adenocarcinoma,1.0,0.0,0.0,0.0,0.0
0,0,1.0,colon adenocarcinoma,colon adenocarcinoma,1.0,0.0,0.0,0.0,0.0
0,0,1.0,colon adenocarcinoma,colon adenocarcinoma,1.0,0.0,0.0,0.0,0.0
0,0,1.0,colon adenocarcinoma,colon adenocarcinoma,1.0,0.0,0.0,0.0,0.0
0,0,1.0,colon adenocarcinoma,colon adenocarcinoma,1.0,0.0,0.0,0.0,0.0
0,0,1.0,colon adenocarcinoma,colon adenocarcinoma,1.0,0.0,0.0,0.0,0.0
0,0,1.0,colon adenocarcinoma,colon adenocarcinoma,1.0,0.0,0.0,0.0,0.0
0,0,1.0,colon adenocarcinoma,colon adenocarcinoma,1.0,0.0,0.0,0.0,0.0
0,0,1.0,colon adenocarcinoma,colon adenocarcinoma,1.0,0.0,0.0,0.0,0.0
0,0,1.0,colon adenocarcinoma,colon adenocarcinoma,1.0,0.0,0.0,0.0,0.0
0,0,1.0,colon adenocarcinoma,colon adenocarcinoma,1.0,0.0,0.0,0.0,0.0
0,0,1.0,colon adenocarcinoma,colon adenocarcinoma,1.0,0.0,0.0,0.0,0.0
0,0,1.0,colon adenocarcinoma,colon adenocarcinoma,1.0,0.0,0.0,0.0,0.0
0,0,1.0,colon adenocarcinoma,colon adenocarcinoma,1.0,0.0,0.0,0.0,0.0
0,0,1.0,colon adenocarcinoma,colon adenocarcinoma,1.0,0.0,0.0,0.0,0.0
0,0,1.0,colon adenocarcinoma,colon adenocarcinoma,1.0,0.0,0.0,0.0,0.0
0,0,1.0,colon adenocarcinoma,colon adenocarcinoma,1.0,0.0,0.0,0.0,0.0
0,0,1.0,colon adenocarcinoma,colon adenocarcinoma,1.0,0.0,0.0,0.0,0.0
0,0,1.0,colon adenocarcinoma,colon adenocarcinoma,1.0,0.0,0.0,0.0,0.0
0,0,1.0,colon adenocarcinoma,colon adenocarcinoma,1.0,0.0,0.0,0.0,0.0
0,0,1.0,colon adenocarcinoma,colon adenocarcinoma,1.0,0.0,0.0,0.0,0.0
0,0,1.0,colon adenocarcinoma,colon adenocarcinoma,1.0,0.0,0.0,0.0,0.0
0,0,1.0,colon adenocarcinoma,colon adenocarcinoma,1.0,0.0,0.0,0.0,0.0
0,0,1.0,colon adenocarcinoma,colon adenocarcinoma,1.0,0.0,0.0,0.0,0.0
0,0,1.0,colon adenocarcinoma,colon adenocarcinoma,1.0,0.0,0.0,0.0,0.0
0,0,1.0,colon adenocarcinoma,colon adenocarcinoma,1.0,0.0,0.0,0.0,0.0
0,0,1.0,colon adenocarcinoma,colon adenocarcinoma,1.0,0.0,0.0,0.0,0.0
0,0,1.0,colon adenocarcinoma,colon adenocarcinoma,1.0,0.0,0.0,0.0,0.0
0,0,1.0,colon adenocarcinoma,colon adenocarcinoma,1.0,0.0,0.0,0.0,0.0
0,0,1.0,colon adenocarcinoma,colon adenocarcinoma,1.0,0.0,0.0,0.0,0.0
0,0,1.0,colon adenocarcinoma,colon adenocarcinoma,1.0,0.0,0.0,0.0,0.0
0,0,1.0,colon adenocarcinoma,colon adenocarcinoma,1.0,0.0,0.0,0.0,0.0
0,0,1.0,colon adenocarcinoma,colon adenocarcinoma,1.0,0.0,0.0,0.0,0.0
0,0,1.0,colon adenocarcinoma,colon adenocarcinoma,1.0,0.0,0.0,0.0,0.0
0,0,1.0,colon adenocarcinoma,colon adenocarcinoma,1.0,0.0,0.0,0.0,0.0
0,0,1.0,colon adenocarcinoma,colon adenocarcinoma,1.0,0.0,0.0,0.0,0.0
0,0,1.0,colon adenocarcinoma,colon adenocarcinoma,1.0,0.0,0.0,0.0,0.0
0,0,1.0,colon adenocarcinoma,colon adenocarcinoma,1.0,0.0,0.0,0.0,0.0
0,0,1.0,colon adenocarcinoma,colon adenocarcinoma,1.0,0.0,0.0,0.0,0.0
0,0,1.0,colon adenocarcinoma,colon adenocarcinoma,1.0,0.0,0.0,0.0,0.0
0,0,1.0,colon adenocarcinoma,colon adenocarcinoma,1.0,0.0,0.0,0.0,0.0
0,0,1.0,colon adenocarcinoma,colon adenocarcinoma,1.0,0.0,0.0,0.0,0.0
0,0,1.0,colon adenocarcinoma,colon adenocarcinoma,1.0,0.0,0.0,0.0,0.0
0,0,1.0,colon adenocarcinoma,colon adenocarcinoma,1.0,0.0,0.0,0.0,0.0
0,0,1.0,colon adenocarcinoma,colon adenocarcinoma,1.0,0.0,0.0,0.0,0.0
0,0,1.0,colon adenocarcinoma,colon adenocarcinoma,1.0,0.0,0.0,0.0,0.0
0,0,1.0,colon adenocarcinoma,colon adenocarcinoma,1.0,0.0,0.0,0.0,0.0
0,0,1.0,colon adenocarcinoma,colon adenocarcinoma,1.0,0.0,0.0,0.0,0.0
0,0,1.0,colon adenocarcinoma,colon adenocarcinoma,1.0,0.0,0.0,0.0,0.0
0,0,1.0,colon adenocarcinoma,colon adenocarcinoma,1.0,0.0,0.0,0.0,0.0
0,0,0.999988,colon adenocarcinoma,colon adenocarcinoma,0.999988,1.2e-05,0.0,0.0,0.0
0,0,1.0,colon adenocarcinoma,colon adenocarcinoma,1.0,0.0,0.0,0.0,0.0
0,0,1.0,colon adenocarcinoma,colon adenocarcinoma,1.0,0.0,0.0,0.0,0.0
0,0,1.0,colon adenocarcinoma,colon adenocarcinoma,1.0,0.0,0.0,0.0,0.0
0,0,1.0,colon adenocarcinoma,colon adenocarcinoma,1.0,0.0,0.0,0.0,0.0
0,0,1.0,colon adenocarcinoma,colon adenocarcinoma,1.0,0.0,0.0,0.0,0.0
0,0,1.0,colon adenocarcinoma,colon adenocarcinoma,1.0,0.0,0.0,0.0,0.0
0,0,1.0,colon adenocarcinoma,colon adenocarcinoma,1.0,0.0,0.0,0.0,0.0
0,0,1.0,colon adenocarcinoma,colon adenocarcinoma,1.0,0.0,0.0,0.0,0.0
0,0,0.999999,colon adenocarcinoma,colon adenocarcinoma,0.999999,1e-06,0.0,0.0,0.0
0,0,1.0,colon adenocarcinoma,colon adenocarcinoma,1.0,0.0,0.0,0.0,0.0
0,0,1.0,colon adenocarcinoma,colon adenocarcinoma,1.0,0.0,0.0,0.0,0.0
0,0,1.0,colon adenocarcinoma,colon adenocarcinoma,1.0,0.0,0.0,0.0,0.0
0,0,1.0,colon adenocarcinoma,colon adenocarcinoma,1.0,0.0,0.0,0.0,0.0
0,0,1.0,colon adenocarcinoma,colon adenocarcinoma,1.0,0.0,0.0,0.0,0.0
0,0,1.0,colon adenocarcinoma,colon adenocarcinoma,1.0,0.0,0.0,0.0,0.0
0,0,1.0,colon adenocarcinoma,colon adenocarcinoma,1.0,0.0,0.0,0.0,0.0
0,0,1.0,colon adenocarcinoma,colon adenocarcinoma,1.0,0.0,0.0,0.0,0.0
0,0,1.0,colon adenocarcinoma,colon adenocarcinoma,1.0,0.0,0.0,0.0,0.0
0,0,1.0,colon adenocarcinoma,colon adenocarcinoma,1.0,0.0,0.0,0.0,0.0
0,0,1.0,colon adenocarcinoma,colon adenocarcinoma,1.0,0.0,0.0,0.0,0.0
0,0,1.0,colon adenocarcinoma,colon adenocarcinoma,1.0,0.0,0.0,0.0,0.0
0,0,1.0,colon adenocarcinoma,colon adenocarcinoma,1.0,0.0,0.0,0.0,0.0
0,0,1.0,colon adenocarcinoma,colon adenocarcinoma,1.0,0.0,0.0,0.0,0.0
0,0,1.0,colon adenocarcinoma,colon adenocarcinoma,1.0,0.0,0.0,0.0,0.0
0,0,1.0,colon adenocarcinoma,colon adenocarcinoma,1.0,0.0,0.0,0.0,0.0
0,0,1.0,colon adenocarcinoma,colon adenocarcinoma,1.0,0.0,0.0,0.0,0.0
0,0,1.0,colon adenocarcinoma,colon adenocarcinoma,1.0,0.0,0.0,0.0,0.0
0,0,1.0,colon adenocarcinoma,colon adenocarcinoma,1.0,0.0,0.0,0.0,0.0
0,0,1.0,colon adenocarcinoma,colon adenocarcinoma,1.0,0.0,0.0,0.0,0.0
0,0,1.0,colon adenocarcinoma,colon adenocarcinoma,1.0,0.0,0.0,0.0,0.0
0,0,1.0,colon adenocarcinoma,colon adenocarcinoma,1.0,0.0,0.0,0.0,0.0
0,0,1.0,colon adenocarcinoma,colon adenocarcinoma,1.0,0.0,0.0,0.0,0.0
0,0,1.0,colon adenocarcinoma,colon adenocarcinoma,1.0,0.0,0.0,0.0,0.0
0,0,1.0,colon adenocarcinoma,colon adenocarcinoma,1.0,0.0,0.0,0.0,0.0
0,0,1.0,colon adenocarcinoma,colon adenocarcinoma,1.0,0.0,0.0,0.0,0.0
0,0,1.0,colon adenocarcinoma,colon adenocarcinoma,1.0,0.0,0.0,0.0,0.0
0,0,1.0,colon adenocarcinoma,colon adenocarcinoma,1.0,0.0,0.0,0.0,0.0
0,0,1.0,colon adenocarcinoma,colon adenocarcinoma,1.0,0.0,0.0,0.0,0.0
0,0,1.0,colon adenocarcinoma,colon adenocarcinoma,1.0,0.0,0.0,0.0,0.0
0,0,1.0,colon adenocarcinoma,colon adenocarcinoma,1.0,0.0,0.0,0.0,0.0
0,0,1.0,colon adenocarcinoma,colon adenocarcinoma,1.0,0.0,0.0,0.0,0.0
0,0,1.0,colon adenocarcinoma,colon adenocarcinoma,1.0,0.0,0.0,0.0,0.0
0,0,1.0,colon adenocarcinoma,colon adenocarcinoma,1.0,0.0,0.0,0.0,0.0
0,0,1.0,colon adenocarcinoma,colon adenocarcinoma,1.0,0.0,0.0,0.0,0.0
0,0,1.0,colon adenocarcinoma,colon adenocarcinoma,1.0,0.0,0.0,0.0,0.0
0,0,1.0,colon adenocarcinoma,colon adenocarcinoma,1.0,0.0,0.0,0.0,0.0
0,0,1.0,colon adenocarcinoma,colon adenocarcinoma,1.0,0.0,0.0,0.0,0.0
0,0,1.0,colon adenocarcinoma,colon adenocarcinoma,1.0,0.0,0.0,0.0,0.0
0,0,1.0,colon adenocarcinoma,colon adenocarcinoma,1.0,0.0,0.0,0.0,0.0
0,0,1.0,colon adenocarcinoma,colon adenocarcinoma,1.0,0.0,0.0,0.0,0.0
0,0,1.0,colon adenocarcinoma,colon adenocarcinoma,1.0,0.0,0.0,0.0,0.0
0,0,1.0,colon adenocarcinoma,colon adenocarcinoma,1.0,0.0,0.0,0.0,0.0
0,0,1.0,colon adenocarcinoma,colon adenocarcinoma,1.0,0.0,0.0,0.0,0.0
0,0,1.0,colon adenocarcinoma,colon adenocarcinoma,1.0,0.0,0.0,0.0,0.0
0,0,1.0,colon adenocarcinoma,colon adenocarcinoma,1.0,0.0,0.0,0.0,0.0
0,0,1.0,colon adenocarcinoma,colon adenocarcinoma,1.0,0.0,0.0,0.0,0.0
0,0,1.0,colon adenocarcinoma,colon adenocarcinoma,1.0,0.0,0.0,0.0,0.0
0,0,1.0,colon adenocarcinoma,colon adenocarcinoma,1.0,0.0,0.0,0.0,0.0
0,0,1.0,colon adenocarcinoma,colon adenocarcinoma,1.0,0.0,0.0,0.0,0.0
0,0,1.0,colon adenocarcinoma,colon adenocarcinoma,1.0,0.0,0.0,0.0,0.0
0,0,1.0,colon adenocarcinoma,colon adenocarcinoma,1.0,0.0,0.0,0.0,0.0
0,0,1.0,colon adenocarcinoma,colon adenocarcinoma,1.0,0.0,0.0,0.0,0.0
0,0,1.0,colon adenocarcinoma,colon adenocarcinoma,1.0,0.0,0.0,0.0,0.0
0,0,1.0,colon adenocarcinoma,colon adenocarcinoma,1.0,0.0,0.0,0.0,0.0
0,0,1.0,colon adenocarcinoma,colon adenocarcinoma,1.0,0.0,0.0,0.0,0.0
0,0,1.0,colon adenocarcinoma,colon adenocarcinoma,1.0,0.0,0.0,0.0,0.0
0,0,1.0,colon adenocarcinoma,colon adenocarcinoma,1.0,0.0,0.0,0.0,0.0
0,0,1.0,colon adenocarcinoma,colon adenocarcinoma,1.0,0.0,0.0,0.0,0.0
0,0,1.0,colon adenocarcinoma,colon adenocarcinoma,1.0,0.0,0.0,0.0,0.0
0,0,1.0,colon adenocarcinoma,colon adenocarcinoma,1.0,0.0,0.0,0.0,0.0
0,0,1.0,colon adenocarcinoma,colon adenocarcinoma,1.0,0.0,0.0,0.0,0.0
0,0,1.0,colon adenocarcinoma,colon adenocarcinoma,1.0,0.0,0.0,0.0,0.0
0,0,1.0,colon adenocarcinoma,colon adenocarcinoma,1.0,0.0,0.0,0.0,0.0
0,0,1.0,colon adenocarcinoma,colon adenocarcinoma,1.0,0.0,0.0,0.0,0.0
0,0,1.0,colon adenocarcinoma,colon adenocarcinoma,1.0,0.0,0.0,0.0,0.0
0,0,1.0,colon adenocarcinoma,colon adenocarcinoma,1.0,0.0,0.0,0.0,0.0
0,0,1.0,colon adenocarcinoma,colon adenocarcinoma,1.0,0.0,0.0,0.0,0.0
0,0,1.0,colon adenocarcinoma,colon adenocarcinoma,1.0,0.0,0.0,0.0,0.0
0,0,1.0,colon adenocarcinoma,colon adenocarcinoma,1.0,0.0,0.0,0.0,0.0
0,0,1.0,colon adenocarcinoma,colon adenocarcinoma,1.0,0.0,0.0,0.0,0.0
0,0,1.0,colon adenocarcinoma,colon adenocarcinoma,1.0,0.0,0.0,0.0,0.0
0,0,1.0,colon adenocarcinoma,colon adenocarcinoma,1.0,0.0,0.0,0.0,0.0
0,0,1.0,colon adenocarcinoma,colon adenocarcinoma,1.0,0.0,0.0,0.0,0.0
0,0,1.0,colon adenocarcinoma,colon adenocarcinoma,1.0,0.0,0.0,0.0,0.0
0,0,1.0,colon adenocarcinoma,colon adenocarcinoma,1.0,0.0,0.0,0.0,0.0
0,0,1.0,colon adenocarcinoma,colon adenocarcinoma,1.0,0.0,0.0,0.0,0.0
0,0,1.0,colon adenocarcinoma,colon adenocarcinoma,1.0,0.0,0.0,0.0,0.0
0,0,1.0,colon adenocarcinoma,colon adenocarcinoma,1.0,0.0,0.0,0.0,0.0
0,0,1.0,colon adenocarcinoma,colon adenocarcinoma,1.0,0.0,0.0,0.0,0.0
0,0,1.0,colon adenocarcinoma,colon adenocarcinoma,1.0,0.0,0.0,0.0,0.0
1,1,1.0,colon benign tissue,colon benign tissue,0.0,1.0,0.0,0.0,0.0
1,1,1.0,colon benign tissue,colon benign tissue,0.0,1.0,0.0,0.0,0.0
1,1,1.0,colon benign tissue,colon benign tissue,0.0,1.0,0.0,0.0,0.0
1,1,1.0,colon benign tissue,colon benign tissue,0.0,1.0,0.0,0.0,0.0
1,1,1.0,colon benign tissue,colon benign tissue,0.0,1.0,0.0,0.0,0.0
1,1,1.0,colon benign tissue,colon benign tissue,0.0,1.0,0.0,0.0,0.0
1,1,1.0,colon benign tissue,colon benign tissue,0.0,1.0,0.0,0.0,0.0
1,1,1.0,colon benign tissue,colon benign tissue,0.0,1.0,0.0,0.0,0.0
1,1,1.0,colon benign tissue,colon benign tissue,0.0,1.0,0.0,0.0,0.0
1,1,1.0,colon benign tissue,colon benign tissue,0.0,1.0,0.0,0.0,0.0
1,1,1.0,colon benign tissue,colon benign tissue,0.0,1.0,0.0,0.0,0.0
1,1,1.0,colon benign tissue,colon benign tissue,0.0,1.0,0.0,0.0,0.0
1,1,1.0,colon benign tissue,colon benign tissue,0.0,1.0,0.0,0.0,0.0
1,1,1.0,colon benign tissue,colon benign tissue,0.0,1.0,0.0,0.0,0.0
1,1,1.0,colon benign tissue,colon benign tissue,0.0,1.0,0.0,0.0,0.0
1,1,1.0,colon benign tissue,colon benign tissue,0.0,1.0,0.0,0.0,0.0
1,1,1.0,colon benign tissue,colon benign tissue,0.0,1.0,0.0,0.0,0.0
1,1,1.0,colon benign tissue,colon benign tissue,0.0,1.0,0.0,0.0,0.0
1,1,1.0,colon benign tissue,colon benign tissue,0.0,1.0,0.0,0.0,0.0
1,1,1.0,colon benign tissue,colon benign tissue,0.0,1.0,0.0,0.0,0.0
1,1,1.0,colon benign tissue,colon benign tissue,0.0,1.0,0.0,0.0,0.0
1,1,1.0,colon benign tissue,colon benign tissue,0.0,1.0,0.0,0.0,0.0
1,1,1.0,colon benign tissue,colon benign tissue,0.0,1.0,0.0,0.0,0.0
1,1,1.0,colon benign tissue,colon benign tissue,0.0,1.0,0.0,0.0,0.0
1,1,1.0,colon benign tissue,colon benign tissue,0.0,1.0,0.0,0.0,0.0
1,1,1.0,colon benign tissue,colon benign tissue,0.0,1.0,0.0,0.0,0.0
1,1,1.0,colon benign tissue,colon benign tissue,0.0,1.0,0.0,0.0,0.0
1,1,1.0,colon benign tissue,colon benign tissue,0.0,1.0,0.0,0.0,0.0
1,1,1.0,colon benign tissue,colon benign tissue,0.0,1.0,0.0,0.0,0.0
1,1,1.0,colon benign tissue,colon benign tissue,0.0,1.0,0.0,0.0,0.0
1,1,1.0,colon benign tissue,colon benign tissue,0.0,1.0,0.0,0.0,0.0
1,1,1.0,colon benign tissue,colon benign tissue,0.0,1.0,0.0,0.0,0.0
1,1,1.0,colon benign tissue,colon benign tissue,0.0,1.0,0.0,0.0,0.0
1,1,1.0,colon benign tissue,colon benign tissue,0.0,1.0,0.0,0.0,0.0
1,1,1.0,colon benign tissue,colon benign tissue,0.0,1.0,0.0,0.0,0.0
1,1,1.0,colon benign tissue,colon benign tissue,0.0,1.0,0.0,0.0,0.0
1,1,1.0,colon benign tissue,colon benign tissue,0.0,1.0,0.0,0.0,0.0
1,1,1.0,colon benign tissue,colon benign tissue,0.0,1.0,0.0,0.0,0.0
1,1,1.0,colon benign tissue,colon benign tissue,0.0,1.0,0.0,0.0,0.0
1,1,1.0,colon benign tissue,colon benign tissue,0.0,1.0,0.0,0.0,0.0
1,1,1.0,colon benign tissue,colon benign tissue,0.0,1.0,0.0,0.0,0.0
1,1,1.0,colon benign tissue,colon benign tissue,0.0,1.0,0.0,0.0,0.0
1,1,1.0,colon benign tissue,colon benign tissue,0.0,1.0,0.0,0.0,0.0
1,1,1.0,colon benign tissue,colon benign tissue,0.0,1.0,0.0,0.0,0.0
1,1,1.0,colon benign tissue,colon benign tissue,0.0,1.0,0.0,0.0,0.0
1,1,1.0,colon benign tissue,colon benign tissue,0.0,1.0,0.0,0.0,0.0
1,1,1.0,colon benign tissue,colon benign tissue,0.0,1.0,0.0,0.0,0.0
1,1,1.0,colon benign tissue,colon benign tissue,0.0,1.0,0.0,0.0,0.0
1,1,1.0,colon benign tissue,colon benign tissue,0.0,1.0,0.0,0.0,0.0
1,1,1.0,colon benign tissue,colon benign tissue,0.0,1.0,0.0,0.0,0.0
1,1,1.0,colon benign tissue,colon benign tissue,0.0,1.0,0.0,0.0,0.0
1,1,1.0,colon benign tissue,colon benign tissue,0.0,1.0,0.0,0.0,0.0
1,1,1.0,colon benign tissue,colon benign tissue,0.0,1.0,0.0,0.0,0.0
1,1,1.0,colon benign tissue,colon benign tissue,0.0,1.0,0.0,0.0,0.0
1,1,1.0,colon benign tissue,colon benign tissue,0.0,1.0,0.0,0.0,0.0
1,1,1.0,colon benign tissue,colon benign tissue,0.0,1.0,0.0,0.0,0.0
1,1,1.0,colon benign tissue,colon benign tissue,0.0,1.0,0.0,0.0,0.0
1,1,1.0,colon benign tissue,colon benign tissue,0.0,1.0,0.0,0.0,0.0
1,1,1.0,colon benign tissue,colon benign tissue,0.0,1.0,0.0,0.0,0.0
1,1,1.0,colon benign tissue,colon benign tissue,0.0,1.0,0.0,0.0,0.0
1,1,1.0,colon benign tissue,colon benign tissue,0.0,1.0,0.0,0.0,0.0
1,1,1.0,colon benign tissue,colon benign tissue,0.0,1.0,0.0,0.0,0.0
1,1,1.0,colon benign tissue,colon benign tissue,0.0,1.0,0.0,0.0,0.0
1,1,1.0,colon benign tissue,colon benign tissue,0.0,1.0,0.0,0.0,0.0
1,1,1.0,colon benign tissue,colon benign tissue,0.0,1.0,0.0,0.0,0.0
1,1,1.0,colon benign tissue,colon benign tissue,0.0,1.0,0.0,0.0,0.0
1,1,1.0,colon benign tissue,colon benign tissue,0.0,1.0,0.0,0.0,0.0
1,1,1.0,colon benign tissue,colon benign tissue,0.0,1.0,0.0,0.0,0.0
1,1,1.0,colon benign tissue,colon benign tissue,0.0,1.0,0.0,0.0,0.0
1,1,1.0,colon benign tissue,colon benign tissue,0.0,1.0,0.0,0.0,0.0
1,1,1.0,colon benign tissue,colon benign tissue,0.0,1.0,0.0,0.0,0.0
1,1,1.0,colon benign tissue,colon benign tissue,0.0,1.0,0.0,0.0,0.0
1,1,1.0,colon benign tissue,colon benign tissue,0.0,1.0,0.0,0.0,0.0
1,1,1.0,colon benign tissue,colon benign tissue,0.0,1.0,0.0,0.0,0.0
1,1,1.0,colon benign tissue,colon benign tissue,0.0,1.0,0.0,0.0,0.0
1,1,1.0,colon benign tissue,colon benign tissue,0.0,1.0,0.0,0.0,0.0
1,1,1.0,colon benign tissue,colon benign tissue,0.0,1.0,0.0,0.0,0.0
1,1,1.0,colon benign tissue,colon benign tissue,0.0,1.0,0.0,0.0,0.0
1,1,1.0,colon benign tissue,colon benign tissue,0.0,1.0,0.0,0.0,0.0
1,1,1.0,colon benign tissue,colon benign tissue,0.0,1.0,0.0,0.0,0.0
1,1,1.0,colon benign tissue,colon benign tissue,0.0,1.0,0.0,0.0,0.0
1,1,1.0,colon benign tissue,colon benign tissue,0.0,1.0,0.0,0.0,0.0
1,1,1.0,colon benign tissue,colon benign tissue,0.0,1.0,0.0,0.0,0.0
1,1,1.0,colon benign tissue,colon benign tissue,0.0,1.0,0.0,0.0,0.0
1,1,1.0,colon benign tissue,colon benign tissue,0.0,1.0,0.0,0.0,0.0
1,1,1.0,colon benign tissue,colon benign tissue,0.0,1.0,0.0,0.0,0.0
1,1,1.0,colon benign tissue,colon benign tissue,0.0,1.0,0.0,0.0,0.0
1,1,1.0,colon benign tissue,colon benign tissue,0.0,1.0,0.0,0.0,0.0
1,1,1.0,colon benign tissue,colon benign tissue,0.0,1.0,0.0,0.0,0.0
1,1,1.0,colon benign tissue,colon benign tissue,0.0,1.0,0.0,0.0,0.0
1,1,1.0,colon benign tissue,colon benign tissue,0.0,1.0,0.0,0.0,0.0
1,1,1.0,colon benign tissue,colon benign tissue,0.0,1.0,0.0,0.0,0.0
1,1,1.0,colon benign tissue,colon benign tissue,0.0,1.0,0.0,0.0,0.0
1,1,1.0,colon benign tissue,colon benign tissue,0.0,1.0,0.0,0.0,0.0
1,1,1.0,colon benign tissue,colon benign tissue,0.0,1.0,0.0,0.0,0.0
1,1,1.0,colon benign tissue,colon benign tissue,0.0,1.0,0.0,0.0,0.0
1,1,1.0,colon benign tissue,colon benign tissue,0.0,1.0,0.0,0.0,0.0
1,1,1.0,colon benign tissue,colon benign tissue,0.0,1.0,0.0,0.0,0.0
1,1,1.0,colon benign tissue,colon benign tissue,0.0,1.0,0.0,0.0,0.0
1,1,1.0,colon benign tissue,colon benign tissue,0.0,1.0,0.0,0.0,0.0
1,1,1.0,colon benign tissue,colon benign tissue,0.0,1.0,0.0,0.0,0.0
1,1,1.0,colon benign tissue,colon benign tissue,0.0,1.0,0.0,0.0,0.0
1,1,1.0,colon benign tissue,colon benign tissue,0.0,1.0,0.0,0.0,0.0
1,1,1.0,colon benign tissue,colon benign tissue,0.0,1.0,0.0,0.0,0.0
1,1,1.0,colon benign tissue,colon benign tissue,0.0,1.0,0.0,0.0,0.0
1,1,1.0,colon benign tissue,colon benign tissue,0.0,1.0,0.0,0.0,0.0
1,1,1.0,colon benign tissue,colon benign tissue,0.0,1.0,0.0,0.0,0.0
1,1,1.0,colon benign tissue,colon benign tissue,0.0,1.0,0.0,0.0,0.0
1,1,1.0,colon benign tissue,colon benign tissue,0.0,1.0,0.0,0.0,0.0
1,1,1.0,colon benign tissue,colon benign tissue,0.0,1.0,0.0,0.0,0.0
1,1,1.0,colon benign tissue,colon benign tissue,0.0,1.0,0.0,0.0,0.0
1,1,1.0,colon benign tissue,colon benign tissue,0.0,1.0,0.0,0.0,0.0
1,1,1.0,colon benign tissue,colon benign tissue,0.0,1.0,0.0,0.0,0.0
1,1,1.0,colon benign tissue,colon benign tissue,0.0,1.0,0.0,0.0,0.0
1,1,1.0,colon benign tissue,colon benign tissue,0.0,1.0,0.0,0.0,0.0
1,1,1.0,colon benign tissue,colon benign tissue,0.0,1.0,0.0,0.0,0.0
1,1,1.0,colon benign tissue,colon benign tissue,0.0,1.0,0.0,0.0,0.0
1,1,1.0,colon benign tissue,colon benign tissue,0.0,1.0,0.0,0.0,0.0
1,1,1.0,colon benign tissue,colon benign tissue,0.0,1.0,0.0,0.0,0.0
1,1,1.0,colon benign tissue,colon benign tissue,0.0,1.0,0.0,0.0,0.0
1,1,1.0,colon benign tissue,colon benign tissue,0.0,1.0,0.0,0.0,0.0
1,1,1.0,colon benign tissue,colon benign tissue,0.0,1.0,0.0,0.0,0.0
1,1,1.0,colon benign tissue,colon benign tissue,0.0,1.0,0.0,0.0,0.0
1,1,1.0,colon benign tissue,colon benign tissue,0.0,1.0,0.0,0.0,0.0
1,1,1.0,colon benign tissue,colon benign tissue,0.0,1.0,0.0,0.0,0.0
1,1,1.0,colon benign tissue,colon benign tissue,0.0,1.0,0.0,0.0,0.0
1,1,1.0,colon benign tissue,colon benign tissue,0.0,1.0,0.0,0.0,0.0
1,1,1.0,colon benign tissue,colon benign tissue,0.0,1.0,0.0,0.0,0.0
1,1,1.0,colon benign tissue,colon benign tissue,0.0,1.0,0.0,0.0,0.0
1,1,1.0,colon benign tissue,colon benign tissue,0.0,1.0,0.0,0.0,0.0
1,1,1.0,colon benign tissue,colon benign tissue,0.0,1.0,0.0,0.0,0.0
1,1,1.0,colon benign tissue,colon benign tissue,0.0,1.0,0.0,0.0,0.0
1,1,1.0,colon benign tissue,colon benign tissue,0.0,1.0,0.0,0.0,0.0
1,1,1.0,colon benign tissue,colon benign tissue,0.0,1.0,0.0,0.0,0.0
1,1,1.0,colon benign tissue,colon benign tissue,0.0,1.0,0.0,0.0,0.0
1,1,1.0,colon benign tissue,colon benign tissue,0.0,1.0,0.0,0.0,0.0
1,1,1.0,colon benign tissue,colon benign tissue,0.0,1.0,0.0,0.0,0.0
1,1,1.0,colon benign tissue,colon benign tissue,0.0,1.0,0.0,0.0,0.0
1,1,1.0,colon benign tissue,colon benign tissue,0.0,1.0,0.0,0.0,0.0
1,1,1.0,colon benign tissue,colon benign tissue,0.0,1.0,0.0,0.0,0.0
1,1,1.0,colon benign tissue,colon benign tissue,0.0,1.0,0.0,0.0,0.0
1,1,1.0,colon benign tissue,colon benign tissue,0.0,1.0,0.0,0.0,0.0
1,1,1.0,colon benign tissue,colon benign tissue,0.0,1.0,0.0,0.0,0.0
1,1,1.0,colon benign tissue,colon benign tissue,0.0,1.0,0.0,0.0,0.0
1,1,1.0,colon benign tissue,colon benign tissue,0.0,1.0,0.0,0.0,0.0
1,1,1.0,colon benign tissue,colon benign tissue,0.0,1.0,0.0,0.0,0.0
1,1,1.0,colon benign tissue,colon benign tissue,0.0,1.0,0.0,0.0,0.0
1,1,1.0,colon benign tissue,colon benign tissue,0.0,1.0,0.0,0.0,0.0
1,1,1.0,colon benign tissue,colon benign tissue,0.0,1.0,0.0,0.0,0.0
1,1,1.0,colon benign tissue,colon benign tissue,0.0,1.0,0.0,0.0,0.0
1,1,1.0,colon benign tissue,colon benign tissue,0.0,1.0,0.0,0.0,0.0
1,1,1.0,colon benign tissue,colon benign tissue,0.0,1.0,0.0,0.0,0.0
1,1,1.0,colon benign tissue,colon benign tissue,0.0,1.0,0.0,0.0,0.0
1,1,1.0,colon benign tissue,colon benign tissue,0.0,1.0,0.0,0.0,0.0
1,1,1.0,colon benign tissue,colon benign tissue,0.0,1.0,0.0,0.0,0.0
1,1,1.0,colon benign tissue,colon benign tissue,0.0,1.0,0.0,0.0,0.0
1,1,1.0,colon benign tissue,colon benign tissue,0.0,1.0,0.0,0.0,0.0
1,1,1.0,colon benign tissue,colon benign tissue,0.0,1.0,0.0,0.0,0.0
1,1,1.0,colon benign tissue,colon benign tissue,0.0,1.0,0.0,0.0,0.0
1,1,1.0,colon benign tissue,colon benign tissue,0.0,1.0,0.0,0.0,0.0
1,1,1.0,colon benign tissue,colon benign tissue,0.0,1.0,0.0,0.0,0.0
1,1,1.0,colon benign tissue,colon benign tissue,0.0,1.0,0.0,0.0,0.0
1,1,1.0,colon benign tissue,colon benign tissue,0.0,1.0,0.0,0.0,0.0
1,1,1.0,colon benign tissue,colon benign tissue,0.0,1.0,0.0,0.0,0.0
1,1,1.0,colon benign tissue,colon benign tissue,0.0,1.0,0.0,0.0,0.0
1,1,1.0,colon benign tissue,colon benign tissue,0.0,1.0,0.0,0.0,0.0
1,1,1.0,colon benign tissue,colon benign tissue,0.0,1.0,0.0,0.0,0.0
1,1,1.0,colon benign tissue,colon benign tissue,0.0,1.0,0.0,0.0,0.0
1,1,1.0,colon benign tissue,colon benign tissue,0.0,1.0,0.0,0.0,0.0
1,1,1.0,colon benign tissue,colon benign tissue,0.0,1.0,0.0,0.0,0.0
1,1,1.0,colon benign tissue,colon benign tissue,0.0,1.0,0.0,0.0,0.0
1,1,1.0,colon benign tissue,colon benign tissue,0.0,1.0,0.0,0.0,0.0
1,1,1.0,colon benign tissue,colon benign tissue,0.0,1.0,0.0,0.0,0.0
1,1,1.0,colon benign tissue,colon benign tissue,0.0,1.0,0.0,0.0,0.0
1,1,1.0,colon benign tissue,colon benign tissue,0.0,1.0,0.0,0.0,0.0
1,1,1.0,colon benign tissue,colon benign tissue,0.0,1.0,0.0,0.0,0.0
1,1,1.0,colon benign tissue,colon benign tissue,0.0,1.0,0.0,0.0,0.0
1,1,1.0,colon benign tissue,colon benign tissue,0.0,1.0,0.0,0.0,0.0
1,1,1.0,colon benign tissue,colon benign tissue,0.0,1.0,0.0,0.0,0.0
1,1,1.0,colon benign tissue,colon benign tissue,0.0,1.0,0.0,0.0,0.0
1,1,1.0,colon benign tissue,colon benign tissue,0.0,1.0,0.0,0.0,0.0
1,1,1.0,colon benign tissue,colon benign tissue,0.0,1.0,0.0,0.0,0.0
1,1,1.0,colon benign tissue,colon benign tissue,0.0,1.0,0.0,0.0,0.0
1,1,1.0,colon benign tissue,colon benign tissue,0.0,1.0,0.0,0.0,0.0
1,1,1.0,colon benign tissue,colon benign tissue,0.0,1.0,0.0,0.0,0.0
1,1,1.0,colon benign tissue,colon benign tissue,0.0,1.0,0.0,0.0,0.0
1,1,1.0,colon benign tissue,colon benign tissue,0.0,1.0,0.0,0.0,0.0
1,1,1.0,colon benign tissue,colon benign tissue,0.0,1.0,0.0,0.0,0.0
1,1,1.0,colon benign tissue,colon benign tissue,0.0,1.0,0.0,0.0,0.0
1,1,1.0,colon benign tissue,colon benign tissue,0.0,1.0,0.0,0.0,0.0
1,1,1.0,colon benign tissue,colon benign tissue,0.0,1.0,0.0,0.0,0.0
1,1,1.0,colon benign tissue,colon benign tissue,0.0,1.0,0.0,0.0,0.0
1,1,1.0,colon benign tissue,colon benign tissue,0.0,1.0,0.0,0.0,0.0
1,1,1.0,colon benign tissue,colon benign tissue,0.0,1.0,0.0,0.0,0.0
1,1,1.0,colon benign tissue,colon benign tissue,0.0,1.0,0.0,0.0,0.0
1,1,1.0,colon benign tissue,colon benign tissue,0.0,1.0,0.0,0.0,0.0
1,1,1.0,colon benign tissue,colon benign tissue,0.0,1.0,0.0,0.0,0.0
1,1,1.0,colon benign tissue,colon benign tissue,0.0,1.0,0.0,0.0,0.0
1,1,1.0,colon benign tissue,colon benign tissue,0.0,1.0,0.0,0.0,0.0
1,1,1.0,colon benign tissue,colon benign tissue,0.0,1.0,0.0,0.0,0.0
1,1,1.0,colon benign tissue,colon benign tissue,0.0,1.0,0.0,0.0,0.0
1,1,1.0,colon benign tissue,colon benign tissue,0.0,1.0,0.0,0.0,0.0
1,1,1.0,colon benign tissue,colon benign tissue,0.0,1.0,0.0,0.0,0.0
1,1,1.0,colon benign tissue,colon benign tissue,0.0,1.0,0.0,0.0,0.0
1,1,1.0,colon benign tissue,colon benign tissue,0.0,1.0,0.0,0.0,0.0
1,1,1.0,colon benign tissue,colon benign tissue,0.0,1.0,0.0,0.0,0.0
1,1,1.0,colon benign tissue,colon benign tissue,0.0,1.0,0.0,0.0,0.0
1,1,1.0,colon benign tissue,colon benign tissue,0.0,1.0,0.0,0.0,0.0
1,1,1.0,colon benign tissue,colon benign tissue,0.0,1.0,0.0,0.0,0.0
1,1,1.0,colon benign tissue,colon benign tissue,0.0,1.0,0.0,0.0,0.0
1,1,1.0,colon benign tissue,colon benign tissue,0.0,1.0,0.0,0.0,0.0
1,1,1.0,colon benign tissue,colon benign tissue,0.0,1.0,0.0,0.0,0.0
1,1,1.0,colon benign tissue,colon benign tissue,0.0,1.0,0.0,0.0,0.0
1,1,1.0,colon benign tissue,colon benign tissue,0.0,1.0,0.0,0.0,0.0
1,1,1.0,colon benign tissue,colon benign tissue,0.0,1.0,0.0,0.0,0.0
1,1,1.0,colon benign tissue,colon benign tissue,0.0,1.0,0.0,0.0,0.0
1,1,1.0,colon benign tissue,colon benign tissue,0.0,1.0,0.0,0.0,0.0
1,1,1.0,colon benign tissue,colon benign tissue,0.0,1.0,0.0,0.0,0.0
1,1,1.0,colon benign tissue,colon benign tissue,0.0,1.0,0.0,0.0,0.0
1,1,1.0,colon benign tissue,colon benign tissue,0.0,1.0,0.0,0.0,0.0
1,1,1.0,colon benign tissue,colon benign tissue,0.0,1.0,0.0,0.0,0.0
1,1,1.0,colon benign tissue,colon benign tissue,0.0,1.0,0.0,0.0,0.0
1,1,1.0,colon benign tissue,colon benign tissue,0.0,1.0,0.0,0.0,0.0
1,1,1.0,colon benign tissue,colon benign tissue,0.0,1.0,0.0,0.0,0.0
1,1,1.0,colon benign tissue,colon benign tissue,0.0,1.0,0.0,0.0,0.0
1,1,1.0,colon benign tissue,colon benign tissue,0.0,1.0,0.0,0.0,0.0
1,1,1.0,colon benign tissue,colon benign tissue,0.0,1.0,0.0,0.0,0.0
1,1,1.0,colon benign tissue,colon benign tissue,0.0,1.0,0.0,0.0,0.0
1,1,1.0,colon benign tissue,colon benign tissue,0.0,1.0,0.0,0.0,0.0
1,1,1.0,colon benign tissue,colon benign tissue,0.0,1.0,0.0,0.0,0.0
1,1,1.0,colon benign tissue,colon benign tissue,0.0,1.0,0.0,0.0,0.0
1,1,1.0,colon benign tissue,colon benign tissue,0.0,1.0,0.0,0.0,0.0
1,1,1.0,colon benign tissue,colon benign tissue,0.0,1.0,0.0,0.0,0.0
1,1,1.0,colon benign tissue,colon benign tissue,0.0,1.0,0.0,0.0,0.0
1,1,1.0,colon benign tissue,colon benign tissue,0.0,1.0,0.0,0.0,0.0
1,1,1.0,colon benign tissue,colon benign tissue,0.0,1.0,0.0,0.0,0.0
1,1,1.0,colon benign tissue,colon benign tissue,0.0,1.0,0.0,0.0,0.0
1,1,1.0,colon benign tissue,colon benign tissue,0.0,1.0,0.0,0.0,0.0
1,1,1.0,colon benign tissue,colon benign tissue,0.0,1.0,0.0,0.0,0.0
1,1,1.0,colon benign tissue,colon benign tissue,0.0,1.0,0.0,0.0,0.0
1,1,1.0,colon benign tissue,colon benign tissue,0.0,1.0,0.0,0.0,0.0
1,1,1.0,colon benign tissue,colon benign tissue,0.0,1.0,0.0,0.0,0.0
1,1,1.0,colon benign tissue,colon benign tissue,0.0,1.0,0.0,0.0,0.0
1,1,1.0,colon benign tissue,colon benign tissue,0.0,1.0,0.0,0.0,0.0
1,1,1.0,colon benign tissue,colon benign tissue,0.0,1.0,0.0,0.0,0.0
1,1,1.0,colon benign tissue,colon benign tissue,0.0,1.0,0.0,0.0,0.0
1,1,1.0,colon benign tissue,colon benign tissue,0.0,1.0,0.0,0.0,0.0
1,1,1.0,colon benign tissue,colon benign tissue,0.0,1.0,0.0,0.0,0.0
1,1,1.0,colon benign tissue,colon benign tissue,0.0,1.0,0.0,0.0,0.0
1,1,1.0,colon benign tissue,colon benign tissue,0.0,1.0,0.0,0.0,0.0
1,1,1.0,colon benign tissue,colon benign tissue,0.0,1.0,0.0,0.0,0.0
1,1,1.0,colon benign tissue,colon benign tissue,0.0,1.0,0.0,0.0,0.0
1,1,1.0,colon benign tissue,colon benign tissue,0.0,1.0,0.0,0.0,0.0
1,1,1.0,colon benign tissue,colon benign tissue,0.0,1.0,0.0,0.0,0.0
1,1,1.0,colon benign tissue,colon benign tissue,0.0,1.0,0.0,0.0,0.0
1,1,1.0,colon benign tissue,colon benign tissue,0.0,1.0,0.0,0.0,0.0
1,1,1.0,colon benign tissue,colon benign tissue,0.0,1.0,0.0,0.0,0.0
1,1,1.0,colon benign tissue,colon benign tissue,0.0,1.0,0.0,0.0,0.0
1,1,1.0,colon benign tissue,colon benign tissue,0.0,1.0,0.0,0.0,0.0
1,1,1.0,colon benign tissue,colon benign tissue,0.0,1.0,0.0,0.0,0.0
1,1,1.0,colon benign tissue,colon benign tissue,0.0,1.0,0.0,0.0,0.0
1,1,1.0,colon benign tissue,colon benign tissue,0.0,1.0,0.0,0.0,0.0
1,1,1.0,colon benign tissue,colon benign tissue,0.0,1.0,0.0,0.0,0.0
1,1,1.0,colon benign tissue,colon benign tissue,0.0,1.0,0.0,0.0,0.0
1,1,1.0,colon benign tissue,colon benign tissue,0.0,1.0,0.0,0.0,0.0
1,1,1.0,colon benign tissue,colon benign tissue,0.0,1.0,0.0,0.0,0.0
1,1,1.0,colon benign tissue,colon benign tissue,0.0,1.0,0.0,0.0,0.0
1,1,1.0,colon benign tissue,colon benign tissue,0.0,1.0,0.0,0.0,0.0
1,1,1.0,colon benign tissue,colon benign tissue,0.0,1.0,0.0,0.0,0.0
1,1,1.0,colon benign tissue,colon benign tissue,0.0,1.0,0.0,0.0,0.0
1,1,1.0,colon benign tissue,colon benign tissue,0.0,1.0,0.0,0.0,0.0
1,1,1.0,colon benign tissue,colon benign tissue,0.0,1.0,0.0,0.0,0.0
1,1,1.0,colon benign tissue,colon benign tissue,0.0,1.0,0.0,0.0,0.0
1,1,1.0,colon benign tissue,colon benign tissue,0.0,1.0,0.0,0.0,0.0
1,1,1.0,colon benign tissue,colon benign tissue,0.0,1.0,0.0,0.0,0.0
1,1,1.0,colon benign tissue,colon benign tissue,0.0,1.0,0.0,0.0,0.0
1,1,1.0,colon benign tissue,colon benign tissue,0.0,1.0,0.0,0.0,0.0
1,1,1.0,colon benign tissue,colon benign tissue,0.0,1.0,0.0,0.0,0.0
1,1,1.0,colon benign tissue,colon benign tissue,0.0,1.0,0.0,0.0,0.0
1,1,1.0,colon benign tissue,colon benign tissue,0.0,1.0,0.0,0.0,0.0
1,1,1.0,colon benign tissue,colon benign tissue,0.0,1.0,0.0,0.0,0.0
1,1,1.0,colon benign tissue,colon benign tissue,0.0,1.0,0.0,0.0,0.0
1,1,1.0,colon benign tissue,colon benign tissue,0.0,1.0,0.0,0.0,0.0
1,1,1.0,colon benign tissue,colon benign tissue,0.0,1.0,0.0,0.0,0.0
1,1,1.0,colon benign tissue,colon benign tissue,0.0,1.0,0.0,0.0,0.0
1,1,1.0,colon benign tissue,colon benign tissue,0.0,1.0,0.0,0.0,0.0
1,1,1.0,colon benign tissue,colon benign tissue,0.0,1.0,0.0,0.0,0.0
1,1,1.0,colon benign tissue,colon benign tissue,0.0,1.0,0.0,0.0,0.0
1,1,1.0,colon benign tissue,colon benign tissue,0.0,1.0,0.0,0.0,0.0
1,1,1.0,colon benign tissue,colon benign tissue,0.0,1.0,0.0,0.0,0.0
1,1,1.0,colon benign tissue,colon benign tissue,0.0,1.0,0.0,0.0,0.0
1,1,1.0,colon benign tissue,colon benign tissue,0.0,1.0,0.0,0.0,0.0
1,1,1.0,colon benign tissue,colon benign tissue,0.0,1.0,0.0,0.0,0.0
1,1,1.0,colon benign tissue,colon benign tissue,0.0,1.0,0.0,0.0,0.0
1,1,1.0,colon benign tissue,colon benign tissue,0.0,1.0,0.0,0.0,0.0
1,1,1.0,colon benign tissue,colon benign tissue,0.0,1.0,0.0,0.0,0.0
1,1,1.0,colon benign tissue,colon benign tissue,0.0,1.0,0.0,0.0,0.0
1,1,1.0,colon benign tissue,colon benign tissue,0.0,1.0,0.0,0.0,0.0
1,1,1.0,colon benign tissue,colon benign tissue,0.0,1.0,0.0,0.0,0.0
1,1,1.0,colon benign tissue,colon benign tissue,0.0,1.0,0.0,0.0,0.0
1,1,1.0,colon benign tissue,colon benign tissue,0.0,1.0,0.0,0.0,0.0
1,1,1.0,colon benign tissue,colon benign tissue,0.0,1.0,0.0,0.0,0.0
1,1,1.0,colon benign tissue,colon benign tissue,0.0,1.0,0.0,0.0,0.0
1,1,1.0,colon benign tissue,colon benign tissue,0.0,1.0,0.0,0.0,0.0
1,1,1.0,colon benign tissue,colon benign tissue,0.0,1.0,0.0,0.0,0.0
1,1,1.0,colon benign tissue,colon benign tissue,0.0,1.0,0.0,0.0,0.0
1,1,1.0,colon benign tissue,colon benign tissue,0.0,1.0,0.0,0.0,0.0
1,1,1.0,colon benign tissue,colon benign tissue,0.0,1.0,0.0,0.0,0.0
1,1,1.0,colon benign tissue,colon benign tissue,0.0,1.0,0.0,0.0,0.0
1,1,1.0,colon benign tissue,colon benign tissue,0.0,1.0,0.0,0.0,0.0
1,1,1.0,colon benign tissue,colon benign tissue,0.0,1.0,0.0,0.0,0.0
1,1,1.0,colon benign tissue,colon benign tissue,0.0,1.0,0.0,0.0,0.0
1,1,1.0,colon benign tissue,colon benign tissue,0.0,1.0,0.0,0.0,0.0
1,1,1.0,colon benign tissue,colon benign tissue,0.0,1.0,0.0,0.0,0.0
1,1,1.0,colon benign tissue,colon benign tissue,0.0,1.0,0.0,0.0,0.0
1,1,1.0,colon benign tissue,colon benign tissue,0.0,1.0,0.0,0.0,0.0
1,1,1.0,colon benign tissue,colon benign tissue,0.0,1.0,0.0,0.0,0.0
1,1,1.0,colon benign tissue,colon benign tissue,0.0,1.0,0.0,0.0,0.0
1,1,1.0,colon benign tissue,colon benign tissue,0.0,1.0,0.0,0.0,0.0
1,1,1.0,colon benign tissue,colon benign tissue,0.0,1.0,0.0,0.0,0.0
1,1,1.0,colon benign tissue,colon benign tissue,0.0,1.0,0.0,0.0,0.0
1,1,1.0,colon benign tissue,colon benign tissue,0.0,1.0,0.0,0.0,0.0
1,1,1.0,colon benign tissue,colon benign tissue,0.0,1.0,0.0,0.0,0.0
1,1,1.0,colon benign tissue,colon benign tissue,0.0,1.0,0.0,0.0,0.0
1,1,1.0,colon benign tissue,colon benign tissue,0.0,1.0,0.0,0.0,0.0
1,1,1.0,colon benign tissue,colon benign tissue,0.0,1.0,0.0,0.0,0.0
1,1,1.0,colon benign tissue,colon benign tissue,0.0,1.0,0.0,0.0,0.0
1,1,1.0,colon benign tissue,colon benign tissue,0.0,1.0,0.0,0.0,0.0
1,1,1.0,colon benign tissue,colon benign tissue,0.0,1.0,0.0,0.0,0.0
1,1,1.0,colon benign tissue,colon benign tissue,0.0,1.0,0.0,0.0,0.0
1,1,1.0,colon benign tissue,colon benign tissue,0.0,1.0,0.0,0.0,0.0
1,1,1.0,colon benign tissue,colon benign tissue,0.0,1.0,0.0,0.0,0.0
1,1,1.0,colon benign tissue,colon benign tissue,0.0,1.0,0.0,0.0,0.0
1,1,1.0,colon benign tissue,colon benign tissue,0.0,1.0,0.0,0.0,0.0
1,1,1.0,colon benign tissue,colon benign tissue,0.0,1.0,0.0,0.0,0.0
1,1,1.0,colon benign tissue,colon benign tissue,0.0,1.0,0.0,0.0,0.0
1,1,1.0,colon benign tissue,colon benign tissue,0.0,1.0,0.0,0.0,0.0
1,1,1.0,colon benign tissue,colon benign tissue,0.0,1.0,0.0,0.0,0.0
1,1,1.0,colon benign tissue,colon benign tissue,0.0,1.0,0.0,0.0,0.0
1,1,1.0,colon benign tissue,colon benign tissue,0.0,1.0,0.0,0.0,0.0
1,1,1.0,colon benign tissue,colon benign tissue,0.0,1.0,0.0,0.0,0.0
1,1,1.0,colon benign tissue,colon benign tissue,0.0,1.0,0.0,0.0,0.0
1,1,1.0,colon benign tissue,colon benign tissue,0.0,1.0,0.0,0.0,0.0
1,1,1.0,colon benign tissue,colon benign tissue,0.0,1.0,0.0,0.0,0.0
1,1,1.0,colon benign tissue,colon benign tissue,0.0,1.0,0.0,0.0,0.0
1,1,1.0,colon benign tissue,colon benign tissue,0.0,1.0,0.0,0.0,0.0
1,1,1.0,colon benign tissue,colon benign tissue,0.0,1.0,0.0,0.0,0.0
1,1,1.0,colon benign tissue,colon benign tissue,0.0,1.0,0.0,0.0,0.0
1,1,1.0,colon benign tissue,colon benign tissue,0.0,1.0,0.0,0.0,0.0
1,1,1.0,colon benign tissue,colon benign tissue,0.0,1.0,0.0,0.0,0.0
1,1,1.0,colon benign tissue,colon benign tissue,0.0,1.0,0.0,0.0,0.0
1,1,1.0,colon benign tissue,colon benign tissue,0.0,1.0,0.0,0.0,0.0
1,1,1.0,colon benign tissue,colon benign tissue,0.0,1.0,0.0,0.0,0.0
1,1,1.0,colon benign tissue,colon benign tissue,0.0,1.0,0.0,0.0,0.0
1,1,1.0,colon benign tissue,colon benign tissue,0.0,1.0,0.0,0.0,0.0
1,1,1.0,colon benign tissue,colon benign tissue,0.0,1.0,0.0,0.0,0.0
1,1,1.0,colon benign tissue,colon benign tissue,0.0,1.0,0.0,0.0,0.0
1,1,1.0,colon benign tissue,colon benign tissue,0.0,1.0,0.0,0.0,0.0
1,1,1.0,colon benign tissue,colon benign tissue,0.0,1.0,0.0,0.0,0.0
1,1,1.0,colon benign tissue,colon benign tissue,0.0,1.0,0.0,0.0,0.0
1,1,1.0,colon benign tissue,colon benign tissue,0.0,1.0,0.0,0.0,0.0
1,1,1.0,colon benign tissue,colon benign tissue,0.0,1.0,0.0,0.0,0.0
1,1,1.0,colon benign tissue,colon benign tissue,0.0,1.0,0.0,0.0,0.0
1,1,1.0,colon benign tissue,colon benign tissue,0.0,1.0,0.0,0.0,0.0
1,1,1.0,colon benign tissue,colon benign tissue,0.0,1.0,0.0,0.0,0.0
1,1,1.0,colon benign tissue,colon benign tissue,0.0,1.0,0.0,0.0,0.0
1,1,1.0,colon benign tissue,colon benign tissue,0.0,1.0,0.0,0.0,0.0
1,1,1.0,colon benign tissue,colon benign tissue,0.0,1.0,0.0,0.0,0.0
1,1,1.0,colon benign tissue,colon benign tissue,0.0,1.0,0.0,0.0,0.0
1,1,1.0,colon benign tissue,colon benign tissue,0.0,1.0,0.0,0.0,0.0
1,1,1.0,colon benign tissue,colon benign tissue,0.0,1.0,0.0,0.0,0.0
1,1,1.0,colon benign tissue,colon benign tissue,0.0,1.0,0.0,0.0,0.0
1,1,1.0,colon benign tissue,colon benign tissue,0.0,1.0,0.0,0.0,0.0
1,1,1.0,colon benign tissue,colon benign tissue,0.0,1.0,0.0,0.0,0.0
1,1,1.0,colon benign tissue,colon benign tissue,0.0,1.0,0.0,0.0,0.0
1,1,1.0,colon benign tissue,colon benign tissue,0.0,1.0,0.0,0.0,0.0
1,1,1.0,colon benign tissue,colon benign tissue,0.0,1.0,0.0,0.0,0.0
1,1,1.0,colon benign tissue,colon benign tissue,0.0,1.0,0.0,0.0,0.0
1,1,1.0,colon benign tissue,colon benign tissue,0.0,1.0,0.0,0.0,0.0
1,1,1.0,colon benign tissue,colon benign tissue,0.0,1.0,0.0,0.0,0.0
1,1,1.0,colon benign tissue,colon benign tissue,0.0,1.0,0.0,0.0,0.0
1,1,1.0,colon benign tissue,colon benign tissue,0.0,1.0,0.0,0.0,0.0
1,1,1.0,colon benign tissue,colon benign tissue,0.0,1.0,0.0,0.0,0.0
1,1,1.0,colon benign tissue,colon benign tissue,0.0,1.0,0.0,0.0,0.0
1,1,1.0,colon benign tissue,colon benign tissue,0.0,1.0,0.0,0.0,0.0
1,1,1.0,colon benign tissue,colon benign tissue,0.0,1.0,0.0,0.0,0.0
1,1,1.0,colon benign tissue,colon benign tissue,0.0,1.0,0.0,0.0,0.0
1,1,1.0,colon benign tissue,colon benign tissue,0.0,1.0,0.0,0.0,0.0
1,1,1.0,colon benign tissue,colon benign tissue,0.0,1.0,0.0,0.0,0.0
1,1,1.0,colon benign tissue,colon benign tissue,0.0,1.0,0.0,0.0,0.0
1,1,1.0,colon benign tissue,colon benign tissue,0.0,1.0,0.0,0.0,0.0
1,1,1.0,colon benign tissue,colon benign tissue,0.0,1.0,0.0,0.0,0.0
1,1,1.0,colon benign tissue,colon benign tissue,0.0,1.0,0.0,0.0,0.0
1,1,1.0,colon benign tissue,colon benign tissue,0.0,1.0,0.0,0.0,0.0
1,1,1.0,colon benign tissue,colon benign tissue,0.0,1.0,0.0,0.0,0.0
1,1,1.0,colon benign tissue,colon benign tissue,0.0,1.0,0.0,0.0,0.0
1,1,1.0,colon benign tissue,colon benign tissue,0.0,1.0,0.0,0.0,0.0
1,1,1.0,colon benign tissue,colon benign tissue,0.0,1.0,0.0,0.0,0.0
1,1,1.0,colon benign tissue,colon benign tissue,0.0,1.0,0.0,0.0,0.0
1,1,1.0,colon benign tissue,colon benign tissue,0.0,1.0,0.0,0.0,0.0
1,1,1.0,colon benign tissue,colon benign tissue,0.0,1.0,0.0,0.0,0.0
1,1,1.0,colon benign tissue,colon benign tissue,0.0,1.0,0.0,0.0,0.0
1,1,1.0,colon benign tissue,colon benign tissue,0.0,1.0,0.0,0.0,0.0
1,1,1.0,colon benign tissue,colon benign tissue,0.0,1.0,0.0,0.0,0.0
1,1,1.0,colon benign tissue,colon benign tissue,0.0,1.0,0.0,0.0,0.0
1,1,1.0,colon benign tissue,colon benign tissue,0.0,1.0,0.0,0.0,0.0
1,1,1.0,colon benign tissue,colon benign tissue,0.0,1.0,0.0,0.0,0.0
1,1,1.0,colon benign tissue,colon benign tissue,0.0,1.0,0.0,0.0,0.0
1,1,1.0,colon benign tissue,colon benign tissue,0.0,1.0,0.0,0.0,0.0
1,1,1.0,colon benign tissue,colon benign tissue,0.0,1.0,0.0,0.0,0.0
1,1,1.0,colon benign tissue,colon benign tissue,0.0,1.0,0.0,0.0,0.0
1,1,1.0,colon benign tissue,colon benign tissue,0.0,1.0,0.0,0.0,0.0
1,1,1.0,colon benign tissue,colon benign tissue,0.0,1.0,0.0,0.0,0.0
1,1,1.0,colon benign tissue,colon benign tissue,0.0,1.0,0.0,0.0,0.0
1,1,1.0,colon benign tissue,colon benign tissue,0.0,1.0,0.0,0.0,0.0
1,1,1.0,colon benign tissue,colon benign tissue,0.0,1.0,0.0,0.0,0.0
1,1,1.0,colon benign tissue,colon benign tissue,0.0,1.0,0.0,0.0,0.0
1,1,1.0,colon benign tissue,colon benign tissue,0.0,1.0,0.0,0.0,0.0
1,1,1.0,colon benign tissue,colon benign tissue,0.0,1.0,0.0,0.0,0.0
1,1,1.0,colon benign tissue,colon benign tissue,0.0,1.0,0.0,0.0,0.0
1,1,1.0,colon benign tissue,colon benign tissue,0.0,1.0,0.0,0.0,0.0
1,1,1.0,colon benign tissue,colon benign tissue,0.0,1.0,0.0,0.0,0.0
1,1,1.0,colon benign tissue,colon benign tissue,0.0,1.0,0.0,0.0,0.0
1,1,1.0,colon benign tissue,colon benign tissue,0.0,1.0,0.0,0.0,0.0
1,1,1.0,colon benign tissue,colon benign tissue,0.0,1.0,0.0,0.0,0.0
1,1,1.0,colon benign tissue,colon benign tissue,0.0,1.0,0.0,0.0,0.0
1,1,1.0,colon benign tissue,colon benign tissue,0.0,1.0,0.0,0.0,0.0
1,1,1.0,colon benign tissue,colon benign tissue,0.0,1.0,0.0,0.0,0.0
1,1,1.0,colon benign tissue,colon benign tissue,0.0,1.0,0.0,0.0,0.0
1,1,1.0,colon benign tissue,colon benign tissue,0.0,1.0,0.0,0.0,0.0
1,1,1.0,colon benign tissue,colon benign tissue,0.0,1.0,0.0,0.0,0.0
1,1,1.0,colon benign tissue,colon benign tissue,0.0,1.0,0.0,0.0,0.0
1,1,1.0,colon benign tissue,colon benign tissue,0.0,1.0,0.0,0.0,0.0
1,1,1.0,colon benign tissue,colon benign tissue,0.0,1.0,0.0,0.0,0.0
1,1,1.0,colon benign tissue,colon benign tissue,0.0,1.0,0.0,0.0,0.0
1,1,1.0,colon benign tissue,colon benign tissue,0.0,1.0,0.0,0.0,0.0
1,1,1.0,colon benign tissue,colon benign tissue,0.0,1.0,0.0,0.0,0.0
1,1,1.0,colon benign tissue,colon benign tissue,0.0,1.0,0.0,0.0,0.0
1,1,1.0,colon benign tissue,colon benign tissue,0.0,1.0,0.0,0.0,0.0
1,1,1.0,colon benign tissue,colon benign tissue,0.0,1.0,0.0,0.0,0.0
1,1,1.0,colon benign tissue,colon benign tissue,0.0,1.0,0.0,0.0,0.0
1,1,1.0,colon benign tissue,colon benign tissue,0.0,1.0,0.0,0.0,0.0
1,1,1.0,colon benign tissue,colon benign tissue,0.0,1.0,0.0,0.0,0.0
1,1,1.0,colon benign tissue,colon benign tissue,0.0,1.0,0.0,0.0,0.0
1,1,1.0,colon benign tissue,colon benign tissue,0.0,1.0,0.0,0.0,0.0
1,1,1.0,colon benign tissue,colon benign tissue,0.0,1.0,0.0,0.0,0.0
1,1,1.0,colon benign tissue,colon benign tissue,0.0,1.0,0.0,0.0,0.0
1,1,1.0,colon benign tissue,colon benign tissue,0.0,1.0,0.0,0.0,0.0
1,1,1.0,colon benign tissue,colon benign tissue,0.0,1.0,0.0,0.0,0.0
1,1,1.0,colon benign tissue,colon benign tissue,0.0,1.0,0.0,0.0,0.0
1,1,1.0,colon benign tissue,colon benign tissue,0.0,1.0,0.0,0.0,0.0
1,1,1.0,colon benign tissue,colon benign tissue,0.0,1.0,0.0,0.0,0.0
1,1,1.0,colon benign tissue,colon benign tissue,0.0,1.0,0.0,0.0,0.0
1,1,1.0,colon benign tissue,colon benign tissue,0.0,1.0,0.0,0.0,0.0
1,1,1.0,colon benign tissue,colon benign tissue,0.0,1.0,0.0,0.0,0.0
1,1,1.0,colon benign tissue,colon benign tissue,0.0,1.0,0.0,0.0,0.0
1,1,1.0,colon benign tissue,colon benign tissue,0.0,1.0,0.0,0.0,0.0
1,1,1.0,colon benign tissue,colon benign tissue,0.0,1.0,0.0,0.0,0.0
1,1,1.0,colon benign tissue,colon benign tissue,0.0,1.0,0.0,0.0,0.0
1,1,1.0,colon benign tissue,colon benign tissue,0.0,1.0,0.0,0.0,0.0
1,1,1.0,colon benign tissue,colon benign tissue,0.0,1.0,0.0,0.0,0.0
1,1,1.0,colon benign tissue,colon benign tissue,0.0,1.0,0.0,0.0,0.0
1,1,1.0,colon benign tissue,colon benign tissue,0.0,1.0,0.0,0.0,0.0
1,1,1.0,colon benign tissue,colon benign tissue,0.0,1.0,0.0,0.0,0.0
1,1,1.0,colon benign tissue,colon benign tissue,0.0,1.0,0.0,0.0,0.0
1,1,1.0,colon benign tissue,colon benign tissue,0.0,1.0,0.0,0.0,0.0
1,1,1.0,colon benign tissue,colon benign tissue,0.0,1.0,0.0,0.0,0.0
1,1,1.0,colon benign tissue,colon benign tissue,0.0,1.0,0.0,0.0,0.0
1,1,1.0,colon benign tissue,colon benign tissue,0.0,1.0,0.0,0.0,0.0
1,1,1.0,colon benign tissue,colon benign tissue,0.0,1.0,0.0,0.0,0.0
1,1,1.0,colon benign tissue,colon benign tissue,0.0,1.0,0.0,0.0,0.0
1,1,1.0,colon benign tissue,colon benign tissue,0.0,1.0,0.0,0.0,0.0
1,1,1.0,colon benign tissue,colon benign tissue,0.0,1.0,0.0,0.0,0.0
1,1,1.0,colon benign tissue,colon benign tissue,0.0,1.0,0.0,0.0,0.0
1,1,1.0,colon benign tissue,colon benign tissue,0.0,1.0,0.0,0.0,0.0
1,1,1.0,colon benign tissue,colon benign tissue,0.0,1.0,0.0,0.0,0.0
1,1,1.0,colon benign tissue,colon benign tissue,0.0,1.0,0.0,0.0,0.0
1,1,1.0,colon benign tissue,colon benign tissue,0.0,1.0,0.0,0.0,0.0
1,1,1.0,colon benign tissue,colon benign tissue,0.0,1.0,0.0,0.0,0.0
1,1,1.0,colon benign tissue,colon benign tissue,0.0,1.0,0.0,0.0,0.0
1,1,1.0,colon benign tissue,colon benign tissue,0.0,1.0,0.0,0.0,0.0
1,1,1.0,colon benign tissue,colon benign tissue,0.0,1.0,0.0,0.0,0.0
1,1,1.0,colon benign tissue,colon benign tissue,0.0,1.0,0.0,0.0,0.0
1,1,1.0,colon benign tissue,colon benign tissue,0.0,1.0,0.0,0.0,0.0
1,1,1.0,colon benign tissue,colon benign tissue,0.0,1.0,0.0,0.0,0.0
1,1,1.0,colon benign tissue,colon benign tissue,0.0,1.0,0.0,0.0,0.0
1,1,1.0,colon benign tissue,colon benign tissue,0.0,1.0,0.0,0.0,0.0
1,1,1.0,colon benign tissue,colon benign tissue,0.0,1.0,0.0,0.0,0.0
1,1,1.0,colon benign tissue,colon benign tissue,0.0,1.0,0.0,0.0,0.0
1,1,1.0,colon benign tissue,colon benign tissue,0.0,1.0,0.0,0.0,0.0
1,1,1.0,colon benign tissue,colon benign tissue,0.0,1.0,0.0,0.0,0.0
1,1,1.0,colon benign tissue,colon benign tissue,0.0,1.0,0.0,0.0,0.0
1,1,1.0,colon benign tissue,colon benign tissue,0.0,1.0,0.0,0.0,0.0
1,1,1.0,colon benign tissue,colon benign tissue,0.0,1.0,0.0,0.0,0.0
1,1,1.0,colon benign tissue,colon benign tissue,0.0,1.0,0.0,0.0,0.0
1,1,1.0,colon benign tissue,colon benign tissue,0.0,1.0,0.0,0.0,0.0
1,1,1.0,colon benign tissue,colon benign tissue,0.0,1.0,0.0,0.0,0.0
1,1,1.0,colon benign tissue,colon benign tissue,0.0,1.0,0.0,0.0,0.0
1,1,1.0,colon benign tissue,colon benign tissue,0.0,1.0,0.0,0.0,0.0
1,1,1.0,colon benign tissue,colon benign tissue,0.0,1.0,0.0,0.0,0.0
1,1,1.0,colon benign tissue,colon benign tissue,0.0,1.0,0.0,0.0,0.0
1,1,1.0,colon benign tissue,colon benign tissue,0.0,1.0,0.0,0.0,0.0
1,1,1.0,colon benign tissue,colon benign tissue,0.0,1.0,0.0,0.0,0.0
1,1,1.0,colon benign tissue,colon benign tissue,0.0,1.0,0.0,0.0,0.0
1,1,1.0,colon benign tissue,colon benign tissue,0.0,1.0,0.0,0.0,0.0
1,1,1.0,colon benign tissue,colon benign tissue,0.0,1.0,0.0,0.0,0.0
1,1,1.0,colon benign tissue,colon benign tissue,0.0,1.0,0.0,0.0,0.0
1,1,1.0,colon benign tissue,colon benign tissue,0.0,1.0,0.0,0.0,0.0
1,1,1.0,colon benign tissue,colon benign tissue,0.0,1.0,0.0,0.0,0.0
1,1,1.0,colon benign tissue,colon benign tissue,0.0,1.0,0.0,0.0,0.0
1,1,1.0,colon benign tissue,colon benign tissue,0.0,1.0,0.0,0.0,0.0
1,1,1.0,colon benign tissue,colon benign tissue,0.0,1.0,0.0,0.0,0.0
1,1,1.0,colon benign tissue,colon benign tissue,0.0,1.0,0.0,0.0,0.0
1,1,1.0,colon benign tissue,colon benign tissue,0.0,1.0,0.0,0.0,0.0
1,1,1.0,colon benign tissue,colon benign tissue,0.0,1.0,0.0,0.0,0.0
1,1,1.0,colon benign tissue,colon benign tissue,0.0,1.0,0.0,0.0,0.0
1,1,1.0,colon benign tissue,colon benign tissue,0.0,1.0,0.0,0.0,0.0
1,1,1.0,colon benign tissue,colon benign tissue,0.0,1.0,0.0,0.0,0.0
1,1,1.0,colon benign tissue,colon benign tissue,0.0,1.0,0.0,0.0,0.0
1,1,1.0,colon benign tissue,colon benign tissue,0.0,1.0,0.0,0.0,0.0
1,1,1.0,colon benign tissue,colon benign tissue,0.0,1.0,0.0,0.0,0.0
1,1,1.0,colon benign tissue,colon benign tissue,0.0,1.0,0.0,0.0,0.0
1,1,1.0,colon benign tissue,colon benign tissue,0.0,1.0,0.0,0.0,0.0
1,1,1.0,colon benign tissue,colon benign tissue,0.0,1.0,0.0,0.0,0.0
1,1,1.0,colon benign tissue,colon benign tissue,0.0,1.0,0.0,0.0,0.0
1,1,1.0,colon benign tissue,colon benign tissue,0.0,1.0,0.0,0.0,0.0
1,1,1.0,colon benign tissue,colon benign tissue,0.0,1.0,0.0,0.0,0.0
1,1,1.0,colon benign tissue,colon benign tissue,0.0,1.0,0.0,0.0,0.0
1,1,1.0,colon benign tissue,colon benign tissue,0.0,1.0,0.0,0.0,0.0
1,1,1.0,colon benign tissue,colon benign tissue,0.0,1.0,0.0,0.0,0.0
1,1,1.0,colon benign tissue,colon benign tissue,0.0,1.0,0.0,0.0,0.0
1,1,1.0,colon benign tissue,colon benign tissue,0.0,1.0,0.0,0.0,0.0
1,1,1.0,colon benign tissue,colon benign tissue,0.0,1.0,0.0,0.0,0.0
1,1,1.0,colon benign tissue,colon benign tissue,0.0,1.0,0.0,0.0,0.0
1,1,1.0,colon benign tissue,colon benign tissue,0.0,1.0,0.0,0.0,0.0
1,1,1.0,colon benign tissue,colon benign tissue,0.0,1.0,0.0,0.0,0.0
1,1,1.0,colon benign tissue,colon benign tissue,0.0,1.0,0.0,0.0,0.0
1,1,1.0,colon benign tissue,colon benign tissue,0.0,1.0,0.0,0.0,0.0
1,1,1.0,colon benign tissue,colon benign tissue,0.0,1.0,0.0,0.0,0.0
1,1,1.0,colon benign tissue,colon benign tissue,0.0,1.0,0.0,0.0,0.0
1,1,1.0,colon benign tissue,colon benign tissue,0.0,1.0,0.0,0.0,0.0
1,1,1.0,colon benign tissue,colon benign tissue,0.0,1.0,0.0,0.0,0.0
1,1,1.0,colon benign tissue,colon benign tissue,0.0,1.0,0.0,0.0,0.0
1,1,1.0,colon benign tissue,colon benign tissue,0.0,1.0,0.0,0.0,0.0
1,1,1.0,colon benign tissue,colon benign tissue,0.0,1.0,0.0,0.0,0.0
1,1,1.0,colon benign tissue,colon benign tissue,0.0,1.0,0.0,0.0,0.0
1,1,1.0,colon benign tissue,colon benign tissue,0.0,1.0,0.0,0.0,0.0
1,1,1.0,colon benign tissue,colon benign tissue,0.0,1.0,0.0,0.0,0.0
1,1,1.0,colon benign tissue,colon benign tissue,0.0,1.0,0.0,0.0,0.0
1,1,1.0,colon benign tissue,colon benign tissue,0.0,1.0,0.0,0.0,0.0
1,1,1.0,colon benign tissue,colon benign tissue,0.0,1.0,0.0,0.0,0.0
1,1,1.0,colon benign tissue,colon benign tissue,0.0,1.0,0.0,0.0,0.0
1,1,1.0,colon benign tissue,colon benign tissue,0.0,1.0,0.0,0.0,0.0
1,1,1.0,colon benign tissue,colon benign tissue,0.0,1.0,0.0,0.0,0.0
1,1,1.0,colon benign tissue,colon benign tissue,0.0,1.0,0.0,0.0,0.0
1,1,1.0,colon benign tissue,colon benign tissue,0.0,1.0,0.0,0.0,0.0
1,1,1.0,colon benign tissue,colon benign tissue,0.0,1.0,0.0,0.0,0.0
1,1,1.0,colon benign tissue,colon benign tissue,0.0,1.0,0.0,0.0,0.0
1,1,1.0,colon benign tissue,colon benign tissue,0.0,1.0,0.0,0.0,0.0
1,1,1.0,colon benign tissue,colon benign tissue,0.0,1.0,0.0,0.0,0.0
1,1,1.0,colon benign tissue,colon benign tissue,0.0,1.0,0.0,0.0,0.0
1,1,1.0,colon benign tissue,colon benign tissue,0.0,1.0,0.0,0.0,0.0
1,1,1.0,colon benign tissue,colon benign tissue,0.0,1.0,0.0,0.0,0.0
1,1,1.0,colon benign tissue,colon benign tissue,0.0,1.0,0.0,0.0,0.0
1,1,1.0,colon benign tissue,colon benign tissue,0.0,1.0,0.0,0.0,0.0
1,1,1.0,colon benign tissue,colon benign tissue,0.0,1.0,0.0,0.0,0.0
1,1,1.0,colon benign tissue,colon benign tissue,0.0,1.0,0.0,0.0,0.0
1,1,1.0,colon benign tissue,colon benign tissue,0.0,1.0,0.0,0.0,0.0
1,1,1.0,colon benign tissue,colon benign tissue,0.0,1.0,0.0,0.0,0.0
1,1,1.0,colon benign tissue,colon benign tissue,0.0,1.0,0.0,0.0,0.0
1,1,1.0,colon benign tissue,colon benign tissue,0.0,1.0,0.0,0.0,0.0
1,1,1.0,colon benign tissue,colon benign tissue,0.0,1.0,0.0,0.0,0.0
1,1,1.0,colon benign tissue,colon benign tissue,0.0,1.0,0.0,0.0,0.0
1,1,1.0,colon benign tissue,colon benign tissue,0.0,1.0,0.0,0.0,0.0
1,1,1.0,colon benign tissue,colon benign tissue,0.0,1.0,0.0,0.0,0.0
1,1,1.0,colon benign tissue,colon benign tissue,0.0,1.0,0.0,0.0,0.0
1,1,1.0,colon benign tissue,colon benign tissue,0.0,1.0,0.0,0.0,0.0
1,1,1.0,colon benign tissue,colon benign tissue,0.0,1.0,0.0,0.0,0.0
1,1,1.0,colon benign tissue,colon benign tissue,0.0,1.0,0.0,0.0,0.0
1,1,1.0,colon benign tissue,colon benign tissue,0.0,1.0,0.0,0.0,0.0
1,1,1.0,colon benign tissue,colon benign tissue,0.0,1.0,0.0,0.0,0.0
1,1,1.0,colon benign tissue,colon benign tissue,0.0,1.0,0.0,0.0,0.0
1,1,1.0,colon benign tissue,colon benign tissue,0.0,1.0,0.0,0.0,0.0
1,1,1.0,colon benign tissue,colon benign tissue,0.0,1.0,0.0,0.0,0.0
1,1,1.0,colon benign tissue,colon benign tissue,0.0,1.0,0.0,0.0,0.0
1,1,1.0,colon benign tissue,colon benign tissue,0.0,1.0,0.0,0.0,0.0
1,1,1.0,colon benign tissue,colon benign tissue,0.0,1.0,0.0,0.0,0.0
1,1,1.0,colon benign tissue,colon benign tissue,0.0,1.0,0.0,0.0,0.0
1,1,1.0,colon benign tissue,colon benign tissue,0.0,1.0,0.0,0.0,0.0
1,1,1.0,colon benign tissue,colon benign tissue,0.0,1.0,0.0,0.0,0.0
1,1,1.0,colon benign tissue,colon benign tissue,0.0,1.0,0.0,0.0,0.0
1,1,1.0,colon benign tissue,colon benign tissue,0.0,1.0,0.0,0.0,0.0
1,1,1.0,colon benign tissue,colon benign tissue,0.0,1.0,0.0,0.0,0.0
1,1,1.0,colon benign tissue,colon benign tissue,0.0,1.0,0.0,0.0,0.0
1,1,1.0,colon benign tissue,colon benign tissue,0.0,1.0,0.0,0.0,0.0
1,1,1.0,colon benign tissue,colon benign tissue,0.0,1.0,0.0,0.0,0.0
1,1,1.0,colon benign tissue,colon benign tissue,0.0,1.0,0.0,0.0,0.0
1,1,1.0,colon benign tissue,colon benign tissue,0.0,1.0,0.0,0.0,0.0
1,1,1.0,colon benign tissue,colon benign tissue,0.0,1.0,0.0,0.0,0.0
1,1,1.0,colon benign tissue,colon benign tissue,0.0,1.0,0.0,0.0,0.0
1,1,1.0,colon benign tissue,colon benign tissue,0.0,1.0,0.0,0.0,0.0
1,1,1.0,colon benign tissue,colon benign tissue,0.0,1.0,0.0,0.0,0.0
1,1,1.0,colon benign tissue,colon benign tissue,0.0,1.0,0.0,0.0,0.0
1,1,1.0,colon benign tissue,colon benign tissue,0.0,1.0,0.0,0.0,0.0
1,1,1.0,colon benign tissue,colon benign tissue,0.0,1.0,0.0,0.0,0.0
1,1,1.0,colon benign tissue,colon benign tissue,0.0,1.0,0.0,0.0,0.0
1,1,1.0,colon benign tissue,colon benign tissue,0.0,1.0,0.0,0.0,0.0
1,1,1.0,colon benign tissue,colon benign tissue,0.0,1.0,0.0,0.0,0.0
1,1,1.0,colon benign tissue,colon benign tissue,0.0,1.0,0.0,0.0,0.0
1,1,1.0,colon benign tissue,colon benign tissue,0.0,1.0,0.0,0.0,0.0
1,1,1.0,colon benign tissue,colon benign tissue,0.0,1.0,0.0,0.0,0.0
1,1,1.0,colon benign tissue,colon benign tissue,0.0,1.0,0.0,0.0,0.0
1,1,1.0,colon benign tissue,colon benign tissue,0.0,1.0,0.0,0.0,0.0
1,1,1.0,colon benign tissue,colon benign tissue,0.0,1.0,0.0,0.0,0.0
1,1,1.0,colon benign tissue,colon benign tissue,0.0,1.0,0.0,0.0,0.0
1,1,1.0,colon benign tissue,colon benign tissue,0.0,1.0,0.0,0.0,0.0
1,1,1.0,colon benign tissue,colon benign tissue,0.0,1.0,0.0,0.0,0.0
1,1,1.0,colon benign tissue,colon benign tissue,0.0,1.0,0.0,0.0,0.0
1,1,1.0,colon benign tissue,colon benign tissue,0.0,1.0,0.0,0.0,0.0
1,1,1.0,colon benign tissue,colon benign tissue,0.0,1.0,0.0,0.0,0.0
1,1,1.0,colon benign tissue,colon benign tissue,0.0,1.0,0.0,0.0,0.0
1,1,1.0,colon benign tissue,colon benign tissue,0.0,1.0,0.0,0.0,0.0
1,1,1.0,colon benign tissue,colon benign tissue,0.0,1.0,0.0,0.0,0.0
1,1,1.0,colon benign tissue,colon benign tissue,0.0,1.0,0.0,0.0,0.0
1,1,1.0,colon benign tissue,colon benign tissue,0.0,1.0,0.0,0.0,0.0
1,1,1.0,colon benign tissue,colon benign tissue,0.0,1.0,0.0,0.0,0.0
1,1,1.0,colon benign tissue,colon benign tissue,0.0,1.0,0.0,0.0,0.0
1,1,1.0,colon benign tissue,colon benign tissue,0.0,1.0,0.0,0.0,0.0
1,1,1.0,colon benign tissue,colon benign tissue,0.0,1.0,0.0,0.0,0.0
1,1,1.0,colon benign tissue,colon benign tissue,0.0,1.0,0.0,0.0,0.0
1,1,1.0,colon benign tissue,colon benign tissue,0.0,1.0,0.0,0.0,0.0
1,1,1.0,colon benign tissue,colon benign tissue,0.0,1.0,0.0,0.0,0.0
1,1,1.0,colon benign tissue,colon benign tissue,0.0,1.0,0.0,0.0,0.0
1,1,1.0,colon benign tissue,colon benign tissue,0.0,1.0,0.0,0.0,0.0
1,1,1.0,colon benign tissue,colon benign tissue,0.0,1.0,0.0,0.0,0.0
1,1,1.0,colon benign tissue,colon benign tissue,0.0,1.0,0.0,0.0,0.0
1,1,1.0,colon benign tissue,colon benign tissue,0.0,1.0,0.0,0.0,0.0
1,1,1.0,colon benign tissue,colon benign tissue,0.0,1.0,0.0,0.0,0.0
1,1,1.0,colon benign tissue,colon benign tissue,0.0,1.0,0.0,0.0,0.0
1,1,1.0,colon benign tissue,colon benign tissue,0.0,1.0,0.0,0.0,0.0
1,1,1.0,colon benign tissue,colon benign tissue,0.0,1.0,0.0,0.0,0.0
1,1,1.0,colon benign tissue,colon benign tissue,0.0,1.0,0.0,0.0,0.0
1,1,1.0,colon benign tissue,colon benign tissue,0.0,1.0,0.0,0.0,0.0
1,1,1.0,colon benign tissue,colon benign tissue,0.0,1.0,0.0,0.0,0.0
1,1,1.0,colon benign tissue,colon benign tissue,0.0,1.0,0.0,0.0,0.0
1,1,1.0,colon benign tissue,colon benign tissue,0.0,1.0,0.0,0.0,0.0
1,1,1.0,colon benign tissue,colon benign tissue,0.0,1.0,0.0,0.0,0.0
1,1,1.0,colon benign tissue,colon benign tissue,0.0,1.0,0.0,0.0,0.0
1,1,1.0,colon benign tissue,colon benign tissue,0.0,1.0,0.0,0.0,0.0
1,1,1.0,colon benign tissue,colon benign tissue,0.0,1.0,0.0,0.0,0.0
1,1,1.0,colon benign tissue,colon benign tissue,0.0,1.0,0.0,0.0,0.0
1,1,1.0,colon benign tissue,colon benign tissue,0.0,1.0,0.0,0.0,0.0
1,1,1.0,colon benign tissue,colon benign tissue,0.0,1.0,0.0,0.0,0.0
1,1,1.0,colon benign tissue,colon benign tissue,0.0,1.0,0.0,0.0,0.0
1,1,1.0,colon benign tissue,colon benign tissue,0.0,1.0,0.0,0.0,0.0
1,1,1.0,colon benign tissue,colon benign tissue,0.0,1.0,0.0,0.0,0.0
1,1,1.0,colon benign tissue,colon benign tissue,0.0,1.0,0.0,0.0,0.0
1,1,1.0,colon benign tissue,colon benign tissue,0.0,1.0,0.0,0.0,0.0
1,1,1.0,colon benign tissue,colon benign tissue,0.0,1.0,0.0,0.0,0.0
1,1,1.0,colon benign tissue,colon benign tissue,0.0,1.0,0.0,0.0,0.0
1,1,1.0,colon benign tissue,colon benign tissue,0.0,1.0,0.0,0.0,0.0
1,1,1.0,colon benign tissue,colon benign tissue,0.0,1.0,0.0,0.0,0.0
1,1,1.0,colon benign tissue,colon benign tissue,0.0,1.0,0.0,0.0,0.0
1,1,1.0,colon benign tissue,colon benign tissue,0.0,1.0,0.0,0.0,0.0
1,1,1.0,colon benign tissue,colon benign tissue,0.0,1.0,0.0,0.0,0.0
1,1,1.0,colon benign tissue,colon benign tissue,0.0,1.0,0.0,0.0,0.0
1,1,1.0,colon benign tissue,colon benign tissue,0.0,1.0,0.0,0.0,0.0
1,1,1.0,colon benign tissue,colon benign tissue,0.0,1.0,0.0,0.0,0.0
1,1,1.0,colon benign tissue,colon benign tissue,0.0,1.0,0.0,0.0,0.0
1,1,1.0,colon benign tissue,colon benign tissue,0.0,1.0,0.0,0.0,0.0
1,1,1.0,colon benign tissue,colon benign tissue,0.0,1.0,0.0,0.0,0.0
1,1,1.0,colon benign tissue,colon benign tissue,0.0,1.0,0.0,0.0,0.0
1,1,1.0,colon benign tissue,colon benign tissue,0.0,1.0,0.0,0.0,0.0
1,1,1.0,colon benign tissue,colon benign tissue,0.0,1.0,0.0,0.0,0.0
1,1,1.0,colon benign tissue,colon benign tissue,0.0,1.0,0.0,0.0,0.0
1,1,1.0,colon benign tissue,colon benign tissue,0.0,1.0,0.0,0.0,0.0
1,1,1.0,colon benign tissue,colon benign tissue,0.0,1.0,0.0,0.0,0.0
1,1,1.0,colon benign tissue,colon benign tissue,0.0,1.0,0.0,0.0,0.0
1,1,1.0,colon benign tissue,colon benign tissue,0.0,1.0,0.0,0.0,0.0
1,1,1.0,colon benign tissue,colon benign tissue,0.0,1.0,0.0,0.0,0.0
1,1,1.0,colon benign tissue,colon benign tissue,0.0,1.0,0.0,0.0,0.0
1,1,1.0,colon benign tissue,colon benign tissue,0.0,1.0,0.0,0.0,0.0
1,1,1.0,colon benign tissue,colon benign tissue,0.0,1.0,0.0,0.0,0.0
1,1,1.0,colon benign tissue,colon benign tissue,0.0,1.0,0.0,0.0,0.0
1,1,1.0,colon benign tissue,colon benign tissue,0.0,1.0,0.0,0.0,0.0
1,1,0.999985,colon benign tissue,colon benign tissue,1.5e-05,0.999985,0.0,0.0,0.0
1,1,1.0,colon benign tissue,colon benign tissue,0.0,1.0,0.0,0.0,0.0
1,1,1.0,colon benign tissue,colon benign tissue,0.0,1.0,0.0,0.0,0.0
1,1,1.0,colon benign tissue,colon benign tissue,0.0,1.0,0.0,0.0,0.0
1,1,1.0,colon benign tissue,colon benign tissue,0.0,1.0,0.0,0.0,0.0
1,1,1.0,colon benign tissue,colon benign tissue,0.0,1.0,0.0,0.0,0.0
1,1,1.0,colon benign tissue,colon benign tissue,0.0,1.0,0.0,0.0,0.0
1,1,1.0,colon benign tissue,colon benign tissue,0.0,1.0,0.0,0.0,0.0
1,1,1.0,colon benign tissue,colon benign tissue,0.0,1.0,0.0,0.0,0.0
1,1,1.0,colon benign tissue,colon benign tissue,0.0,1.0,0.0,0.0,0.0
1,1,1.0,colon benign tissue,colon benign tissue,0.0,1.0,0.0,0.0,0.0
1,1,1.0,colon benign tissue,colon benign tissue,0.0,1.0,0.0,0.0,0.0
1,1,1.0,colon benign tissue,colon benign tissue,0.0,1.0,0.0,0.0,0.0
1,1,1.0,colon benign tissue,colon benign tissue,0.0,1.0,0.0,0.0,0.0
1,1,1.0,colon benign tissue,colon benign tissue,0.0,1.0,0.0,0.0,0.0
1,1,1.0,colon benign tissue,colon benign tissue,0.0,1.0,0.0,0.0,0.0
1,1,1.0,colon benign tissue,colon benign tissue,0.0,1.0,0.0,0.0,0.0
1,1,1.0,colon benign tissue,colon benign tissue,0.0,1.0,0.0,0.0,0.0
1,1,1.0,colon benign tissue,colon benign tissue,0.0,1.0,0.0,0.0,0.0
1,1,1.0,colon benign tissue,colon benign tissue,0.0,1.0,0.0,0.0,0.0
1,1,1.0,colon benign tissue,colon benign tissue,0.0,1.0,0.0,0.0,0.0
1,1,1.0,colon benign tissue,colon benign tissue,0.0,1.0,0.0,0.0,0.0
1,1,1.0,colon benign tissue,colon benign tissue,0.0,1.0,0.0,0.0,0.0
1,1,1.0,colon benign tissue,colon benign tissue,0.0,1.0,0.0,0.0,0.0
1,1,1.0,colon benign tissue,colon benign tissue,0.0,1.0,0.0,0.0,0.0
1,1,1.0,colon benign tissue,colon benign tissue,0.0,1.0,0.0,0.0,0.0
1,1,1.0,colon benign tissue,colon benign tissue,0.0,1.0,0.0,0.0,0.0
1,1,1.0,colon benign tissue,colon benign tissue,0.0,1.0,0.0,0.0,0.0
1,1,1.0,colon benign tissue,colon benign tissue,0.0,1.0,0.0,0.0,0.0
1,1,1.0,colon benign tissue,colon benign tissue,0.0,1.0,0.0,0.0,0.0
1,1,1.0,colon benign tissue,colon benign tissue,0.0,1.0,0.0,0.0,0.0
1,1,1.0,colon benign tissue,colon benign tissue,0.0,1.0,0.0,0.0,0.0
1,1,1.0,colon benign tissue,colon benign tissue,0.0,1.0,0.0,0.0,0.0
1,1,1.0,colon benign tissue,colon benign tissue,0.0,1.0,0.0,0.0,0.0
1,1,1.0,colon benign tissue,colon benign tissue,0.0,1.0,0.0,0.0,0.0
1,1,1.0,colon benign tissue,colon benign tissue,0.0,1.0,0.0,0.0,0.0
1,1,1.0,colon benign tissue,colon benign tissue,0.0,1.0,0.0,0.0,0.0
1,1,1.0,colon benign tissue,colon benign tissue,0.0,1.0,0.0,0.0,0.0
1,1,1.0,colon benign tissue,colon benign tissue,0.0,1.0,0.0,0.0,0.0
1,1,1.0,colon benign tissue,colon benign tissue,0.0,1.0,0.0,0.0,0.0
1,1,1.0,colon benign tissue,colon benign tissue,0.0,1.0,0.0,0.0,0.0
1,1,1.0,colon benign tissue,colon benign tissue,0.0,1.0,0.0,0.0,0.0
1,1,1.0,colon benign tissue,colon benign tissue,0.0,1.0,0.0,0.0,0.0
1,1,1.0,colon benign tissue,colon benign tissue,0.0,1.0,0.0,0.0,0.0
1,1,1.0,colon benign tissue,colon benign tissue,0.0,1.0,0.0,0.0,0.0
1,1,1.0,colon benign tissue,colon benign tissue,0.0,1.0,0.0,0.0,0.0
1,1,1.0,colon benign tissue,colon benign tissue,0.0,1.0,0.0,0.0,0.0
1,1,1.0,colon benign tissue,colon benign tissue,0.0,1.0,0.0,0.0,0.0
1,1,1.0,colon benign tissue,colon benign tissue,0.0,1.0,0.0,0.0,0.0
1,1,1.0,colon benign tissue,colon benign tissue,0.0,1.0,0.0,0.0,0.0
1,1,1.0,colon benign tissue,colon benign tissue,0.0,1.0,0.0,0.0,0.0
1,1,1.0,colon benign tissue,colon benign tissue,0.0,1.0,0.0,0.0,0.0
1,1,1.0,colon benign tissue,colon benign tissue,0.0,1.0,0.0,0.0,0.0
1,1,1.0,colon benign tissue,colon benign tissue,0.0,1.0,0.0,0.0,0.0
1,1,1.0,colon benign tissue,colon benign tissue,0.0,1.0,0.0,0.0,0.0
1,1,1.0,colon benign tissue,colon benign tissue,0.0,1.0,0.0,0.0,0.0
1,1,1.0,colon benign tissue,colon benign tissue,0.0,1.0,0.0,0.0,0.0
1,1,1.0,colon benign tissue,colon benign tissue,0.0,1.0,0.0,0.0,0.0
1,1,1.0,colon benign tissue,colon benign tissue,0.0,1.0,0.0,0.0,0.0
1,1,1.0,colon benign tissue,colon benign tissue,0.0,1.0,0.0,0.0,0.0
1,1,1.0,colon benign tissue,colon benign tissue,0.0,1.0,0.0,0.0,0.0
1,1,1.0,colon benign tissue,colon benign tissue,0.0,1.0,0.0,0.0,0.0
1,1,1.0,colon benign tissue,colon benign tissue,0.0,1.0,0.0,0.0,0.0
2,2,1.0,lung adenocarcinoma,lung adenocarcinoma,0.0,0.0,1.0,0.0,0.0
2,2,1.0,lung adenocarcinoma,lung adenocarcinoma,0.0,0.0,1.0,0.0,0.0
2,2,1.0,lung adenocarcinoma,lung adenocarcinoma,0.0,0.0,1.0,0.0,0.0
2,2,1.0,lung adenocarcinoma,lung adenocarcinoma,0.0,0.0,1.0,0.0,0.0
2,2,1.0,lung adenocarcinoma,lung adenocarcinoma,0.0,0.0,1.0,0.0,0.0
2,2,1.0,lung adenocarcinoma,lung adenocarcinoma,0.0,0.0,1.0,0.0,0.0
2,2,1.0,lung adenocarcinoma,lung adenocarcinoma,0.0,0.0,1.0,0.0,0.0
2,2,1.0,lung adenocarcinoma,lung adenocarcinoma,0.0,0.0,1.0,0.0,0.0
2,2,1.0,lung adenocarcinoma,lung adenocarcinoma,0.0,0.0,1.0,0.0,0.0
2,2,1.0,lung adenocarcinoma,lung adenocarcinoma,0.0,0.0,1.0,0.0,0.0
2,2,1.0,lung adenocarcinoma,lung adenocarcinoma,0.0,0.0,1.0,0.0,0.0
2,2,0.999998,lung adenocarcinoma,lung adenocarcinoma,0.0,0.0,0.999998,0.0,2e-06
2,2,1.0,lung adenocarcinoma,lung adenocarcinoma,0.0,0.0,1.0,0.0,0.0
2,2,0.999998,lung adenocarcinoma,lung adenocarcinoma,0.0,0.0,0.999998,0.0,2e-06
2,2,1.0,lung adenocarcinoma,lung adenocarcinoma,0.0,0.0,1.0,0.0,0.0
2,2,1.0,lung adenocarcinoma,lung adenocarcinoma,0.0,0.0,1.0,0.0,0.0
2,2,1.0,lung adenocarcinoma,lung adenocarcinoma,0.0,0.0,1.0,0.0,0.0
2,2,1.0,lung adenocarcinoma,lung adenocarcinoma,0.0,0.0,1.0,0.0,0.0
2,2,1.0,lung adenocarcinoma,lung adenocarcinoma,0.0,0.0,1.0,0.0,0.0
2,2,1.0,lung adenocarcinoma,lung adenocarcinoma,0.0,0.0,1.0,0.0,0.0
2,2,1.0,lung adenocarcinoma,lung adenocarcinoma,0.0,0.0,1.0,0.0,0.0
2,2,0.999981,lung adenocarcinoma,lung adenocarcinoma,0.0,0.0,0.999981,0.0,1.9e-05
2,2,1.0,lung adenocarcinoma,lung adenocarcinoma,0.0,0.0,1.0,0.0,0.0
2,2,1.0,lung adenocarcinoma,lung adenocarcinoma,0.0,0.0,1.0,0.0,0.0
2,2,1.0,lung adenocarcinoma,lung adenocarcinoma,0.0,0.0,1.0,0.0,0.0
2,2,0.999999,lung adenocarcinoma,lung adenocarcinoma,0.0,0.0,0.999999,0.0,1e-06
2,2,1.0,lung adenocarcinoma,lung adenocarcinoma,0.0,0.0,1.0,0.0,0.0
2,2,1.0,lung adenocarcinoma,lung adenocarcinoma,0.0,0.0,1.0,0.0,0.0
2,2,0.99989,lung adenocarcinoma,lung adenocarcinoma,0.0,0.0,0.99989,0.0,0.00011
2,2,0.999999,lung adenocarcinoma,lung adenocarcinoma,0.0,0.0,0.999999,0.0,1e-06
2,2,1.0,lung adenocarcinoma,lung adenocarcinoma,0.0,0.0,1.0,0.0,0.0
2,2,0.999999,lung adenocarcinoma,lung adenocarcinoma,0.0,0.0,0.999999,0.0,1e-06
2,2,1.0,lung adenocarcinoma,lung adenocarcinoma,0.0,0.0,1.0,0.0,0.0
2,2,1.0,lung adenocarcinoma,lung adenocarcinoma,0.0,0.0,1.0,0.0,0.0
2,2,1.0,lung adenocarcinoma,lung adenocarcinoma,0.0,0.0,1.0,0.0,0.0
2,2,0.999997,lung adenocarcinoma,lung adenocarcinoma,0.0,0.0,0.999997,0.0,3e-06
2,2,1.0,lung adenocarcinoma,lung adenocarcinoma,0.0,0.0,1.0,0.0,0.0
2,2,0.999825,lung adenocarcinoma,lung adenocarcinoma,0.0,0.0,0.999825,0.0,0.000175
2,2,1.0,lung adenocarcinoma,lung adenocarcinoma,0.0,0.0,1.0,0.0,0.0
2,2,1.0,lung adenocarcinoma,lung adenocarcinoma,0.0,0.0,1.0,0.0,0.0
2,2,1.0,lung adenocarcinoma,lung adenocarcinoma,0.0,0.0,1.0,0.0,0.0
2,2,1.0,lung adenocarcinoma,lung adenocarcinoma,0.0,0.0,1.0,0.0,0.0
2,2,1.0,lung adenocarcinoma,lung adenocarcinoma,0.0,0.0,1.0,0.0,0.0
2,2,1.0,lung adenocarcinoma,lung adenocarcinoma,0.0,0.0,1.0,0.0,0.0
2,2,1.0,lung adenocarcinoma,lung adenocarcinoma,0.0,0.0,1.0,0.0,0.0
2,2,1.0,lung adenocarcinoma,lung adenocarcinoma,0.0,0.0,1.0,0.0,0.0
2,2,1.0,lung adenocarcinoma,lung adenocarcinoma,0.0,0.0,1.0,0.0,0.0
2,2,1.0,lung adenocarcinoma,lung adenocarcinoma,0.0,0.0,1.0,0.0,0.0
2,2,1.0,lung adenocarcinoma,lung adenocarcinoma,0.0,0.0,1.0,0.0,0.0
2,2,1.0,lung adenocarcinoma,lung adenocarcinoma,0.0,0.0,1.0,0.0,0.0
2,2,1.0,lung adenocarcinoma,lung adenocarcinoma,0.0,0.0,1.0,0.0,0.0
2,2,0.999993,lung adenocarcinoma,lung adenocarcinoma,6e-06,0.0,0.999993,0.0,0.0
2,2,0.999984,lung adenocarcinoma,lung adenocarcinoma,9e-06,0.0,0.999984,0.0,7e-06
2,2,1.0,lung adenocarcinoma,lung adenocarcinoma,0.0,0.0,1.0,0.0,0.0
2,2,1.0,lung adenocarcinoma,lung adenocarcinoma,0.0,0.0,1.0,0.0,0.0
2,2,1.0,lung adenocarcinoma,lung adenocarcinoma,0.0,0.0,1.0,0.0,0.0
2,2,1.0,lung adenocarcinoma,lung adenocarcinoma,0.0,0.0,1.0,0.0,0.0
2,2,1.0,lung adenocarcinoma,lung adenocarcinoma,0.0,0.0,1.0,0.0,0.0
2,2,0.999995,lung adenocarcinoma,lung adenocarcinoma,0.0,0.0,0.999995,5e-06,0.0
2,2,1.0,lung adenocarcinoma,lung adenocarcinoma,0.0,0.0,1.0,0.0,0.0
2,2,1.0,lung adenocarcinoma,lung adenocarcinoma,0.0,0.0,1.0,0.0,0.0
2,2,1.0,lung adenocarcinoma,lung adenocarcinoma,0.0,0.0,1.0,0.0,0.0
2,2,1.0,lung adenocarcinoma,lung adenocarcinoma,0.0,0.0,1.0,0.0,0.0
2,2,0.99999,lung adenocarcinoma,lung adenocarcinoma,0.0,0.0,0.99999,0.0,1e-05
2,2,1.0,lung adenocarcinoma,lung adenocarcinoma,0.0,0.0,1.0,0.0,0.0
2,2,1.0,lung adenocarcinoma,lung adenocarcinoma,0.0,0.0,1.0,0.0,0.0
2,2,1.0,lung adenocarcinoma,lung adenocarcinoma,0.0,0.0,1.0,0.0,0.0
2,2,1.0,lung adenocarcinoma,lung adenocarcinoma,0.0,0.0,1.0,0.0,0.0
2,2,1.0,lung adenocarcinoma,lung adenocarcinoma,0.0,0.0,1.0,0.0,0.0
2,2,1.0,lung adenocarcinoma,lung adenocarcinoma,0.0,0.0,1.0,0.0,0.0
2,2,1.0,lung adenocarcinoma,lung adenocarcinoma,0.0,0.0,1.0,0.0,0.0
2,2,1.0,lung adenocarcinoma,lung adenocarcinoma,0.0,0.0,1.0,0.0,0.0
2,2,1.0,lung adenocarcinoma,lung adenocarcinoma,0.0,0.0,1.0,0.0,0.0
2,2,1.0,lung adenocarcinoma,lung adenocarcinoma,0.0,0.0,1.0,0.0,0.0
2,2,0.999936,lung adenocarcinoma,lung adenocarcinoma,2e-06,0.0,0.999936,1e-05,5.2e-05
2,2,1.0,lung adenocarcinoma,lung adenocarcinoma,0.0,0.0,1.0,0.0,0.0
2,2,1.0,lung adenocarcinoma,lung adenocarcinoma,0.0,0.0,1.0,0.0,0.0
2,2,1.0,lung adenocarcinoma,lung adenocarcinoma,0.0,0.0,1.0,0.0,0.0
2,2,1.0,lung adenocarcinoma,lung adenocarcinoma,0.0,0.0,1.0,0.0,0.0
2,2,1.0,lung adenocarcinoma,lung adenocarcinoma,0.0,0.0,1.0,0.0,0.0
2,2,0.999987,lung adenocarcinoma,lung adenocarcinoma,0.0,0.0,0.999987,0.0,1.3e-05
2,2,1.0,lung adenocarcinoma,lung adenocarcinoma,0.0,0.0,1.0,0.0,0.0
2,2,1.0,lung adenocarcinoma,lung adenocarcinoma,0.0,0.0,1.0,0.0,0.0
2,2,1.0,lung adenocarcinoma,lung adenocarcinoma,0.0,0.0,1.0,0.0,0.0
2,2,1.0,lung adenocarcinoma,lung adenocarcinoma,0.0,0.0,1.0,0.0,0.0
2,2,1.0,lung adenocarcinoma,lung adenocarcinoma,0.0,0.0,1.0,0.0,0.0
2,2,0.999999,lung adenocarcinoma,lung adenocarcinoma,0.0,0.0,0.999999,0.0,1e-06
2,2,0.999994,lung adenocarcinoma,lung adenocarcinoma,0.0,0.0,0.999994,0.0,6e-06
2,2,1.0,lung adenocarcinoma,lung adenocarcinoma,0.0,0.0,1.0,0.0,0.0
2,2,0.999999,lung adenocarcinoma,lung adenocarcinoma,0.0,0.0,0.999999,0.0,1e-06
2,2,1.0,lung adenocarcinoma,lung adenocarcinoma,0.0,0.0,1.0,0.0,0.0
2,2,0.999997,lung adenocarcinoma,lung adenocarcinoma,0.0,0.0,0.999997,0.0,3e-06
2,2,1.0,lung adenocarcinoma,lung adenocarcinoma,0.0,0.0,1.0,0.0,0.0
2,2,1.0,lung adenocarcinoma,lung adenocarcinoma,0.0,0.0,1.0,0.0,0.0
2,2,1.0,lung adenocarcinoma,lung adenocarcinoma,0.0,0.0,1.0,0.0,0.0
2,2,1.0,lung adenocarcinoma,lung adenocarcinoma,0.0,0.0,1.0,0.0,0.0
2,2,1.0,lung adenocarcinoma,lung adenocarcinoma,0.0,0.0,1.0,0.0,0.0
2,2,1.0,lung adenocarcinoma,lung adenocarcinoma,0.0,0.0,1.0,0.0,0.0
2,2,1.0,lung adenocarcinoma,lung adenocarcinoma,0.0,0.0,1.0,0.0,0.0
2,2,1.0,lung adenocarcinoma,lung adenocarcinoma,0.0,0.0,1.0,0.0,0.0
2,2,1.0,lung adenocarcinoma,lung adenocarcinoma,0.0,0.0,1.0,0.0,0.0
2,2,1.0,lung adenocarcinoma,lung adenocarcinoma,0.0,0.0,1.0,0.0,0.0
2,2,1.0,lung adenocarcinoma,lung adenocarcinoma,0.0,0.0,1.0,0.0,0.0
2,2,1.0,lung adenocarcinoma,lung adenocarcinoma,0.0,0.0,1.0,0.0,0.0
2,2,1.0,lung adenocarcinoma,lung adenocarcinoma,0.0,0.0,1.0,0.0,0.0
2,2,1.0,lung adenocarcinoma,lung adenocarcinoma,0.0,0.0,1.0,0.0,0.0
2,2,1.0,lung adenocarcinoma,lung adenocarcinoma,0.0,0.0,1.0,0.0,0.0
2,2,1.0,lung adenocarcinoma,lung adenocarcinoma,0.0,0.0,1.0,0.0,0.0
2,2,1.0,lung adenocarcinoma,lung adenocarcinoma,0.0,0.0,1.0,0.0,0.0
2,2,1.0,lung adenocarcinoma,lung adenocarcinoma,0.0,0.0,1.0,0.0,0.0
2,2,1.0,lung adenocarcinoma,lung adenocarcinoma,0.0,0.0,1.0,0.0,0.0
2,2,1.0,lung adenocarcinoma,lung adenocarcinoma,0.0,0.0,1.0,0.0,0.0
2,2,1.0,lung adenocarcinoma,lung adenocarcinoma,0.0,0.0,1.0,0.0,0.0
2,2,1.0,lung adenocarcinoma,lung adenocarcinoma,0.0,0.0,1.0,0.0,0.0
2,2,1.0,lung adenocarcinoma,lung adenocarcinoma,0.0,0.0,1.0,0.0,0.0
2,2,1.0,lung adenocarcinoma,lung adenocarcinoma,0.0,0.0,1.0,0.0,0.0
2,2,1.0,lung adenocarcinoma,lung adenocarcinoma,0.0,0.0,1.0,0.0,0.0
2,2,1.0,lung adenocarcinoma,lung adenocarcinoma,0.0,0.0,1.0,0.0,0.0
2,2,1.0,lung adenocarcinoma,lung adenocarcinoma,0.0,0.0,1.0,0.0,0.0
2,2,1.0,lung adenocarcinoma,lung adenocarcinoma,0.0,0.0,1.0,0.0,0.0
2,2,1.0,lung adenocarcinoma,lung adenocarcinoma,0.0,0.0,1.0,0.0,0.0
2,2,1.0,lung adenocarcinoma,lung adenocarcinoma,0.0,0.0,1.0,0.0,0.0
2,2,1.0,lung adenocarcinoma,lung adenocarcinoma,0.0,0.0,1.0,0.0,0.0
2,2,1.0,lung adenocarcinoma,lung adenocarcinoma,0.0,0.0,1.0,0.0,0.0
2,2,1.0,lung adenocarcinoma,lung adenocarcinoma,0.0,0.0,1.0,0.0,0.0
2,2,1.0,lung adenocarcinoma,lung adenocarcinoma,0.0,0.0,1.0,0.0,0.0
2,2,1.0,lung adenocarcinoma,lung adenocarcinoma,0.0,0.0,1.0,0.0,0.0
2,2,1.0,lung adenocarcinoma,lung adenocarcinoma,0.0,0.0,1.0,0.0,0.0
2,2,0.999999,lung adenocarcinoma,lung adenocarcinoma,0.0,0.0,0.999999,0.0,1e-06
2,2,1.0,lung adenocarcinoma,lung adenocarcinoma,0.0,0.0,1.0,0.0,0.0
2,2,0.994666,lung adenocarcinoma,lung adenocarcinoma,0.0,0.0,0.994666,0.0,0.005333
2,2,1.0,lung adenocarcinoma,lung adenocarcinoma,0.0,0.0,1.0,0.0,0.0
2,2,1.0,lung adenocarcinoma,lung adenocarcinoma,0.0,0.0,1.0,0.0,0.0
2,2,1.0,lung adenocarcinoma,lung adenocarcinoma,0.0,0.0,1.0,0.0,0.0
2,2,1.0,lung adenocarcinoma,lung adenocarcinoma,0.0,0.0,1.0,0.0,0.0
2,2,1.0,lung adenocarcinoma,lung adenocarcinoma,0.0,0.0,1.0,0.0,0.0
2,2,1.0,lung adenocarcinoma,lung adenocarcinoma,0.0,0.0,1.0,0.0,0.0
2,2,1.0,lung adenocarcinoma,lung adenocarcinoma,0.0,0.0,1.0,0.0,0.0
2,2,1.0,lung adenocarcinoma,lung adenocarcinoma,0.0,0.0,1.0,0.0,0.0
2,2,0.999984,lung adenocarcinoma,lung adenocarcinoma,0.0,0.0,0.999984,0.0,1.6e-05
2,2,1.0,lung adenocarcinoma,lung adenocarcinoma,0.0,0.0,1.0,0.0,0.0
2,2,1.0,lung adenocarcinoma,lung adenocarcinoma,0.0,0.0,1.0,0.0,0.0
2,2,1.0,lung adenocarcinoma,lung adenocarcinoma,0.0,0.0,1.0,0.0,0.0
2,2,1.0,lung adenocarcinoma,lung adenocarcinoma,0.0,0.0,1.0,0.0,0.0
2,2,1.0,lung adenocarcinoma,lung adenocarcinoma,0.0,0.0,1.0,0.0,0.0
2,2,1.0,lung adenocarcinoma,lung adenocarcinoma,0.0,0.0,1.0,0.0,0.0
2,2,1.0,lung adenocarcinoma,lung adenocarcinoma,0.0,0.0,1.0,0.0,0.0
2,2,1.0,lung adenocarcinoma,lung adenocarcinoma,0.0,0.0,1.0,0.0,0.0
2,2,1.0,lung adenocarcinoma,lung adenocarcinoma,0.0,0.0,1.0,0.0,0.0
2,2,1.0,lung adenocarcinoma,lung adenocarcinoma,0.0,0.0,1.0,0.0,0.0
2,2,1.0,lung adenocarcinoma,lung adenocarcinoma,0.0,0.0,1.0,0.0,0.0
2,2,0.999813,lung adenocarcinoma,lung adenocarcinoma,0.0,0.0,0.999813,0.0,0.000187
2,2,1.0,lung adenocarcinoma,lung adenocarcinoma,0.0,0.0,1.0,0.0,0.0
2,2,1.0,lung adenocarcinoma,lung adenocarcinoma,0.0,0.0,1.0,0.0,0.0
2,2,1.0,lung adenocarcinoma,lung adenocarcinoma,0.0,0.0,1.0,0.0,0.0
2,2,1.0,lung adenocarcinoma,lung adenocarcinoma,0.0,0.0,1.0,0.0,0.0
2,2,1.0,lung adenocarcinoma,lung adenocarcinoma,0.0,0.0,1.0,0.0,0.0
2,2,1.0,lung adenocarcinoma,lung adenocarcinoma,0.0,0.0,1.0,0.0,0.0
2,2,1.0,lung adenocarcinoma,lung adenocarcinoma,0.0,0.0,1.0,0.0,0.0
2,2,1.0,lung adenocarcinoma,lung adenocarcinoma,0.0,0.0,1.0,0.0,0.0
2,2,1.0,lung adenocarcinoma,lung adenocarcinoma,0.0,0.0,1.0,0.0,0.0
2,2,1.0,lung adenocarcinoma,lung adenocarcinoma,0.0,0.0,1.0,0.0,0.0
2,2,1.0,lung adenocarcinoma,lung adenocarcinoma,0.0,0.0,1.0,0.0,0.0
2,2,1.0,lung adenocarcinoma,lung adenocarcinoma,0.0,0.0,1.0,0.0,0.0
2,2,1.0,lung adenocarcinoma,lung adenocarcinoma,0.0,0.0,1.0,0.0,0.0
2,2,1.0,lung adenocarcinoma,lung adenocarcinoma,0.0,0.0,1.0,0.0,0.0
2,2,0.999991,lung adenocarcinoma,lung adenocarcinoma,0.0,0.0,0.999991,0.0,9e-06
2,2,1.0,lung adenocarcinoma,lung adenocarcinoma,0.0,0.0,1.0,0.0,0.0
2,2,1.0,lung adenocarcinoma,lung adenocarcinoma,0.0,0.0,1.0,0.0,0.0
2,2,1.0,lung adenocarcinoma,lung adenocarcinoma,0.0,0.0,1.0,0.0,0.0
2,2,1.0,lung adenocarcinoma,lung adenocarcinoma,0.0,0.0,1.0,0.0,0.0
2,2,1.0,lung adenocarcinoma,lung adenocarcinoma,0.0,0.0,1.0,0.0,0.0
2,2,0.999999,lung adenocarcinoma,lung adenocarcinoma,0.0,0.0,0.999999,0.0,1e-06
2,2,1.0,lung adenocarcinoma,lung adenocarcinoma,0.0,0.0,1.0,0.0,0.0
2,2,1.0,lung adenocarcinoma,lung adenocarcinoma,0.0,0.0,1.0,0.0,0.0
2,2,1.0,lung adenocarcinoma,lung adenocarcinoma,0.0,0.0,1.0,0.0,0.0
2,2,0.999864,lung adenocarcinoma,lung adenocarcinoma,0.0,0.0,0.999864,0.0,0.000136
2,2,1.0,lung adenocarcinoma,lung adenocarcinoma,0.0,0.0,1.0,0.0,0.0
2,2,1.0,lung adenocarcinoma,lung adenocarcinoma,0.0,0.0,1.0,0.0,0.0
2,2,1.0,lung adenocarcinoma,lung adenocarcinoma,0.0,0.0,1.0,0.0,0.0
2,2,1.0,lung adenocarcinoma,lung adenocarcinoma,0.0,0.0,1.0,0.0,0.0
2,2,1.0,lung adenocarcinoma,lung adenocarcinoma,0.0,0.0,1.0,0.0,0.0
2,2,1.0,lung adenocarcinoma,lung adenocarcinoma,0.0,0.0,1.0,0.0,0.0
2,2,1.0,lung adenocarcinoma,lung adenocarcinoma,0.0,0.0,1.0,0.0,1e-06
2,2,1.0,lung adenocarcinoma,lung adenocarcinoma,0.0,0.0,1.0,0.0,0.0
2,2,1.0,lung adenocarcinoma,lung adenocarcinoma,0.0,0.0,1.0,0.0,0.0
2,2,1.0,lung adenocarcinoma,lung adenocarcinoma,0.0,0.0,1.0,0.0,0.0
2,2,1.0,lung adenocarcinoma,lung adenocarcinoma,0.0,0.0,1.0,0.0,0.0
2,2,1.0,lung adenocarcinoma,lung adenocarcinoma,0.0,0.0,1.0,0.0,0.0
2,2,1.0,lung adenocarcinoma,lung adenocarcinoma,0.0,0.0,1.0,0.0,0.0
2,2,1.0,lung adenocarcinoma,lung adenocarcinoma,0.0,0.0,1.0,0.0,0.0
2,2,1.0,lung adenocarcinoma,lung adenocarcinoma,0.0,0.0,1.0,0.0,0.0
2,2,1.0,lung adenocarcinoma,lung adenocarcinoma,0.0,0.0,1.0,0.0,0.0
2,2,1.0,lung adenocarcinoma,lung adenocarcinoma,0.0,0.0,1.0,0.0,0.0
2,2,1.0,lung adenocarcinoma,lung adenocarcinoma,0.0,0.0,1.0,0.0,0.0
2,2,1.0,lung adenocarcinoma,lung adenocarcinoma,0.0,0.0,1.0,0.0,0.0
2,2,0.999914,lung adenocarcinoma,lung adenocarcinoma,0.0,0.0,0.999914,0.0,8.6e-05
2,2,1.0,lung adenocarcinoma,lung adenocarcinoma,0.0,0.0,1.0,0.0,0.0
2,2,1.0,lung adenocarcinoma,lung adenocarcinoma,0.0,0.0,1.0,0.0,0.0
2,2,1.0,lung adenocarcinoma,lung adenocarcinoma,0.0,0.0,1.0,0.0,0.0
2,2,1.0,lung adenocarcinoma,lung adenocarcinoma,0.0,0.0,1.0,0.0,0.0
2,2,1.0,lung adenocarcinoma,lung adenocarcinoma,0.0,0.0,1.0,0.0,0.0
2,2,1.0,lung adenocarcinoma,lung adenocarcinoma,0.0,0.0,1.0,0.0,0.0
2,2,1.0,lung adenocarcinoma,lung adenocarcinoma,0.0,0.0,1.0,0.0,0.0
2,2,1.0,lung adenocarcinoma,lung adenocarcinoma,0.0,0.0,1.0,0.0,0.0
2,2,1.0,lung adenocarcinoma,lung adenocarcinoma,0.0,0.0,1.0,0.0,0.0
2,2,1.0,lung adenocarcinoma,lung adenocarcinoma,0.0,0.0,1.0,0.0,0.0
2,2,1.0,lung adenocarcinoma,lung adenocarcinoma,0.0,0.0,1.0,0.0,0.0
2,2,1.0,lung adenocarcinoma,lung adenocarcinoma,0.0,0.0,1.0,0.0,0.0
2,2,1.0,lung adenocarcinoma,lung adenocarcinoma,0.0,0.0,1.0,0.0,0.0
2,2,1.0,lung adenocarcinoma,lung adenocarcinoma,0.0,0.0,1.0,0.0,0.0
2,2,1.0,lung adenocarcinoma,lung adenocarcinoma,0.0,0.0,1.0,0.0,0.0
2,2,1.0,lung adenocarcinoma,lung adenocarcinoma,0.0,0.0,1.0,0.0,0.0
2,2,1.0,lung adenocarcinoma,lung adenocarcinoma,0.0,0.0,1.0,0.0,0.0
2,2,0.999996,lung adenocarcinoma,lung adenocarcinoma,0.0,0.0,0.999996,0.0,4e-06
2,2,1.0,lung adenocarcinoma,lung adenocarcinoma,0.0,0.0,1.0,0.0,0.0
2,2,1.0,lung adenocarcinoma,lung adenocarcinoma,0.0,0.0,1.0,0.0,0.0
2,2,1.0,lung adenocarcinoma,lung adenocarcinoma,0.0,0.0,1.0,0.0,0.0
2,2,1.0,lung adenocarcinoma,lung adenocarcinoma,0.0,0.0,1.0,0.0,0.0
2,2,1.0,lung adenocarcinoma,lung adenocarcinoma,0.0,0.0,1.0,0.0,0.0
2,2,1.0,lung adenocarcinoma,lung adenocarcinoma,0.0,0.0,1.0,0.0,0.0
2,2,0.999998,lung adenocarcinoma,lung adenocarcinoma,0.0,0.0,0.999998,0.0,2e-06
2,2,1.0,lung adenocarcinoma,lung adenocarcinoma,0.0,0.0,1.0,0.0,0.0
2,2,1.0,lung adenocarcinoma,lung adenocarcinoma,0.0,0.0,1.0,0.0,0.0
2,2,1.0,lung adenocarcinoma,lung adenocarcinoma,0.0,0.0,1.0,0.0,0.0
2,2,1.0,lung adenocarcinoma,lung adenocarcinoma,0.0,0.0,1.0,0.0,0.0
2,2,1.0,lung adenocarcinoma,lung adenocarcinoma,0.0,0.0,1.0,0.0,0.0
2,2,1.0,lung adenocarcinoma,lung adenocarcinoma,0.0,0.0,1.0,0.0,0.0
2,2,0.999998,lung adenocarcinoma,lung adenocarcinoma,1e-06,0.0,0.999998,1e-06,0.0
2,2,1.0,lung adenocarcinoma,lung adenocarcinoma,0.0,0.0,1.0,0.0,0.0
2,2,1.0,lung adenocarcinoma,lung adenocarcinoma,0.0,0.0,1.0,0.0,0.0
2,2,1.0,lung adenocarcinoma,lung adenocarcinoma,0.0,0.0,1.0,0.0,0.0
2,2,1.0,lung adenocarcinoma,lung adenocarcinoma,0.0,0.0,1.0,0.0,0.0
2,2,1.0,lung adenocarcinoma,lung adenocarcinoma,0.0,0.0,1.0,0.0,0.0
2,2,1.0,lung adenocarcinoma,lung adenocarcinoma,0.0,0.0,1.0,0.0,0.0
2,2,1.0,lung adenocarcinoma,lung adenocarcinoma,0.0,0.0,1.0,0.0,0.0
2,2,1.0,lung adenocarcinoma,lung adenocarcinoma,0.0,0.0,1.0,0.0,0.0
2,2,1.0,lung adenocarcinoma,lung adenocarcinoma,0.0,0.0,1.0,0.0,0.0
2,2,1.0,lung adenocarcinoma,lung adenocarcinoma,0.0,0.0,1.0,0.0,0.0
2,2,1.0,lung adenocarcinoma,lung adenocarcinoma,0.0,0.0,1.0,0.0,0.0
2,2,1.0,lung adenocarcinoma,lung adenocarcinoma,0.0,0.0,1.0,0.0,0.0
2,2,1.0,lung adenocarcinoma,lung adenocarcinoma,0.0,0.0,1.0,0.0,0.0
2,2,1.0,lung adenocarcinoma,lung adenocarcinoma,0.0,0.0,1.0,0.0,0.0
2,2,1.0,lung adenocarcinoma,lung adenocarcinoma,0.0,0.0,1.0,0.0,0.0
2,2,0.999991,lung adenocarcinoma,lung adenocarcinoma,0.0,0.0,0.999991,0.0,9e-06
2,2,1.0,lung adenocarcinoma,lung adenocarcinoma,0.0,0.0,1.0,0.0,0.0
2,2,0.999999,lung adenocarcinoma,lung adenocarcinoma,0.0,0.0,0.999999,0.0,1e-06
2,2,1.0,lung adenocarcinoma,lung adenocarcinoma,0.0,0.0,1.0,0.0,0.0
2,2,1.0,lung adenocarcinoma,lung adenocarcinoma,0.0,0.0,1.0,0.0,0.0
2,2,1.0,lung adenocarcinoma,lung adenocarcinoma,0.0,0.0,1.0,0.0,0.0
2,2,1.0,lung adenocarcinoma,lung adenocarcinoma,0.0,0.0,1.0,0.0,0.0
2,2,1.0,lung adenocarcinoma,lung adenocarcinoma,0.0,0.0,1.0,0.0,0.0
2,2,1.0,lung adenocarcinoma,lung adenocarcinoma,0.0,0.0,1.0,0.0,0.0
2,2,1.0,lung adenocarcinoma,lung adenocarcinoma,0.0,0.0,1.0,0.0,0.0
2,2,1.0,lung adenocarcinoma,lung adenocarcinoma,0.0,0.0,1.0,0.0,0.0
2,2,1.0,lung adenocarcinoma,lung adenocarcinoma,0.0,0.0,1.0,0.0,0.0
2,2,1.0,lung adenocarcinoma,lung adenocarcinoma,0.0,0.0,1.0,0.0,0.0
2,2,1.0,lung adenocarcinoma,lung adenocarcinoma,0.0,0.0,1.0,0.0,0.0
2,2,1.0,lung adenocarcinoma,lung adenocarcinoma,0.0,0.0,1.0,0.0,0.0
2,2,1.0,lung adenocarcinoma,lung adenocarcinoma,0.0,0.0,1.0,0.0,0.0
2,2,0.999988,lung adenocarcinoma,lung adenocarcinoma,0.0,0.0,0.999988,0.0,1.2e-05
2,2,1.0,lung adenocarcinoma,lung adenocarcinoma,0.0,0.0,1.0,0.0,0.0
2,2,1.0,lung adenocarcinoma,lung adenocarcinoma,0.0,0.0,1.0,0.0,0.0
2,2,1.0,lung adenocarcinoma,lung adenocarcinoma,0.0,0.0,1.0,0.0,0.0
2,2,1.0,lung adenocarcinoma,lung adenocarcinoma,0.0,0.0,1.0,0.0,0.0
2,2,0.999999,lung adenocarcinoma,lung adenocarcinoma,0.0,0.0,0.999999,0.0,1e-06
2,2,1.0,lung adenocarcinoma,lung adenocarcinoma,0.0,0.0,1.0,0.0,0.0
2,2,1.0,lung adenocarcinoma,lung adenocarcinoma,0.0,0.0,1.0,0.0,0.0
2,2,1.0,lung adenocarcinoma,lung adenocarcinoma,0.0,0.0,1.0,0.0,0.0
2,2,1.0,lung adenocarcinoma,lung adenocarcinoma,0.0,0.0,1.0,0.0,0.0
2,2,1.0,lung adenocarcinoma,lung adenocarcinoma,0.0,0.0,1.0,0.0,0.0
2,2,1.0,lung adenocarcinoma,lung adenocarcinoma,0.0,0.0,1.0,0.0,0.0
2,2,1.0,lung adenocarcinoma,lung adenocarcinoma,0.0,0.0,1.0,0.0,0.0
2,2,1.0,lung adenocarcinoma,lung adenocarcinoma,0.0,0.0,1.0,0.0,0.0
2,2,1.0,lung adenocarcinoma,lung adenocarcinoma,0.0,0.0,1.0,0.0,0.0
2,2,1.0,lung adenocarcinoma,lung adenocarcinoma,0.0,0.0,1.0,0.0,0.0
2,2,1.0,lung adenocarcinoma,lung adenocarcinoma,0.0,0.0,1.0,0.0,0.0
2,2,1.0,lung adenocarcinoma,lung adenocarcinoma,0.0,0.0,1.0,0.0,0.0
2,2,1.0,lung adenocarcinoma,lung adenocarcinoma,0.0,0.0,1.0,0.0,0.0
2,2,0.999797,lung adenocarcinoma,lung adenocarcinoma,0.0,0.0,0.999797,0.0,0.000203
2,2,1.0,lung adenocarcinoma,lung adenocarcinoma,0.0,0.0,1.0,0.0,0.0
2,2,1.0,lung adenocarcinoma,lung adenocarcinoma,0.0,0.0,1.0,0.0,0.0
2,2,1.0,lung adenocarcinoma,lung adenocarcinoma,0.0,0.0,1.0,0.0,0.0
2,2,1.0,lung adenocarcinoma,lung adenocarcinoma,0.0,0.0,1.0,0.0,0.0
2,2,1.0,lung adenocarcinoma,lung adenocarcinoma,0.0,0.0,1.0,0.0,0.0
2,2,1.0,lung adenocarcinoma,lung adenocarcinoma,0.0,0.0,1.0,0.0,0.0
2,2,1.0,lung adenocarcinoma,lung adenocarcinoma,0.0,0.0,1.0,0.0,0.0
2,2,1.0,lung adenocarcinoma,lung adenocarcinoma,0.0,0.0,1.0,0.0,0.0
2,2,1.0,lung adenocarcinoma,lung adenocarcinoma,0.0,0.0,1.0,0.0,0.0
2,2,1.0,lung adenocarcinoma,lung adenocarcinoma,0.0,0.0,1.0,0.0,0.0
2,2,1.0,lung adenocarcinoma,lung adenocarcinoma,0.0,0.0,1.0,0.0,0.0
2,2,1.0,lung adenocarcinoma,lung adenocarcinoma,0.0,0.0,1.0,0.0,0.0
2,2,1.0,lung adenocarcinoma,lung adenocarcinoma,0.0,0.0,1.0,0.0,0.0
2,2,1.0,lung adenocarcinoma,lung adenocarcinoma,0.0,0.0,1.0,0.0,0.0
2,2,1.0,lung adenocarcinoma,lung adenocarcinoma,0.0,0.0,1.0,0.0,0.0
2,2,1.0,lung adenocarcinoma,lung adenocarcinoma,0.0,0.0,1.0,0.0,0.0
2,2,1.0,lung adenocarcinoma,lung adenocarcinoma,0.0,0.0,1.0,0.0,0.0
2,2,1.0,lung adenocarcinoma,lung adenocarcinoma,0.0,0.0,1.0,0.0,0.0
2,2,0.999998,lung adenocarcinoma,lung adenocarcinoma,0.0,0.0,0.999998,0.0,2e-06
2,2,1.0,lung adenocarcinoma,lung adenocarcinoma,0.0,0.0,1.0,0.0,0.0
2,2,1.0,lung adenocarcinoma,lung adenocarcinoma,0.0,0.0,1.0,0.0,0.0
2,2,0.999999,lung adenocarcinoma,lung adenocarcinoma,0.0,0.0,0.999999,0.0,1e-06
2,2,1.0,lung adenocarcinoma,lung adenocarcinoma,0.0,0.0,1.0,0.0,0.0
2,2,0.997628,lung adenocarcinoma,lung adenocarcinoma,0.0,0.0,0.997628,0.0,0.002372
2,2,1.0,lung adenocarcinoma,lung adenocarcinoma,0.0,0.0,1.0,0.0,0.0
2,2,1.0,lung adenocarcinoma,lung adenocarcinoma,0.0,0.0,1.0,0.0,0.0
2,2,1.0,lung adenocarcinoma,lung adenocarcinoma,0.0,0.0,1.0,0.0,0.0
2,2,1.0,lung adenocarcinoma,lung adenocarcinoma,0.0,0.0,1.0,0.0,0.0
2,2,1.0,lung adenocarcinoma,lung adenocarcinoma,0.0,0.0,1.0,0.0,0.0
2,2,1.0,lung adenocarcinoma,lung adenocarcinoma,0.0,0.0,1.0,0.0,0.0
2,2,1.0,lung adenocarcinoma,lung adenocarcinoma,0.0,0.0,1.0,0.0,0.0
2,2,0.998332,lung adenocarcinoma,lung adenocarcinoma,0.0,0.0,0.998332,0.0,0.001668
2,2,1.0,lung adenocarcinoma,lung adenocarcinoma,0.0,0.0,1.0,0.0,0.0
2,2,1.0,lung adenocarcinoma,lung adenocarcinoma,0.0,0.0,1.0,0.0,0.0
2,2,1.0,lung adenocarcinoma,lung adenocarcinoma,0.0,0.0,1.0,0.0,0.0
2,2,1.0,lung adenocarcinoma,lung adenocarcinoma,0.0,0.0,1.0,0.0,0.0
2,2,0.999999,lung adenocarcinoma,lung adenocarcinoma,0.0,0.0,0.999999,0.0,1e-06
2,2,1.0,lung adenocarcinoma,lung adenocarcinoma,0.0,0.0,1.0,0.0,0.0
2,2,1.0,lung adenocarcinoma,lung adenocarcinoma,0.0,0.0,1.0,0.0,0.0
2,2,0.999999,lung adenocarcinoma,lung adenocarcinoma,0.0,0.0,0.999999,0.0,1e-06
2,2,1.0,lung adenocarcinoma,lung adenocarcinoma,0.0,0.0,1.0,0.0,0.0
2,2,1.0,lung adenocarcinoma,lung adenocarcinoma,0.0,0.0,1.0,0.0,0.0
2,2,1.0,lung adenocarcinoma,lung adenocarcinoma,0.0,0.0,1.0,0.0,0.0
2,2,0.999998,lung adenocarcinoma,lung adenocarcinoma,0.0,0.0,0.999998,0.0,2e-06
2,2,1.0,lung adenocarcinoma,lung adenocarcinoma,0.0,0.0,1.0,0.0,0.0
2,2,1.0,lung adenocarcinoma,lung adenocarcinoma,0.0,0.0,1.0,0.0,0.0
2,2,0.999992,lung adenocarcinoma,lung adenocarcinoma,0.0,0.0,0.999992,0.0,8e-06
2,2,1.0,lung adenocarcinoma,lung adenocarcinoma,0.0,0.0,1.0,0.0,0.0
2,2,1.0,lung adenocarcinoma,lung adenocarcinoma,0.0,0.0,1.0,0.0,0.0
2,2,1.0,lung adenocarcinoma,lung adenocarcinoma,0.0,0.0,1.0,0.0,0.0
2,2,1.0,lung adenocarcinoma,lung adenocarcinoma,0.0,0.0,1.0,0.0,0.0
2,2,1.0,lung adenocarcinoma,lung adenocarcinoma,0.0,0.0,1.0,0.0,0.0
2,2,1.0,lung adenocarcinoma,lung adenocarcinoma,0.0,0.0,1.0,0.0,0.0
2,2,1.0,lung adenocarcinoma,lung adenocarcinoma,0.0,0.0,1.0,0.0,0.0
2,2,1.0,lung adenocarcinoma,lung adenocarcinoma,0.0,0.0,1.0,0.0,0.0
2,2,1.0,lung adenocarcinoma,lung adenocarcinoma,0.0,0.0,1.0,0.0,0.0
2,2,1.0,lung adenocarcinoma,lung adenocarcinoma,0.0,0.0,1.0,0.0,0.0
2,2,1.0,lung adenocarcinoma,lung adenocarcinoma,0.0,0.0,1.0,0.0,0.0
2,2,1.0,lung adenocarcinoma,lung adenocarcinoma,0.0,0.0,1.0,0.0,0.0
2,2,1.0,lung adenocarcinoma,lung adenocarcinoma,0.0,0.0,1.0,0.0,0.0
2,2,1.0,lung adenocarcinoma,lung adenocarcinoma,0.0,0.0,1.0,0.0,0.0
2,2,1.0,lung adenocarcinoma,lung adenocarcinoma,0.0,0.0,1.0,0.0,0.0
2,2,1.0,lung adenocarcinoma,lung adenocarcinoma,0.0,0.0,1.0,0.0,0.0
2,2,1.0,lung adenocarcinoma,lung adenocarcinoma,0.0,0.0,1.0,0.0,0.0
2,2,1.0,lung adenocarcinoma,lung adenocarcinoma,0.0,0.0,1.0,0.0,0.0
2,2,1.0,lung adenocarcinoma,lung adenocarcinoma,0.0,0.0,1.0,0.0,0.0
2,2,1.0,lung adenocarcinoma,lung adenocarcinoma,0.0,0.0,1.0,0.0,0.0
2,2,1.0,lung adenocarcinoma,lung adenocarcinoma,0.0,0.0,1.0,0.0,0.0
2,2,1.0,lung adenocarcinoma,lung adenocarcinoma,0.0,0.0,1.0,0.0,0.0
2,2,1.0,lung adenocarcinoma,lung adenocarcinoma,0.0,0.0,1.0,0.0,0.0
2,2,1.0,lung adenocarcinoma,lung adenocarcinoma,0.0,0.0,1.0,0.0,0.0
2,2,1.0,lung adenocarcinoma,lung adenocarcinoma,0.0,0.0,1.0,0.0,0.0
2,2,1.0,lung adenocarcinoma,lung adenocarcinoma,0.0,0.0,1.0,0.0,0.0
2,2,1.0,lung adenocarcinoma,lung adenocarcinoma,0.0,0.0,1.0,0.0,0.0
2,2,1.0,lung adenocarcinoma,lung adenocarcinoma,0.0,0.0,1.0,0.0,0.0
2,2,0.999985,lung adenocarcinoma,lung adenocarcinoma,0.0,0.0,0.999985,0.0,1.5e-05
2,2,0.999969,lung adenocarcinoma,lung adenocarcinoma,0.0,0.0,0.999969,0.0,3.1e-05
2,2,0.99949,lung adenocarcinoma,lung adenocarcinoma,0.0,2.9e-05,0.99949,0.0,0.000481
2,2,1.0,lung adenocarcinoma,lung adenocarcinoma,0.0,0.0,1.0,0.0,0.0
2,2,0.981286,lung adenocarcinoma,lung adenocarcinoma,1.7e-05,0.0,0.981286,1e-05,0.018688
2,2,1.0,lung adenocarcinoma,lung adenocarcinoma,0.0,0.0,1.0,0.0,0.0
2,2,1.0,lung adenocarcinoma,lung adenocarcinoma,0.0,0.0,1.0,0.0,0.0
2,2,1.0,lung adenocarcinoma,lung adenocarcinoma,0.0,0.0,1.0,0.0,0.0
2,2,1.0,lung adenocarcinoma,lung adenocarcinoma,0.0,0.0,1.0,0.0,0.0
2,2,0.999946,lung adenocarcinoma,lung adenocarcinoma,0.0,0.0,0.999946,0.0,5.4e-05
2,2,1.0,lung adenocarcinoma,lung adenocarcinoma,0.0,0.0,1.0,0.0,0.0
2,2,1.0,lung adenocarcinoma,lung adenocarcinoma,0.0,0.0,1.0,0.0,0.0
2,2,1.0,lung adenocarcinoma,lung adenocarcinoma,0.0,0.0,1.0,0.0,0.0
2,2,1.0,lung adenocarcinoma,lung adenocarcinoma,0.0,0.0,1.0,0.0,0.0
2,2,1.0,lung adenocarcinoma,lung adenocarcinoma,0.0,0.0,1.0,0.0,0.0
2,2,1.0,lung adenocarcinoma,lung adenocarcinoma,0.0,0.0,1.0,0.0,0.0
2,2,1.0,lung adenocarcinoma,lung adenocarcinoma,0.0,0.0,1.0,0.0,0.0
2,2,1.0,lung adenocarcinoma,lung adenocarcinoma,0.0,0.0,1.0,0.0,0.0
2,2,1.0,lung adenocarcinoma,lung adenocarcinoma,0.0,0.0,1.0,0.0,0.0
2,2,1.0,lung adenocarcinoma,lung adenocarcinoma,0.0,0.0,1.0,0.0,0.0
2,2,1.0,lung adenocarcinoma,lung adenocarcinoma,0.0,0.0,1.0,0.0,0.0
2,2,1.0,lung adenocarcinoma,lung adenocarcinoma,0.0,0.0,1.0,0.0,0.0
2,2,1.0,lung adenocarcinoma,lung adenocarcinoma,0.0,0.0,1.0,0.0,0.0
2,2,1.0,lung adenocarcinoma,lung adenocarcinoma,0.0,0.0,1.0,0.0,0.0
2,2,1.0,lung adenocarcinoma,lung adenocarcinoma,0.0,0.0,1.0,0.0,0.0
2,2,1.0,lung adenocarcinoma,lung adenocarcinoma,0.0,0.0,1.0,0.0,0.0
2,2,1.0,lung adenocarcinoma,lung adenocarcinoma,0.0,0.0,1.0,0.0,0.0
2,2,1.0,lung adenocarcinoma,lung adenocarcinoma,0.0,0.0,1.0,0.0,0.0
2,2,1.0,lung adenocarcinoma,lung adenocarcinoma,0.0,0.0,1.0,0.0,0.0
2,2,1.0,lung adenocarcinoma,lung adenocarcinoma,0.0,0.0,1.0,0.0,0.0
2,2,1.0,lung adenocarcinoma,lung adenocarcinoma,0.0,0.0,1.0,0.0,0.0
2,2,1.0,lung adenocarcinoma,lung adenocarcinoma,0.0,0.0,1.0,0.0,0.0
2,2,1.0,lung adenocarcinoma,lung adenocarcinoma,0.0,0.0,1.0,0.0,0.0
2,2,1.0,lung adenocarcinoma,lung adenocarcinoma,0.0,0.0,1.0,0.0,0.0
2,2,1.0,lung adenocarcinoma,lung adenocarcinoma,0.0,0.0,1.0,0.0,0.0
2,2,1.0,lung adenocarcinoma,lung adenocarcinoma,0.0,0.0,1.0,0.0,0.0
2,2,1.0,lung adenocarcinoma,lung adenocarcinoma,0.0,0.0,1.0,0.0,0.0
2,2,1.0,lung adenocarcinoma,lung adenocarcinoma,0.0,0.0,1.0,0.0,0.0
2,2,1.0,lung adenocarcinoma,lung adenocarcinoma,0.0,0.0,1.0,0.0,0.0
2,2,1.0,lung adenocarcinoma,lung adenocarcinoma,0.0,0.0,1.0,0.0,0.0
2,2,1.0,lung adenocarcinoma,lung adenocarcinoma,0.0,0.0,1.0,0.0,0.0
2,2,1.0,lung adenocarcinoma,lung adenocarcinoma,0.0,0.0,1.0,0.0,0.0
2,2,1.0,lung adenocarcinoma,lung adenocarcinoma,0.0,0.0,1.0,0.0,0.0
2,2,1.0,lung adenocarcinoma,lung adenocarcinoma,0.0,0.0,1.0,0.0,0.0
2,2,1.0,lung adenocarcinoma,lung adenocarcinoma,0.0,0.0,1.0,0.0,0.0
2,2,1.0,lung adenocarcinoma,lung adenocarcinoma,0.0,0.0,1.0,0.0,0.0
2,2,1.0,lung adenocarcinoma,lung adenocarcinoma,0.0,0.0,1.0,0.0,0.0
2,2,1.0,lung adenocarcinoma,lung adenocarcinoma,0.0,0.0,1.0,0.0,0.0
2,2,1.0,lung adenocarcinoma,lung adenocarcinoma,0.0,0.0,1.0,0.0,0.0
2,2,1.0,lung adenocarcinoma,lung adenocarcinoma,0.0,0.0,1.0,0.0,0.0
2,2,0.999989,lung adenocarcinoma,lung adenocarcinoma,0.0,0.0,0.999989,0.0,1.1e-05
2,2,1.0,lung adenocarcinoma,lung adenocarcinoma,0.0,0.0,1.0,0.0,0.0
2,2,1.0,lung adenocarcinoma,lung adenocarcinoma,0.0,0.0,1.0,0.0,0.0
2,2,1.0,lung adenocarcinoma,lung adenocarcinoma,0.0,0.0,1.0,0.0,0.0
2,2,1.0,lung adenocarcinoma,lung adenocarcinoma,0.0,0.0,1.0,0.0,0.0
2,2,1.0,lung adenocarcinoma,lung adenocarcinoma,0.0,0.0,1.0,0.0,0.0
2,2,1.0,lung adenocarcinoma,lung adenocarcinoma,0.0,0.0,1.0,0.0,0.0
2,2,0.999994,lung adenocarcinoma,lung adenocarcinoma,0.0,0.0,0.999994,0.0,6e-06
2,2,1.0,lung adenocarcinoma,lung adenocarcinoma,0.0,0.0,1.0,0.0,0.0
2,2,1.0,lung adenocarcinoma,lung adenocarcinoma,0.0,0.0,1.0,0.0,0.0
2,2,1.0,lung adenocarcinoma,lung adenocarcinoma,0.0,0.0,1.0,0.0,0.0
2,2,1.0,lung adenocarcinoma,lung adenocarcinoma,0.0,0.0,1.0,0.0,0.0
2,2,0.999999,lung adenocarcinoma,lung adenocarcinoma,0.0,0.0,0.999999,1e-06,0.0
2,2,1.0,lung adenocarcinoma,lung adenocarcinoma,0.0,0.0,1.0,0.0,0.0
2,2,1.0,lung adenocarcinoma,lung adenocarcinoma,0.0,0.0,1.0,0.0,0.0
2,2,1.0,lung adenocarcinoma,lung adenocarcinoma,0.0,0.0,1.0,0.0,0.0
2,2,1.0,lung adenocarcinoma,lung adenocarcinoma,0.0,0.0,1.0,0.0,0.0
2,2,1.0,lung adenocarcinoma,lung adenocarcinoma,0.0,0.0,1.0,0.0,0.0
2,2,1.0,lung adenocarcinoma,lung adenocarcinoma,0.0,0.0,1.0,0.0,0.0
2,2,1.0,lung adenocarcinoma,lung adenocarcinoma,0.0,0.0,1.0,0.0,0.0
2,2,1.0,lung adenocarcinoma,lung adenocarcinoma,0.0,0.0,1.0,0.0,0.0
2,2,1.0,lung adenocarcinoma,lung adenocarcinoma,0.0,0.0,1.0,0.0,0.0
2,2,1.0,lung adenocarcinoma,lung adenocarcinoma,0.0,0.0,1.0,0.0,0.0
2,2,1.0,lung adenocarcinoma,lung adenocarcinoma,0.0,0.0,1.0,0.0,0.0
2,2,1.0,lung adenocarcinoma,lung adenocarcinoma,0.0,0.0,1.0,0.0,0.0
2,2,1.0,lung adenocarcinoma,lung adenocarcinoma,0.0,0.0,1.0,0.0,0.0
2,2,1.0,lung adenocarcinoma,lung adenocarcinoma,0.0,0.0,1.0,0.0,0.0
2,2,1.0,lung adenocarcinoma,lung adenocarcinoma,0.0,0.0,1.0,0.0,0.0
2,2,1.0,lung adenocarcinoma,lung adenocarcinoma,0.0,0.0,1.0,0.0,0.0
2,2,1.0,lung adenocarcinoma,lung adenocarcinoma,0.0,0.0,1.0,0.0,0.0
2,2,1.0,lung adenocarcinoma,lung adenocarcinoma,0.0,0.0,1.0,0.0,0.0
2,2,1.0,lung adenocarcinoma,lung adenocarcinoma,0.0,0.0,1.0,0.0,0.0
2,2,0.964608,lung adenocarcinoma,lung adenocarcinoma,0.0,0.0,0.964608,0.0,0.035392
2,2,1.0,lung adenocarcinoma,lung adenocarcinoma,0.0,0.0,1.0,0.0,0.0
2,2,1.0,lung adenocarcinoma,lung adenocarcinoma,0.0,0.0,1.0,0.0,0.0
2,2,1.0,lung adenocarcinoma,lung adenocarcinoma,0.0,0.0,1.0,0.0,0.0
2,2,1.0,lung adenocarcinoma,lung adenocarcinoma,0.0,0.0,1.0,0.0,0.0
2,2,1.0,lung adenocarcinoma,lung adenocarcinoma,0.0,0.0,1.0,0.0,0.0
2,2,0.999731,lung adenocarcinoma,lung adenocarcinoma,0.0,0.0,0.999731,0.0,0.000269
2,2,1.0,lung adenocarcinoma,lung adenocarcinoma,0.0,0.0,1.0,0.0,0.0
2,2,1.0,lung adenocarcinoma,lung adenocarcinoma,0.0,0.0,1.0,0.0,0.0
2,2,1.0,lung adenocarcinoma,lung adenocarcinoma,0.0,0.0,1.0,0.0,0.0
2,2,1.0,lung adenocarcinoma,lung adenocarcinoma,0.0,0.0,1.0,0.0,0.0
2,2,0.999933,lung adenocarcinoma,lung adenocarcinoma,1e-06,0.0,0.999933,0.0,6.6e-05
2,2,1.0,lung adenocarcinoma,lung adenocarcinoma,0.0,0.0,1.0,0.0,0.0
2,2,1.0,lung adenocarcinoma,lung adenocarcinoma,0.0,0.0,1.0,0.0,0.0
2,2,1.0,lung adenocarcinoma,lung adenocarcinoma,0.0,0.0,1.0,0.0,0.0
2,2,1.0,lung adenocarcinoma,lung adenocarcinoma,0.0,0.0,1.0,0.0,0.0
2,2,1.0,lung adenocarcinoma,lung adenocarcinoma,0.0,0.0,1.0,0.0,0.0
2,2,1.0,lung adenocarcinoma,lung adenocarcinoma,0.0,0.0,1.0,0.0,0.0
2,2,1.0,lung adenocarcinoma,lung adenocarcinoma,0.0,0.0,1.0,0.0,0.0
2,2,1.0,lung adenocarcinoma,lung adenocarcinoma,0.0,0.0,1.0,0.0,0.0
2,2,1.0,lung adenocarcinoma,lung adenocarcinoma,0.0,0.0,1.0,0.0,0.0
2,2,1.0,lung adenocarcinoma,lung adenocarcinoma,0.0,0.0,1.0,0.0,0.0
2,2,1.0,lung adenocarcinoma,lung adenocarcinoma,0.0,0.0,1.0,0.0,0.0
2,2,1.0,lung adenocarcinoma,lung adenocarcinoma,0.0,0.0,1.0,0.0,0.0
2,2,0.999999,lung adenocarcinoma,lung adenocarcinoma,0.0,0.0,0.999999,0.0,1e-06
2,2,1.0,lung adenocarcinoma,lung adenocarcinoma,0.0,0.0,1.0,0.0,0.0
2,2,0.999999,lung adenocarcinoma,lung adenocarcinoma,0.0,0.0,0.999999,0.0,1e-06
2,2,1.0,lung adenocarcinoma,lung adenocarcinoma,0.0,0.0,1.0,0.0,0.0
2,2,1.0,lung adenocarcinoma,lung adenocarcinoma,0.0,0.0,1.0,0.0,0.0
2,2,1.0,lung adenocarcinoma,lung adenocarcinoma,0.0,0.0,1.0,0.0,0.0
2,2,1.0,lung adenocarcinoma,lung adenocarcinoma,0.0,0.0,1.0,0.0,0.0
2,2,1.0,lung adenocarcinoma,lung adenocarcinoma,0.0,0.0,1.0,0.0,0.0
2,2,0.999998,lung adenocarcinoma,lung adenocarcinoma,0.0,0.0,0.999998,2e-06,0.0
2,2,0.999964,lung adenocarcinoma,lung adenocarcinoma,0.0,0.0,0.999964,3.6e-05,0.0
2,2,1.0,lung adenocarcinoma,lung adenocarcinoma,0.0,0.0,1.0,0.0,0.0
2,2,1.0,lung adenocarcinoma,lung adenocarcinoma,0.0,0.0,1.0,0.0,0.0
2,2,1.0,lung adenocarcinoma,lung adenocarcinoma,0.0,0.0,1.0,0.0,0.0
2,2,1.0,lung adenocarcinoma,lung adenocarcinoma,0.0,0.0,1.0,0.0,0.0
2,2,1.0,lung adenocarcinoma,lung adenocarcinoma,0.0,0.0,1.0,0.0,0.0
2,2,1.0,lung adenocarcinoma,lung adenocarcinoma,0.0,0.0,1.0,0.0,0.0
2,2,1.0,lung adenocarcinoma,lung adenocarcinoma,0.0,0.0,1.0,0.0,0.0
2,2,1.0,lung adenocarcinoma,lung adenocarcinoma,0.0,0.0,1.0,0.0,0.0
2,2,1.0,lung adenocarcinoma,lung adenocarcinoma,0.0,0.0,1.0,0.0,0.0
2,2,1.0,lung adenocarcinoma,lung adenocarcinoma,0.0,0.0,1.0,0.0,0.0
2,2,0.999902,lung adenocarcinoma,lung adenocarcinoma,0.0,0.0,0.999902,0.0,9.8e-05
2,2,1.0,lung adenocarcinoma,lung adenocarcinoma,0.0,0.0,1.0,0.0,0.0
2,2,1.0,lung adenocarcinoma,lung adenocarcinoma,0.0,0.0,1.0,0.0,0.0
2,2,1.0,lung adenocarcinoma,lung adenocarcinoma,0.0,0.0,1.0,0.0,0.0
2,2,1.0,lung adenocarcinoma,lung adenocarcinoma,0.0,0.0,1.0,0.0,0.0
2,2,1.0,lung adenocarcinoma,lung adenocarcinoma,0.0,0.0,1.0,0.0,0.0
2,2,0.9772,lung adenocarcinoma,lung adenocarcinoma,1e-06,0.0,0.9772,4e-06,0.022795
2,2,1.0,lung adenocarcinoma,lung adenocarcinoma,0.0,0.0,1.0,0.0,0.0
2,2,1.0,lung adenocarcinoma,lung adenocarcinoma,0.0,0.0,1.0,0.0,0.0
2,2,1.0,lung adenocarcinoma,lung adenocarcinoma,0.0,0.0,1.0,0.0,0.0
2,2,1.0,lung adenocarcinoma,lung adenocarcinoma,0.0,0.0,1.0,0.0,0.0
2,2,1.0,lung adenocarcinoma,lung adenocarcinoma,0.0,0.0,1.0,0.0,0.0
2,2,1.0,lung adenocarcinoma,lung adenocarcinoma,0.0,0.0,1.0,0.0,0.0
2,2,1.0,lung adenocarcinoma,lung adenocarcinoma,0.0,0.0,1.0,0.0,0.0
2,2,0.999998,lung adenocarcinoma,lung adenocarcinoma,0.0,0.0,0.999998,0.0,2e-06
2,2,1.0,lung adenocarcinoma,lung adenocarcinoma,0.0,0.0,1.0,0.0,0.0
2,2,1.0,lung adenocarcinoma,lung adenocarcinoma,0.0,0.0,1.0,0.0,0.0
2,2,1.0,lung adenocarcinoma,lung adenocarcinoma,0.0,0.0,1.0,0.0,0.0
2,2,0.999993,lung adenocarcinoma,lung adenocarcinoma,0.0,0.0,0.999993,7e-06,0.0
2,2,1.0,lung adenocarcinoma,lung adenocarcinoma,0.0,0.0,1.0,0.0,0.0
2,2,1.0,lung adenocarcinoma,lung adenocarcinoma,0.0,0.0,1.0,0.0,0.0
2,2,1.0,lung adenocarcinoma,lung adenocarcinoma,0.0,0.0,1.0,0.0,0.0
2,2,0.999972,lung adenocarcinoma,lung adenocarcinoma,0.0,0.0,0.999972,0.0,2.8e-05
2,2,1.0,lung adenocarcinoma,lung adenocarcinoma,0.0,0.0,1.0,0.0,0.0
2,2,1.0,lung adenocarcinoma,lung adenocarcinoma,0.0,0.0,1.0,0.0,0.0
2,2,1.0,lung adenocarcinoma,lung adenocarcinoma,0.0,0.0,1.0,0.0,0.0
2,2,1.0,lung adenocarcinoma,lung adenocarcinoma,0.0,0.0,1.0,0.0,0.0
2,2,1.0,lung adenocarcinoma,lung adenocarcinoma,0.0,0.0,1.0,0.0,0.0
2,2,1.0,lung adenocarcinoma,lung adenocarcinoma,0.0,0.0,1.0,0.0,0.0
2,2,1.0,lung adenocarcinoma,lung adenocarcinoma,0.0,0.0,1.0,0.0,0.0
2,2,1.0,lung adenocarcinoma,lung adenocarcinoma,0.0,0.0,1.0,0.0,0.0
2,2,1.0,lung adenocarcinoma,lung adenocarcinoma,0.0,0.0,1.0,0.0,0.0
2,2,0.999997,lung adenocarcinoma,lung adenocarcinoma,0.0,0.0,0.999997,0.0,2e-06
2,2,0.999999,lung adenocarcinoma,lung adenocarcinoma,0.0,0.0,0.999999,0.0,1e-06
2,2,1.0,lung adenocarcinoma,lung adenocarcinoma,0.0,0.0,1.0,0.0,0.0
2,2,1.0,lung adenocarcinoma,lung adenocarcinoma,0.0,0.0,1.0,0.0,0.0
2,2,1.0,lung adenocarcinoma,lung adenocarcinoma,0.0,0.0,1.0,0.0,0.0
2,2,1.0,lung adenocarcinoma,lung adenocarcinoma,0.0,0.0,1.0,0.0,0.0
2,2,1.0,lung adenocarcinoma,lung adenocarcinoma,0.0,0.0,1.0,0.0,0.0
2,2,1.0,lung adenocarcinoma,lung adenocarcinoma,0.0,0.0,1.0,0.0,0.0
2,2,1.0,lung adenocarcinoma,lung adenocarcinoma,0.0,0.0,1.0,0.0,0.0
2,2,1.0,lung adenocarcinoma,lung adenocarcinoma,0.0,0.0,1.0,0.0,0.0
2,2,1.0,lung adenocarcinoma,lung adenocarcinoma,0.0,0.0,1.0,0.0,0.0
2,2,1.0,lung adenocarcinoma,lung adenocarcinoma,0.0,0.0,1.0,0.0,0.0
2,2,1.0,lung adenocarcinoma,lung adenocarcinoma,0.0,0.0,1.0,0.0,0.0
2,2,1.0,lung adenocarcinoma,lung adenocarcinoma,0.0,0.0,1.0,0.0,0.0
2,2,1.0,lung adenocarcinoma,lung adenocarcinoma,0.0,0.0,1.0,0.0,0.0
2,2,1.0,lung adenocarcinoma,lung adenocarcinoma,0.0,0.0,1.0,0.0,0.0
2,2,1.0,lung adenocarcinoma,lung adenocarcinoma,0.0,0.0,1.0,0.0,0.0
2,2,1.0,lung adenocarcinoma,lung adenocarcinoma,0.0,0.0,1.0,0.0,0.0
2,2,1.0,lung adenocarcinoma,lung adenocarcinoma,0.0,0.0,1.0,0.0,0.0
2,2,1.0,lung adenocarcinoma,lung adenocarcinoma,0.0,0.0,1.0,0.0,0.0
2,2,0.999984,lung adenocarcinoma,lung adenocarcinoma,1e-06,0.0,0.999984,4e-06,1.1e-05
2,2,1.0,lung adenocarcinoma,lung adenocarcinoma,0.0,0.0,1.0,0.0,0.0
2,2,1.0,lung adenocarcinoma,lung adenocarcinoma,0.0,0.0,1.0,0.0,0.0
2,2,1.0,lung adenocarcinoma,lung adenocarcinoma,0.0,0.0,1.0,0.0,0.0
2,2,1.0,lung adenocarcinoma,lung adenocarcinoma,0.0,0.0,1.0,0.0,0.0
2,2,1.0,lung adenocarcinoma,lung adenocarcinoma,0.0,0.0,1.0,0.0,0.0
2,2,1.0,lung adenocarcinoma,lung adenocarcinoma,0.0,0.0,1.0,0.0,0.0
2,2,1.0,lung adenocarcinoma,lung adenocarcinoma,0.0,0.0,1.0,0.0,0.0
2,2,1.0,lung adenocarcinoma,lung adenocarcinoma,0.0,0.0,1.0,0.0,0.0
2,2,1.0,lung adenocarcinoma,lung adenocarcinoma,0.0,0.0,1.0,0.0,0.0
2,2,1.0,lung adenocarcinoma,lung adenocarcinoma,0.0,0.0,1.0,0.0,0.0
2,2,1.0,lung adenocarcinoma,lung adenocarcinoma,0.0,0.0,1.0,0.0,0.0
2,2,1.0,lung adenocarcinoma,lung adenocarcinoma,0.0,0.0,1.0,0.0,0.0
2,2,1.0,lung adenocarcinoma,lung adenocarcinoma,0.0,0.0,1.0,0.0,0.0
2,2,1.0,lung adenocarcinoma,lung adenocarcinoma,0.0,0.0,1.0,0.0,0.0
2,2,1.0,lung adenocarcinoma,lung adenocarcinoma,0.0,0.0,1.0,0.0,0.0
2,2,1.0,lung adenocarcinoma,lung adenocarcinoma,0.0,0.0,1.0,0.0,0.0
2,2,0.999997,lung adenocarcinoma,lung adenocarcinoma,0.0,0.0,0.999997,0.0,3e-06
2,2,0.999985,lung adenocarcinoma,lung adenocarcinoma,0.0,0.0,0.999985,0.0,1.5e-05
2,2,1.0,lung adenocarcinoma,lung adenocarcinoma,0.0,0.0,1.0,0.0,0.0
2,2,1.0,lung adenocarcinoma,lung adenocarcinoma,0.0,0.0,1.0,0.0,0.0
2,2,1.0,lung adenocarcinoma,lung adenocarcinoma,0.0,0.0,1.0,0.0,0.0
2,2,1.0,lung adenocarcinoma,lung adenocarcinoma,0.0,0.0,1.0,0.0,0.0
2,2,0.999858,lung adenocarcinoma,lung adenocarcinoma,0.0,0.0,0.999858,0.0,0.000142
2,2,0.992175,lung adenocarcinoma,lung adenocarcinoma,1e-06,0.0,0.992175,0.0,0.007824
2,2,1.0,lung adenocarcinoma,lung adenocarcinoma,0.0,0.0,1.0,0.0,0.0
2,2,0.99998,lung adenocarcinoma,lung adenocarcinoma,0.0,0.0,0.99998,0.0,1.9e-05
2,2,1.0,lung adenocarcinoma,lung adenocarcinoma,0.0,0.0,1.0,0.0,0.0
2,2,1.0,lung adenocarcinoma,lung adenocarcinoma,0.0,0.0,1.0,0.0,0.0
2,2,1.0,lung adenocarcinoma,lung adenocarcinoma,0.0,0.0,1.0,0.0,0.0
2,2,1.0,lung adenocarcinoma,lung adenocarcinoma,0.0,0.0,1.0,0.0,0.0
2,2,0.999996,lung adenocarcinoma,lung adenocarcinoma,0.0,0.0,0.999996,2e-06,2e-06
2,2,1.0,lung adenocarcinoma,lung adenocarcinoma,0.0,0.0,1.0,0.0,0.0
2,2,1.0,lung adenocarcinoma,lung adenocarcinoma,0.0,0.0,1.0,0.0,0.0
2,2,1.0,lung adenocarcinoma,lung adenocarcinoma,0.0,0.0,1.0,0.0,0.0
2,2,1.0,lung adenocarcinoma,lung adenocarcinoma,0.0,0.0,1.0,0.0,0.0
2,2,0.996576,lung adenocarcinoma,lung adenocarcinoma,0.0,0.0,0.996576,0.0,0.003424
2,2,1.0,lung adenocarcinoma,lung adenocarcinoma,0.0,0.0,1.0,0.0,0.0
2,2,1.0,lung adenocarcinoma,lung adenocarcinoma,0.0,0.0,1.0,0.0,0.0
2,2,1.0,lung adenocarcinoma,lung adenocarcinoma,0.0,0.0,1.0,0.0,0.0
2,2,1.0,lung adenocarcinoma,lung adenocarcinoma,0.0,0.0,1.0,0.0,0.0
2,2,1.0,lung adenocarcinoma,lung adenocarcinoma,0.0,0.0,1.0,0.0,0.0
2,2,1.0,lung adenocarcinoma,lung adenocarcinoma,0.0,0.0,1.0,0.0,0.0
2,2,1.0,lung adenocarcinoma,lung adenocarcinoma,0.0,0.0,1.0,0.0,0.0
2,2,0.999997,lung adenocarcinoma,lung adenocarcinoma,0.0,0.0,0.999997,0.0,3e-06
2,2,1.0,lung adenocarcinoma,lung adenocarcinoma,0.0,0.0,1.0,0.0,0.0
2,2,1.0,lung adenocarcinoma,lung adenocarcinoma,0.0,0.0,1.0,0.0,0.0
2,2,1.0,lung adenocarcinoma,lung adenocarcinoma,0.0,0.0,1.0,0.0,0.0
2,2,1.0,lung adenocarcinoma,lung adenocarcinoma,0.0,0.0,1.0,0.0,0.0
2,2,1.0,lung adenocarcinoma,lung adenocarcinoma,0.0,0.0,1.0,0.0,0.0
2,2,1.0,lung adenocarcinoma,lung adenocarcinoma,0.0,0.0,1.0,0.0,0.0
2,2,1.0,lung adenocarcinoma,lung adenocarcinoma,0.0,0.0,1.0,0.0,0.0
2,2,1.0,lung adenocarcinoma,lung adenocarcinoma,0.0,0.0,1.0,0.0,0.0
2,2,1.0,lung adenocarcinoma,lung adenocarcinoma,0.0,0.0,1.0,0.0,0.0
2,2,1.0,lung adenocarcinoma,lung adenocarcinoma,0.0,0.0,1.0,0.0,0.0
2,2,1.0,lung adenocarcinoma,lung adenocarcinoma,0.0,0.0,1.0,0.0,0.0
2,2,1.0,lung adenocarcinoma,lung adenocarcinoma,0.0,0.0,1.0,0.0,0.0
2,2,1.0,lung adenocarcinoma,lung adenocarcinoma,0.0,0.0,1.0,0.0,0.0
2,2,1.0,lung adenocarcinoma,lung adenocarcinoma,0.0,0.0,1.0,0.0,0.0
2,2,1.0,lung adenocarcinoma,lung adenocarcinoma,0.0,0.0,1.0,0.0,0.0
2,2,1.0,lung adenocarcinoma,lung adenocarcinoma,0.0,0.0,1.0,0.0,0.0
2,2,1.0,lung adenocarcinoma,lung adenocarcinoma,0.0,0.0,1.0,0.0,0.0
2,2,1.0,lung adenocarcinoma,lung adenocarcinoma,0.0,0.0,1.0,0.0,0.0
2,2,1.0,lung adenocarcinoma,lung adenocarcinoma,0.0,0.0,1.0,0.0,0.0
2,2,1.0,lung adenocarcinoma,lung adenocarcinoma,0.0,0.0,1.0,0.0,0.0
2,2,1.0,lung adenocarcinoma,lung adenocarcinoma,0.0,0.0,1.0,0.0,0.0
2,2,1.0,lung adenocarcinoma,lung adenocarcinoma,0.0,0.0,1.0,0.0,0.0
2,2,0.999955,lung adenocarcinoma,lung adenocarcinoma,0.0,0.0,0.999955,0.0,4.5e-05
2,2,0.999997,lung adenocarcinoma,lung adenocarcinoma,0.0,0.0,0.999997,0.0,3e-06
2,2,1.0,lung adenocarcinoma,lung adenocarcinoma,0.0,0.0,1.0,0.0,0.0
2,2,1.0,lung adenocarcinoma,lung adenocarcinoma,0.0,0.0,1.0,0.0,0.0
2,2,1.0,lung adenocarcinoma,lung adenocarcinoma,0.0,0.0,1.0,0.0,0.0
2,2,0.999996,lung adenocarcinoma,lung adenocarcinoma,0.0,0.0,0.999996,2e-06,2e-06
2,2,1.0,lung adenocarcinoma,lung adenocarcinoma,0.0,0.0,1.0,0.0,0.0
2,2,0.999631,lung adenocarcinoma,lung adenocarcinoma,0.0,0.0,0.999631,0.0,0.000369
2,2,1.0,lung adenocarcinoma,lung adenocarcinoma,0.0,0.0,1.0,0.0,0.0
2,2,1.0,lung adenocarcinoma,lung adenocarcinoma,0.0,0.0,1.0,0.0,0.0
2,2,1.0,lung adenocarcinoma,lung adenocarcinoma,0.0,0.0,1.0,0.0,0.0
2,2,1.0,lung adenocarcinoma,lung adenocarcinoma,0.0,0.0,1.0,0.0,0.0
2,2,0.999895,lung adenocarcinoma,lung adenocarcinoma,0.0,0.0,0.999895,0.0,0.000105
2,2,1.0,lung adenocarcinoma,lung adenocarcinoma,0.0,0.0,1.0,0.0,0.0
2,2,1.0,lung adenocarcinoma,lung adenocarcinoma,0.0,0.0,1.0,0.0,0.0
2,2,1.0,lung adenocarcinoma,lung adenocarcinoma,0.0,0.0,1.0,0.0,0.0
2,2,1.0,lung adenocarcinoma,lung adenocarcinoma,0.0,0.0,1.0,0.0,0.0
2,2,1.0,lung adenocarcinoma,lung adenocarcinoma,0.0,0.0,1.0,0.0,0.0
2,2,0.997812,lung adenocarcinoma,lung adenocarcinoma,0.0,0.0,0.997812,0.0,0.002188
2,2,1.0,lung adenocarcinoma,lung adenocarcinoma,0.0,0.0,1.0,0.0,0.0
2,2,1.0,lung adenocarcinoma,lung adenocarcinoma,0.0,0.0,1.0,0.0,0.0
2,2,1.0,lung adenocarcinoma,lung adenocarcinoma,0.0,0.0,1.0,0.0,0.0
2,2,1.0,lung adenocarcinoma,lung adenocarcinoma,0.0,0.0,1.0,0.0,0.0
2,2,1.0,lung adenocarcinoma,lung adenocarcinoma,0.0,0.0,1.0,0.0,0.0
2,2,1.0,lung adenocarcinoma,lung adenocarcinoma,0.0,0.0,1.0,0.0,0.0
2,2,1.0,lung adenocarcinoma,lung adenocarcinoma,0.0,0.0,1.0,0.0,0.0
2,2,1.0,lung adenocarcinoma,lung adenocarcinoma,0.0,0.0,1.0,0.0,0.0
2,2,1.0,lung adenocarcinoma,lung adenocarcinoma,0.0,0.0,1.0,0.0,0.0
2,2,1.0,lung adenocarcinoma,lung adenocarcinoma,0.0,0.0,1.0,0.0,0.0
2,2,0.999764,lung adenocarcinoma,lung adenocarcinoma,0.0,0.0,0.999764,0.0,0.000236
2,2,1.0,lung adenocarcinoma,lung adenocarcinoma,0.0,0.0,1.0,0.0,0.0
2,2,1.0,lung adenocarcinoma,lung adenocarcinoma,0.0,0.0,1.0,0.0,0.0
2,2,1.0,lung adenocarcinoma,lung adenocarcinoma,0.0,0.0,1.0,0.0,0.0
2,2,0.999995,lung adenocarcinoma,lung adenocarcinoma,0.0,0.0,0.999995,0.0,5e-06
2,2,1.0,lung adenocarcinoma,lung adenocarcinoma,0.0,0.0,1.0,0.0,0.0
2,2,1.0,lung adenocarcinoma,lung adenocarcinoma,0.0,0.0,1.0,0.0,0.0
2,2,1.0,lung adenocarcinoma,lung adenocarcinoma,0.0,0.0,1.0,0.0,0.0
2,2,0.999999,lung adenocarcinoma,lung adenocarcinoma,0.0,0.0,0.999999,0.0,0.0
2,2,1.0,lung adenocarcinoma,lung adenocarcinoma,0.0,0.0,1.0,0.0,0.0
2,2,1.0,lung adenocarcinoma,lung adenocarcinoma,0.0,0.0,1.0,0.0,0.0
2,2,1.0,lung adenocarcinoma,lung adenocarcinoma,0.0,0.0,1.0,0.0,0.0
2,2,1.0,lung adenocarcinoma,lung adenocarcinoma,0.0,0.0,1.0,0.0,0.0
2,2,1.0,lung adenocarcinoma,lung adenocarcinoma,0.0,0.0,1.0,0.0,1e-06
2,2,1.0,lung adenocarcinoma,lung adenocarcinoma,0.0,0.0,1.0,0.0,0.0
2,2,1.0,lung adenocarcinoma,lung adenocarcinoma,0.0,0.0,1.0,0.0,0.0
2,2,1.0,lung adenocarcinoma,lung adenocarcinoma,0.0,0.0,1.0,0.0,0.0
2,2,1.0,lung adenocarcinoma,lung adenocarcinoma,0.0,0.0,1.0,0.0,0.0
2,2,0.999936,lung adenocarcinoma,lung adenocarcinoma,0.0,0.0,0.999936,0.0,6.4e-05
2,2,0.629084,lung adenocarcinoma,lung adenocarcinoma,0.0,0.0,0.629084,0.0,0.370916
2,2,1.0,lung adenocarcinoma,lung adenocarcinoma,0.0,0.0,1.0,0.0,0.0
2,2,0.999997,lung adenocarcinoma,lung adenocarcinoma,0.0,0.0,0.999997,0.0,3e-06
2,2,1.0,lung adenocarcinoma,lung adenocarcinoma,0.0,0.0,1.0,0.0,0.0
2,2,1.0,lung adenocarcinoma,lung adenocarcinoma,0.0,0.0,1.0,0.0,0.0
2,2,1.0,lung adenocarcinoma,lung adenocarcinoma,0.0,0.0,1.0,0.0,0.0
2,2,0.999932,lung adenocarcinoma,lung adenocarcinoma,0.0,0.0,0.999932,0.0,6.8e-05
2,2,1.0,lung adenocarcinoma,lung adenocarcinoma,0.0,0.0,1.0,0.0,0.0
2,2,1.0,lung adenocarcinoma,lung adenocarcinoma,0.0,0.0,1.0,0.0,0.0
2,2,1.0,lung adenocarcinoma,lung adenocarcinoma,0.0,0.0,1.0,0.0,0.0
2,2,1.0,lung adenocarcinoma,lung adenocarcinoma,0.0,0.0,1.0,0.0,0.0
2,2,1.0,lung adenocarcinoma,lung adenocarcinoma,0.0,0.0,1.0,0.0,0.0
2,2,1.0,lung adenocarcinoma,lung adenocarcinoma,0.0,0.0,1.0,0.0,0.0
2,2,1.0,lung adenocarcinoma,lung adenocarcinoma,0.0,0.0,1.0,0.0,0.0
2,2,0.999992,lung adenocarcinoma,lung adenocarcinoma,0.0,0.0,0.999992,8e-06,0.0
2,2,1.0,lung adenocarcinoma,lung adenocarcinoma,0.0,0.0,1.0,0.0,0.0
2,2,1.0,lung adenocarcinoma,lung adenocarcinoma,0.0,0.0,1.0,0.0,0.0
2,2,1.0,lung adenocarcinoma,lung adenocarcinoma,0.0,0.0,1.0,0.0,0.0
2,2,1.0,lung adenocarcinoma,lung adenocarcinoma,0.0,0.0,1.0,0.0,0.0
2,2,1.0,lung adenocarcinoma,lung adenocarcinoma,0.0,0.0,1.0,0.0,0.0
2,2,0.999999,lung adenocarcinoma,lung adenocarcinoma,0.0,0.0,0.999999,0.0,1e-06
2,2,1.0,lung adenocarcinoma,lung adenocarcinoma,0.0,0.0,1.0,0.0,0.0
2,2,1.0,lung adenocarcinoma,lung adenocarcinoma,0.0,0.0,1.0,0.0,0.0
2,2,1.0,lung adenocarcinoma,lung adenocarcinoma,0.0,0.0,1.0,0.0,0.0
2,2,1.0,lung adenocarcinoma,lung adenocarcinoma,0.0,0.0,1.0,0.0,0.0
2,2,1.0,lung adenocarcinoma,lung adenocarcinoma,0.0,0.0,1.0,0.0,0.0
2,2,1.0,lung adenocarcinoma,lung adenocarcinoma,0.0,0.0,1.0,0.0,0.0
2,2,1.0,lung adenocarcinoma,lung adenocarcinoma,0.0,0.0,1.0,0.0,0.0
2,2,1.0,lung adenocarcinoma,lung adenocarcinoma,0.0,0.0,1.0,0.0,0.0
2,2,1.0,lung adenocarcinoma,lung adenocarcinoma,0.0,0.0,1.0,0.0,0.0
2,2,1.0,lung adenocarcinoma,lung adenocarcinoma,0.0,0.0,1.0,0.0,0.0
2,2,1.0,lung adenocarcinoma,lung adenocarcinoma,0.0,0.0,1.0,0.0,0.0
2,2,1.0,lung adenocarcinoma,lung adenocarcinoma,0.0,0.0,1.0,0.0,0.0
2,2,1.0,lung adenocarcinoma,lung adenocarcinoma,0.0,0.0,1.0,0.0,0.0
2,2,1.0,lung adenocarcinoma,lung adenocarcinoma,0.0,0.0,1.0,0.0,0.0
2,2,1.0,lung adenocarcinoma,lung adenocarcinoma,0.0,0.0,1.0,0.0,0.0
2,2,1.0,lung adenocarcinoma,lung adenocarcinoma,0.0,0.0,1.0,0.0,0.0
2,2,1.0,lung adenocarcinoma,lung adenocarcinoma,0.0,0.0,1.0,0.0,0.0
2,2,1.0,lung adenocarcinoma,lung adenocarcinoma,0.0,0.0,1.0,0.0,0.0
2,2,1.0,lung adenocarcinoma,lung adenocarcinoma,0.0,0.0,1.0,0.0,0.0
2,2,0.999999,lung adenocarcinoma,lung adenocarcinoma,0.0,0.0,0.999999,0.0,1e-06
2,2,1.0,lung adenocarcinoma,lung adenocarcinoma,0.0,0.0,1.0,0.0,0.0
2,2,1.0,lung adenocarcinoma,lung adenocarcinoma,0.0,0.0,1.0,0.0,0.0
2,2,1.0,lung adenocarcinoma,lung adenocarcinoma,0.0,0.0,1.0,0.0,0.0
2,2,1.0,lung adenocarcinoma,lung adenocarcinoma,0.0,0.0,1.0,0.0,0.0
2,2,1.0,lung adenocarcinoma,lung adenocarcinoma,0.0,0.0,1.0,0.0,0.0
2,2,1.0,lung adenocarcinoma,lung adenocarcinoma,0.0,0.0,1.0,0.0,0.0
2,2,1.0,lung adenocarcinoma,lung adenocarcinoma,0.0,0.0,1.0,0.0,0.0
2,2,1.0,lung adenocarcinoma,lung adenocarcinoma,0.0,0.0,1.0,0.0,0.0
2,2,1.0,lung adenocarcinoma,lung adenocarcinoma,0.0,0.0,1.0,0.0,0.0
2,2,0.999961,lung adenocarcinoma,lung adenocarcinoma,0.0,0.0,0.999961,0.0,3.9e-05
2,2,0.999953,lung adenocarcinoma,lung adenocarcinoma,0.0,0.0,0.999953,0.0,4.7e-05
2,2,0.999998,lung adenocarcinoma,lung adenocarcinoma,1e-06,0.0,0.999998,0.0,0.0
2,2,1.0,lung adenocarcinoma,lung adenocarcinoma,0.0,0.0,1.0,0.0,0.0
2,2,0.999998,lung adenocarcinoma,lung adenocarcinoma,0.0,0.0,0.999998,0.0,2e-06
2,2,1.0,lung adenocarcinoma,lung adenocarcinoma,0.0,0.0,1.0,0.0,0.0
2,2,1.0,lung adenocarcinoma,lung adenocarcinoma,0.0,0.0,1.0,0.0,0.0
2,2,1.0,lung adenocarcinoma,lung adenocarcinoma,0.0,0.0,1.0,0.0,0.0
2,2,1.0,lung adenocarcinoma,lung adenocarcinoma,0.0,0.0,1.0,0.0,0.0
2,2,1.0,lung adenocarcinoma,lung adenocarcinoma,0.0,0.0,1.0,0.0,0.0
2,2,1.0,lung adenocarcinoma,lung adenocarcinoma,0.0,0.0,1.0,0.0,0.0
2,2,1.0,lung adenocarcinoma,lung adenocarcinoma,0.0,0.0,1.0,0.0,0.0
2,2,0.999995,lung adenocarcinoma,lung adenocarcinoma,0.0,0.0,0.999995,5e-06,0.0
2,2,1.0,lung adenocarcinoma,lung adenocarcinoma,0.0,0.0,1.0,0.0,0.0
2,2,1.0,lung adenocarcinoma,lung adenocarcinoma,0.0,0.0,1.0,0.0,0.0
2,2,1.0,lung adenocarcinoma,lung adenocarcinoma,0.0,0.0,1.0,0.0,0.0
2,2,1.0,lung adenocarcinoma,lung adenocarcinoma,0.0,0.0,1.0,0.0,0.0
2,2,1.0,lung adenocarcinoma,lung adenocarcinoma,0.0,0.0,1.0,0.0,0.0
2,2,0.999999,lung adenocarcinoma,lung adenocarcinoma,0.0,0.0,0.999999,0.0,1e-06
2,2,1.0,lung adenocarcinoma,lung adenocarcinoma,0.0,0.0,1.0,0.0,0.0
2,2,1.0,lung adenocarcinoma,lung adenocarcinoma,0.0,0.0,1.0,0.0,0.0
2,2,1.0,lung adenocarcinoma,lung adenocarcinoma,0.0,0.0,1.0,0.0,0.0
2,2,1.0,lung adenocarcinoma,lung adenocarcinoma,0.0,0.0,1.0,0.0,0.0
2,2,1.0,lung adenocarcinoma,lung adenocarcinoma,0.0,0.0,1.0,0.0,0.0
2,2,1.0,lung adenocarcinoma,lung adenocarcinoma,0.0,0.0,1.0,0.0,0.0
2,2,1.0,lung adenocarcinoma,lung adenocarcinoma,0.0,0.0,1.0,0.0,0.0
2,2,1.0,lung adenocarcinoma,lung adenocarcinoma,0.0,0.0,1.0,0.0,0.0
2,2,1.0,lung adenocarcinoma,lung adenocarcinoma,0.0,0.0,1.0,0.0,0.0
2,2,1.0,lung adenocarcinoma,lung adenocarcinoma,0.0,0.0,1.0,0.0,0.0
2,2,1.0,lung adenocarcinoma,lung adenocarcinoma,0.0,0.0,1.0,0.0,0.0
2,2,1.0,lung adenocarcinoma,lung adenocarcinoma,0.0,0.0,1.0,0.0,0.0
2,2,1.0,lung adenocarcinoma,lung adenocarcinoma,0.0,0.0,1.0,0.0,0.0
2,2,1.0,lung adenocarcinoma,lung adenocarcinoma,0.0,0.0,1.0,0.0,0.0
2,2,1.0,lung adenocarcinoma,lung adenocarcinoma,0.0,0.0,1.0,0.0,0.0
2,2,1.0,lung adenocarcinoma,lung adenocarcinoma,0.0,0.0,1.0,0.0,0.0
2,2,1.0,lung adenocarcinoma,lung adenocarcinoma,0.0,0.0,1.0,0.0,0.0
2,2,1.0,lung adenocarcinoma,lung adenocarcinoma,0.0,0.0,1.0,0.0,0.0
2,2,1.0,lung adenocarcinoma,lung adenocarcinoma,0.0,0.0,1.0,0.0,0.0
2,2,1.0,lung adenocarcinoma,lung adenocarcinoma,0.0,0.0,1.0,0.0,0.0
2,2,1.0,lung adenocarcinoma,lung adenocarcinoma,0.0,0.0,1.0,0.0,0.0
2,2,1.0,lung adenocarcinoma,lung adenocarcinoma,0.0,0.0,1.0,0.0,0.0
2,2,0.999931,lung adenocarcinoma,lung adenocarcinoma,8e-06,0.0,0.999931,4e-06,5.7e-05
2,2,1.0,lung adenocarcinoma,lung adenocarcinoma,0.0,0.0,1.0,0.0,0.0
2,2,1.0,lung adenocarcinoma,lung adenocarcinoma,0.0,0.0,1.0,0.0,0.0
2,2,1.0,lung adenocarcinoma,lung adenocarcinoma,0.0,0.0,1.0,0.0,0.0
2,2,1.0,lung adenocarcinoma,lung adenocarcinoma,0.0,0.0,1.0,0.0,0.0
2,2,1.0,lung adenocarcinoma,lung adenocarcinoma,0.0,0.0,1.0,0.0,0.0
2,2,1.0,lung adenocarcinoma,lung adenocarcinoma,0.0,0.0,1.0,0.0,0.0
2,2,1.0,lung adenocarcinoma,lung adenocarcinoma,0.0,0.0,1.0,0.0,0.0
2,2,1.0,lung adenocarcinoma,lung adenocarcinoma,0.0,0.0,1.0,0.0,0.0
2,2,1.0,lung adenocarcinoma,lung adenocarcinoma,0.0,0.0,1.0,0.0,0.0
2,2,1.0,lung adenocarcinoma,lung adenocarcinoma,0.0,0.0,1.0,0.0,0.0
2,2,1.0,lung adenocarcinoma,lung adenocarcinoma,0.0,0.0,1.0,0.0,0.0
2,2,1.0,lung adenocarcinoma,lung adenocarcinoma,0.0,0.0,1.0,0.0,0.0
2,2,0.999968,lung adenocarcinoma,lung adenocarcinoma,0.0,0.0,0.999968,0.0,3.2e-05
3,3,1.0,lung benign tissue,lung benign tissue,0.0,0.0,0.0,1.0,0.0
3,3,1.0,lung benign tissue,lung benign tissue,0.0,0.0,0.0,1.0,0.0
3,3,1.0,lung benign tissue,lung benign tissue,0.0,0.0,0.0,1.0,0.0
3,3,1.0,lung benign tissue,lung benign tissue,0.0,0.0,0.0,1.0,0.0
3,3,1.0,lung benign tissue,lung benign tissue,0.0,0.0,0.0,1.0,0.0
3,3,1.0,lung benign tissue,lung benign tissue,0.0,0.0,0.0,1.0,0.0
3,3,1.0,lung benign tissue,lung benign tissue,0.0,0.0,0.0,1.0,0.0
3,3,1.0,lung benign tissue,lung benign tissue,0.0,0.0,0.0,1.0,0.0
3,3,1.0,lung benign tissue,lung benign tissue,0.0,0.0,0.0,1.0,0.0
3,3,1.0,lung benign tissue,lung benign tissue,0.0,0.0,0.0,1.0,0.0
3,3,1.0,lung benign tissue,lung benign tissue,0.0,0.0,0.0,1.0,0.0
3,3,1.0,lung benign tissue,lung benign tissue,0.0,0.0,0.0,1.0,0.0
3,3,1.0,lung benign tissue,lung benign tissue,0.0,0.0,0.0,1.0,0.0
3,3,1.0,lung benign tissue,lung benign tissue,0.0,0.0,0.0,1.0,0.0
3,3,1.0,lung benign tissue,lung benign tissue,0.0,0.0,0.0,1.0,0.0
3,3,1.0,lung benign tissue,lung benign tissue,0.0,0.0,0.0,1.0,0.0
3,3,1.0,lung benign tissue,lung benign tissue,0.0,0.0,0.0,1.0,0.0
3,3,1.0,lung benign tissue,lung benign tissue,0.0,0.0,0.0,1.0,0.0
3,3,1.0,lung benign tissue,lung benign tissue,0.0,0.0,0.0,1.0,0.0
3,3,1.0,lung benign tissue,lung benign tissue,0.0,0.0,0.0,1.0,0.0
3,3,1.0,lung benign tissue,lung benign tissue,0.0,0.0,0.0,1.0,0.0
3,3,1.0,lung benign tissue,lung benign tissue,0.0,0.0,0.0,1.0,0.0
3,3,1.0,lung benign tissue,lung benign tissue,0.0,0.0,0.0,1.0,0.0
3,3,1.0,lung benign tissue,lung benign tissue,0.0,0.0,0.0,1.0,0.0
3,3,1.0,lung benign tissue,lung benign tissue,0.0,0.0,0.0,1.0,0.0
3,3,1.0,lung benign tissue,lung benign tissue,0.0,0.0,0.0,1.0,0.0
3,3,1.0,lung benign tissue,lung benign tissue,0.0,0.0,0.0,1.0,0.0
3,3,1.0,lung benign tissue,lung benign tissue,0.0,0.0,0.0,1.0,0.0
3,3,1.0,lung benign tissue,lung benign tissue,0.0,0.0,0.0,1.0,0.0
3,3,1.0,lung benign tissue,lung benign tissue,0.0,0.0,0.0,1.0,0.0
3,3,1.0,lung benign tissue,lung benign tissue,0.0,0.0,0.0,1.0,0.0
3,3,1.0,lung benign tissue,lung benign tissue,0.0,0.0,0.0,1.0,0.0
3,3,1.0,lung benign tissue,lung benign tissue,0.0,0.0,0.0,1.0,0.0
3,3,1.0,lung benign tissue,lung benign tissue,0.0,0.0,0.0,1.0,0.0
3,3,1.0,lung benign tissue,lung benign tissue,0.0,0.0,0.0,1.0,0.0
3,3,1.0,lung benign tissue,lung benign tissue,0.0,0.0,0.0,1.0,0.0
3,3,1.0,lung benign tissue,lung benign tissue,0.0,0.0,0.0,1.0,0.0
3,3,1.0,lung benign tissue,lung benign tissue,0.0,0.0,0.0,1.0,0.0
3,3,1.0,lung benign tissue,lung benign tissue,0.0,0.0,0.0,1.0,0.0
3,3,1.0,lung benign tissue,lung benign tissue,0.0,0.0,0.0,1.0,0.0
3,3,1.0,lung benign tissue,lung benign tissue,0.0,0.0,0.0,1.0,0.0
3,3,1.0,lung benign tissue,lung benign tissue,0.0,0.0,0.0,1.0,0.0
3,3,1.0,lung benign tissue,lung benign tissue,0.0,0.0,0.0,1.0,0.0
3,3,1.0,lung benign tissue,lung benign tissue,0.0,0.0,0.0,1.0,0.0
3,3,1.0,lung benign tissue,lung benign tissue,0.0,0.0,0.0,1.0,0.0
3,3,1.0,lung benign tissue,lung benign tissue,0.0,0.0,0.0,1.0,0.0
3,3,1.0,lung benign tissue,lung benign tissue,0.0,0.0,0.0,1.0,0.0
3,3,1.0,lung benign tissue,lung benign tissue,0.0,0.0,0.0,1.0,0.0
3,3,1.0,lung benign tissue,lung benign tissue,0.0,0.0,0.0,1.0,0.0
3,3,1.0,lung benign tissue,lung benign tissue,0.0,0.0,0.0,1.0,0.0
3,3,1.0,lung benign tissue,lung benign tissue,0.0,0.0,0.0,1.0,0.0
3,3,1.0,lung benign tissue,lung benign tissue,0.0,0.0,0.0,1.0,0.0
3,3,1.0,lung benign tissue,lung benign tissue,0.0,0.0,0.0,1.0,0.0
3,3,1.0,lung benign tissue,lung benign tissue,0.0,0.0,0.0,1.0,0.0
3,3,1.0,lung benign tissue,lung benign tissue,0.0,0.0,0.0,1.0,0.0
3,3,1.0,lung benign tissue,lung benign tissue,0.0,0.0,0.0,1.0,0.0
3,3,1.0,lung benign tissue,lung benign tissue,0.0,0.0,0.0,1.0,0.0
3,3,1.0,lung benign tissue,lung benign tissue,0.0,0.0,0.0,1.0,0.0
3,3,1.0,lung benign tissue,lung benign tissue,0.0,0.0,0.0,1.0,0.0
3,3,1.0,lung benign tissue,lung benign tissue,0.0,0.0,0.0,1.0,0.0
3,3,1.0,lung benign tissue,lung benign tissue,0.0,0.0,0.0,1.0,0.0
3,3,1.0,lung benign tissue,lung benign tissue,0.0,0.0,0.0,1.0,0.0
3,3,1.0,lung benign tissue,lung benign tissue,0.0,0.0,0.0,1.0,0.0
3,3,1.0,lung benign tissue,lung benign tissue,0.0,0.0,0.0,1.0,0.0
3,3,1.0,lung benign tissue,lung benign tissue,0.0,0.0,0.0,1.0,0.0
3,3,1.0,lung benign tissue,lung benign tissue,0.0,0.0,0.0,1.0,0.0
3,3,1.0,lung benign tissue,lung benign tissue,0.0,0.0,0.0,1.0,0.0
3,3,1.0,lung benign tissue,lung benign tissue,0.0,0.0,0.0,1.0,0.0
3,3,1.0,lung benign tissue,lung benign tissue,0.0,0.0,0.0,1.0,0.0
3,3,1.0,lung benign tissue,lung benign tissue,0.0,0.0,0.0,1.0,0.0
3,3,1.0,lung benign tissue,lung benign tissue,0.0,0.0,0.0,1.0,0.0
3,3,1.0,lung benign tissue,lung benign tissue,0.0,0.0,0.0,1.0,0.0
3,3,1.0,lung benign tissue,lung benign tissue,0.0,0.0,0.0,1.0,0.0
3,3,1.0,lung benign tissue,lung benign tissue,0.0,0.0,0.0,1.0,0.0
3,3,1.0,lung benign tissue,lung benign tissue,0.0,0.0,0.0,1.0,0.0
3,3,1.0,lung benign tissue,lung benign tissue,0.0,0.0,0.0,1.0,0.0
3,3,1.0,lung benign tissue,lung benign tissue,0.0,0.0,0.0,1.0,0.0
3,3,1.0,lung benign tissue,lung benign tissue,0.0,0.0,0.0,1.0,0.0
3,3,1.0,lung benign tissue,lung benign tissue,0.0,0.0,0.0,1.0,0.0
3,3,1.0,lung benign tissue,lung benign tissue,0.0,0.0,0.0,1.0,0.0
3,3,1.0,lung benign tissue,lung benign tissue,0.0,0.0,0.0,1.0,0.0
3,3,1.0,lung benign tissue,lung benign tissue,0.0,0.0,0.0,1.0,0.0
3,3,1.0,lung benign tissue,lung benign tissue,0.0,0.0,0.0,1.0,0.0
3,3,1.0,lung benign tissue,lung benign tissue,0.0,0.0,0.0,1.0,0.0
3,3,1.0,lung benign tissue,lung benign tissue,0.0,0.0,0.0,1.0,0.0
3,3,1.0,lung benign tissue,lung benign tissue,0.0,0.0,0.0,1.0,0.0
3,3,1.0,lung benign tissue,lung benign tissue,0.0,0.0,0.0,1.0,0.0
3,3,1.0,lung benign tissue,lung benign tissue,0.0,0.0,0.0,1.0,0.0
3,3,1.0,lung benign tissue,lung benign tissue,0.0,0.0,0.0,1.0,0.0
3,3,1.0,lung benign tissue,lung benign tissue,0.0,0.0,0.0,1.0,0.0
3,3,1.0,lung benign tissue,lung benign tissue,0.0,0.0,0.0,1.0,0.0
3,3,1.0,lung benign tissue,lung benign tissue,0.0,0.0,0.0,1.0,0.0
3,3,1.0,lung benign tissue,lung benign tissue,0.0,0.0,0.0,1.0,0.0
3,3,1.0,lung benign tissue,lung benign tissue,0.0,0.0,0.0,1.0,0.0
3,3,1.0,lung benign tissue,lung benign tissue,0.0,0.0,0.0,1.0,0.0
3,3,1.0,lung benign tissue,lung benign tissue,0.0,0.0,0.0,1.0,0.0
3,3,1.0,lung benign tissue,lung benign tissue,0.0,0.0,0.0,1.0,0.0
3,3,1.0,lung benign tissue,lung benign tissue,0.0,0.0,0.0,1.0,0.0
3,3,1.0,lung benign tissue,lung benign tissue,0.0,0.0,0.0,1.0,0.0
3,3,1.0,lung benign tissue,lung benign tissue,0.0,0.0,0.0,1.0,0.0
3,3,1.0,lung benign tissue,lung benign tissue,0.0,0.0,0.0,1.0,0.0
3,3,1.0,lung benign tissue,lung benign tissue,0.0,0.0,0.0,1.0,0.0
3,3,1.0,lung benign tissue,lung benign tissue,0.0,0.0,0.0,1.0,0.0
3,3,1.0,lung benign tissue,lung benign tissue,0.0,0.0,0.0,1.0,0.0
3,3,1.0,lung benign tissue,lung benign tissue,0.0,0.0,0.0,1.0,0.0
3,3,1.0,lung benign tissue,lung benign tissue,0.0,0.0,0.0,1.0,0.0
3,3,1.0,lung benign tissue,lung benign tissue,0.0,0.0,0.0,1.0,0.0
3,3,1.0,lung benign tissue,lung benign tissue,0.0,0.0,0.0,1.0,0.0
3,3,1.0,lung benign tissue,lung benign tissue,0.0,0.0,0.0,1.0,0.0
3,3,1.0,lung benign tissue,lung benign tissue,0.0,0.0,0.0,1.0,0.0
3,3,1.0,lung benign tissue,lung benign tissue,0.0,0.0,0.0,1.0,0.0
3,3,1.0,lung benign tissue,lung benign tissue,0.0,0.0,0.0,1.0,0.0
3,3,1.0,lung benign tissue,lung benign tissue,0.0,0.0,0.0,1.0,0.0
3,3,1.0,lung benign tissue,lung benign tissue,0.0,0.0,0.0,1.0,0.0
3,3,1.0,lung benign tissue,lung benign tissue,0.0,0.0,0.0,1.0,0.0
3,3,1.0,lung benign tissue,lung benign tissue,0.0,0.0,0.0,1.0,0.0
3,3,1.0,lung benign tissue,lung benign tissue,0.0,0.0,0.0,1.0,0.0
3,3,1.0,lung benign tissue,lung benign tissue,0.0,0.0,0.0,1.0,0.0
3,3,1.0,lung benign tissue,lung benign tissue,0.0,0.0,0.0,1.0,0.0
3,3,1.0,lung benign tissue,lung benign tissue,0.0,0.0,0.0,1.0,0.0
3,3,1.0,lung benign tissue,lung benign tissue,0.0,0.0,0.0,1.0,0.0
3,3,1.0,lung benign tissue,lung benign tissue,0.0,0.0,0.0,1.0,0.0
3,3,1.0,lung benign tissue,lung benign tissue,0.0,0.0,0.0,1.0,0.0
3,3,1.0,lung benign tissue,lung benign tissue,0.0,0.0,0.0,1.0,0.0
3,3,1.0,lung benign tissue,lung benign tissue,0.0,0.0,0.0,1.0,0.0
3,3,1.0,lung benign tissue,lung benign tissue,0.0,0.0,0.0,1.0,0.0
3,3,1.0,lung benign tissue,lung benign tissue,0.0,0.0,0.0,1.0,0.0
3,3,1.0,lung benign tissue,lung benign tissue,0.0,0.0,0.0,1.0,0.0
3,3,1.0,lung benign tissue,lung benign tissue,0.0,0.0,0.0,1.0,0.0
3,3,1.0,lung benign tissue,lung benign tissue,0.0,0.0,0.0,1.0,0.0
3,3,1.0,lung benign tissue,lung benign tissue,0.0,0.0,0.0,1.0,0.0
3,3,1.0,lung benign tissue,lung benign tissue,0.0,0.0,0.0,1.0,0.0
3,3,0.999825,lung benign tissue,lung benign tissue,0.0,0.0,0.000175,0.999825,0.0
3,3,1.0,lung benign tissue,lung benign tissue,0.0,0.0,0.0,1.0,0.0
3,3,1.0,lung benign tissue,lung benign tissue,0.0,0.0,0.0,1.0,0.0
3,3,1.0,lung benign tissue,lung benign tissue,0.0,0.0,0.0,1.0,0.0
3,3,1.0,lung benign tissue,lung benign tissue,0.0,0.0,0.0,1.0,0.0
3,3,1.0,lung benign tissue,lung benign tissue,0.0,0.0,0.0,1.0,0.0
3,3,1.0,lung benign tissue,lung benign tissue,0.0,0.0,0.0,1.0,0.0
3,3,1.0,lung benign tissue,lung benign tissue,0.0,0.0,0.0,1.0,0.0
3,3,1.0,lung benign tissue,lung benign tissue,0.0,0.0,0.0,1.0,0.0
3,3,1.0,lung benign tissue,lung benign tissue,0.0,0.0,0.0,1.0,0.0
3,3,1.0,lung benign tissue,lung benign tissue,0.0,0.0,0.0,1.0,0.0
3,3,1.0,lung benign tissue,lung benign tissue,0.0,0.0,0.0,1.0,0.0
3,3,1.0,lung benign tissue,lung benign tissue,0.0,0.0,0.0,1.0,0.0
3,3,1.0,lung benign tissue,lung benign tissue,0.0,0.0,0.0,1.0,0.0
3,3,1.0,lung benign tissue,lung benign tissue,0.0,0.0,0.0,1.0,0.0
3,3,1.0,lung benign tissue,lung benign tissue,0.0,0.0,0.0,1.0,0.0
3,3,1.0,lung benign tissue,lung benign tissue,0.0,0.0,0.0,1.0,0.0
3,3,1.0,lung benign tissue,lung benign tissue,0.0,0.0,0.0,1.0,0.0
3,3,1.0,lung benign tissue,lung benign tissue,0.0,0.0,0.0,1.0,0.0
3,3,1.0,lung benign tissue,lung benign tissue,0.0,0.0,0.0,1.0,0.0
3,3,1.0,lung benign tissue,lung benign tissue,0.0,0.0,0.0,1.0,0.0
3,3,1.0,lung benign tissue,lung benign tissue,0.0,0.0,0.0,1.0,0.0
3,3,1.0,lung benign tissue,lung benign tissue,0.0,0.0,0.0,1.0,0.0
3,3,1.0,lung benign tissue,lung benign tissue,0.0,0.0,0.0,1.0,0.0
3,3,1.0,lung benign tissue,lung benign tissue,0.0,0.0,0.0,1.0,0.0
3,3,1.0,lung benign tissue,lung benign tissue,0.0,0.0,0.0,1.0,0.0
3,3,1.0,lung benign tissue,lung benign tissue,0.0,0.0,0.0,1.0,0.0
3,3,1.0,lung benign tissue,lung benign tissue,0.0,0.0,0.0,1.0,0.0
3,3,1.0,lung benign tissue,lung benign tissue,0.0,0.0,0.0,1.0,0.0
3,3,1.0,lung benign tissue,lung benign tissue,0.0,0.0,0.0,1.0,0.0
3,3,1.0,lung benign tissue,lung benign tissue,0.0,0.0,0.0,1.0,0.0
3,3,1.0,lung benign tissue,lung benign tissue,0.0,0.0,0.0,1.0,0.0
3,3,1.0,lung benign tissue,lung benign tissue,0.0,0.0,0.0,1.0,0.0
3,3,1.0,lung benign tissue,lung benign tissue,0.0,0.0,0.0,1.0,0.0
3,3,1.0,lung benign tissue,lung benign tissue,0.0,0.0,0.0,1.0,0.0
3,3,1.0,lung benign tissue,lung benign tissue,0.0,0.0,0.0,1.0,0.0
3,3,1.0,lung benign tissue,lung benign tissue,0.0,0.0,0.0,1.0,0.0
3,3,1.0,lung benign tissue,lung benign tissue,0.0,0.0,0.0,1.0,0.0
3,3,1.0,lung benign tissue,lung benign tissue,0.0,0.0,0.0,1.0,0.0
3,3,1.0,lung benign tissue,lung benign tissue,0.0,0.0,0.0,1.0,0.0
3,3,1.0,lung benign tissue,lung benign tissue,0.0,0.0,0.0,1.0,0.0
3,3,1.0,lung benign tissue,lung benign tissue,0.0,0.0,0.0,1.0,0.0
3,3,1.0,lung benign tissue,lung benign tissue,0.0,0.0,0.0,1.0,0.0
3,3,1.0,lung benign tissue,lung benign tissue,0.0,0.0,0.0,1.0,0.0
3,3,1.0,lung benign tissue,lung benign tissue,0.0,0.0,0.0,1.0,0.0
3,3,1.0,lung benign tissue,lung benign tissue,0.0,0.0,0.0,1.0,0.0
3,3,1.0,lung benign tissue,lung benign tissue,0.0,0.0,0.0,1.0,0.0
3,3,1.0,lung benign tissue,lung benign tissue,0.0,0.0,0.0,1.0,0.0
3,3,1.0,lung benign tissue,lung benign tissue,0.0,0.0,0.0,1.0,0.0
3,3,1.0,lung benign tissue,lung benign tissue,0.0,0.0,0.0,1.0,0.0
3,3,1.0,lung benign tissue,lung benign tissue,0.0,0.0,0.0,1.0,0.0
3,3,1.0,lung benign tissue,lung benign tissue,0.0,0.0,0.0,1.0,0.0
3,3,1.0,lung benign tissue,lung benign tissue,0.0,0.0,0.0,1.0,0.0
3,3,1.0,lung benign tissue,lung benign tissue,0.0,0.0,0.0,1.0,0.0
3,3,1.0,lung benign tissue,lung benign tissue,0.0,0.0,0.0,1.0,0.0
3,3,1.0,lung benign tissue,lung benign tissue,0.0,0.0,0.0,1.0,0.0
3,3,1.0,lung benign tissue,lung benign tissue,0.0,0.0,0.0,1.0,0.0
3,3,1.0,lung benign tissue,lung benign tissue,0.0,0.0,0.0,1.0,0.0
3,3,1.0,lung benign tissue,lung benign tissue,0.0,0.0,0.0,1.0,0.0
3,3,1.0,lung benign tissue,lung benign tissue,0.0,0.0,0.0,1.0,0.0
3,3,1.0,lung benign tissue,lung benign tissue,0.0,0.0,0.0,1.0,0.0
3,3,1.0,lung benign tissue,lung benign tissue,0.0,0.0,0.0,1.0,0.0
3,3,1.0,lung benign tissue,lung benign tissue,0.0,0.0,0.0,1.0,0.0
3,3,1.0,lung benign tissue,lung benign tissue,0.0,0.0,0.0,1.0,0.0
3,3,1.0,lung benign tissue,lung benign tissue,0.0,0.0,0.0,1.0,0.0
3,3,1.0,lung benign tissue,lung benign tissue,0.0,0.0,0.0,1.0,0.0
3,3,1.0,lung benign tissue,lung benign tissue,0.0,0.0,0.0,1.0,0.0
3,3,1.0,lung benign tissue,lung benign tissue,0.0,0.0,0.0,1.0,0.0
3,3,1.0,lung benign tissue,lung benign tissue,0.0,0.0,0.0,1.0,0.0
3,3,1.0,lung benign tissue,lung benign tissue,0.0,0.0,0.0,1.0,0.0
3,3,1.0,lung benign tissue,lung benign tissue,0.0,0.0,0.0,1.0,0.0
3,3,1.0,lung benign tissue,lung benign tissue,0.0,0.0,0.0,1.0,0.0
3,3,1.0,lung benign tissue,lung benign tissue,0.0,0.0,0.0,1.0,0.0
3,3,1.0,lung benign tissue,lung benign tissue,0.0,0.0,0.0,1.0,0.0
3,3,1.0,lung benign tissue,lung benign tissue,0.0,0.0,0.0,1.0,0.0
3,3,1.0,lung benign tissue,lung benign tissue,0.0,0.0,0.0,1.0,0.0
3,3,1.0,lung benign tissue,lung benign tissue,0.0,0.0,0.0,1.0,0.0
3,3,1.0,lung benign tissue,lung benign tissue,0.0,0.0,0.0,1.0,0.0
3,3,1.0,lung benign tissue,lung benign tissue,0.0,0.0,0.0,1.0,0.0
3,3,1.0,lung benign tissue,lung benign tissue,0.0,0.0,0.0,1.0,0.0
3,3,1.0,lung benign tissue,lung benign tissue,0.0,0.0,0.0,1.0,0.0
3,3,1.0,lung benign tissue,lung benign tissue,0.0,0.0,0.0,1.0,0.0
3,3,1.0,lung benign tissue,lung benign tissue,0.0,0.0,0.0,1.0,0.0
3,3,1.0,lung benign tissue,lung benign tissue,0.0,0.0,0.0,1.0,0.0
3,3,1.0,lung benign tissue,lung benign tissue,0.0,0.0,0.0,1.0,0.0
3,3,1.0,lung benign tissue,lung benign tissue,0.0,0.0,0.0,1.0,0.0
3,3,1.0,lung benign tissue,lung benign tissue,0.0,0.0,0.0,1.0,0.0
3,3,1.0,lung benign tissue,lung benign tissue,0.0,0.0,0.0,1.0,0.0
3,3,1.0,lung benign tissue,lung benign tissue,0.0,0.0,0.0,1.0,0.0
3,3,1.0,lung benign tissue,lung benign tissue,0.0,0.0,0.0,1.0,0.0
3,3,1.0,lung benign tissue,lung benign tissue,0.0,0.0,0.0,1.0,0.0
3,3,1.0,lung benign tissue,lung benign tissue,0.0,0.0,0.0,1.0,0.0
3,3,1.0,lung benign tissue,lung benign tissue,0.0,0.0,0.0,1.0,0.0
3,3,1.0,lung benign tissue,lung benign tissue,0.0,0.0,0.0,1.0,0.0
3,3,1.0,lung benign tissue,lung benign tissue,0.0,0.0,0.0,1.0,0.0
3,3,1.0,lung benign tissue,lung benign tissue,0.0,0.0,0.0,1.0,0.0
3,3,1.0,lung benign tissue,lung benign tissue,0.0,0.0,0.0,1.0,0.0
3,3,1.0,lung benign tissue,lung benign tissue,0.0,0.0,0.0,1.0,0.0
3,3,1.0,lung benign tissue,lung benign tissue,0.0,0.0,0.0,1.0,0.0
3,3,1.0,lung benign tissue,lung benign tissue,0.0,0.0,0.0,1.0,0.0
3,3,1.0,lung benign tissue,lung benign tissue,0.0,0.0,0.0,1.0,0.0
3,3,1.0,lung benign tissue,lung benign tissue,0.0,0.0,0.0,1.0,0.0
3,3,1.0,lung benign tissue,lung benign tissue,0.0,0.0,0.0,1.0,0.0
3,3,1.0,lung benign tissue,lung benign tissue,0.0,0.0,0.0,1.0,0.0
3,3,1.0,lung benign tissue,lung benign tissue,0.0,0.0,0.0,1.0,0.0
3,3,1.0,lung benign tissue,lung benign tissue,0.0,0.0,0.0,1.0,0.0
3,3,1.0,lung benign tissue,lung benign tissue,0.0,0.0,0.0,1.0,0.0
3,3,1.0,lung benign tissue,lung benign tissue,0.0,0.0,0.0,1.0,0.0
3,3,1.0,lung benign tissue,lung benign tissue,0.0,0.0,0.0,1.0,0.0
3,3,1.0,lung benign tissue,lung benign tissue,0.0,0.0,0.0,1.0,0.0
3,3,1.0,lung benign tissue,lung benign tissue,0.0,0.0,0.0,1.0,0.0
3,3,1.0,lung benign tissue,lung benign tissue,0.0,0.0,0.0,1.0,0.0
3,3,1.0,lung benign tissue,lung benign tissue,0.0,0.0,0.0,1.0,0.0
3,3,1.0,lung benign tissue,lung benign tissue,0.0,0.0,0.0,1.0,0.0
3,3,1.0,lung benign tissue,lung benign tissue,0.0,0.0,0.0,1.0,0.0
3,3,1.0,lung benign tissue,lung benign tissue,0.0,0.0,0.0,1.0,0.0
3,3,1.0,lung benign tissue,lung benign tissue,0.0,0.0,0.0,1.0,0.0
3,3,1.0,lung benign tissue,lung benign tissue,0.0,0.0,0.0,1.0,0.0
3,3,1.0,lung benign tissue,lung benign tissue,0.0,0.0,0.0,1.0,0.0
3,3,1.0,lung benign tissue,lung benign tissue,0.0,0.0,0.0,1.0,0.0
3,3,1.0,lung benign tissue,lung benign tissue,0.0,0.0,0.0,1.0,0.0
3,3,1.0,lung benign tissue,lung benign tissue,0.0,0.0,0.0,1.0,0.0
3,3,1.0,lung benign tissue,lung benign tissue,0.0,0.0,0.0,1.0,0.0
3,3,1.0,lung benign tissue,lung benign tissue,0.0,0.0,0.0,1.0,0.0
3,3,1.0,lung benign tissue,lung benign tissue,0.0,0.0,0.0,1.0,0.0
3,3,1.0,lung benign tissue,lung benign tissue,0.0,0.0,0.0,1.0,0.0
3,3,1.0,lung benign tissue,lung benign tissue,0.0,0.0,0.0,1.0,0.0
3,3,1.0,lung benign tissue,lung benign tissue,0.0,0.0,0.0,1.0,0.0
3,3,1.0,lung benign tissue,lung benign tissue,0.0,0.0,0.0,1.0,0.0
3,3,1.0,lung benign tissue,lung benign tissue,0.0,0.0,0.0,1.0,0.0
3,3,1.0,lung benign tissue,lung benign tissue,0.0,0.0,0.0,1.0,0.0
3,3,1.0,lung benign tissue,lung benign tissue,0.0,0.0,0.0,1.0,0.0
3,3,1.0,lung benign tissue,lung benign tissue,0.0,0.0,0.0,1.0,0.0
3,3,1.0,lung benign tissue,lung benign tissue,0.0,0.0,0.0,1.0,0.0
3,3,1.0,lung benign tissue,lung benign tissue,0.0,0.0,0.0,1.0,0.0
3,3,1.0,lung benign tissue,lung benign tissue,0.0,0.0,0.0,1.0,0.0
3,3,1.0,lung benign tissue,lung benign tissue,0.0,0.0,0.0,1.0,0.0
3,3,1.0,lung benign tissue,lung benign tissue,0.0,0.0,0.0,1.0,0.0
3,3,1.0,lung benign tissue,lung benign tissue,0.0,0.0,0.0,1.0,0.0
3,3,1.0,lung benign tissue,lung benign tissue,0.0,0.0,0.0,1.0,0.0
3,3,1.0,lung benign tissue,lung benign tissue,0.0,0.0,0.0,1.0,0.0
3,3,1.0,lung benign tissue,lung benign tissue,0.0,0.0,0.0,1.0,0.0
3,3,1.0,lung benign tissue,lung benign tissue,0.0,0.0,0.0,1.0,0.0
3,3,1.0,lung benign tissue,lung benign tissue,0.0,0.0,0.0,1.0,0.0
3,3,1.0,lung benign tissue,lung benign tissue,0.0,0.0,0.0,1.0,0.0
3,3,1.0,lung benign tissue,lung benign tissue,0.0,0.0,0.0,1.0,0.0
3,3,1.0,lung benign tissue,lung benign tissue,0.0,0.0,0.0,1.0,0.0
3,3,1.0,lung benign tissue,lung benign tissue,0.0,0.0,0.0,1.0,0.0
3,3,1.0,lung benign tissue,lung benign tissue,0.0,0.0,0.0,1.0,0.0
3,3,1.0,lung benign tissue,lung benign tissue,0.0,0.0,0.0,1.0,0.0
3,3,1.0,lung benign tissue,lung benign tissue,0.0,0.0,0.0,1.0,0.0
3,3,1.0,lung benign tissue,lung benign tissue,0.0,0.0,0.0,1.0,0.0
3,3,1.0,lung benign tissue,lung benign tissue,0.0,0.0,0.0,1.0,0.0
3,3,1.0,lung benign tissue,lung benign tissue,0.0,0.0,0.0,1.0,0.0
3,3,1.0,lung benign tissue,lung benign tissue,0.0,0.0,0.0,1.0,0.0
3,3,1.0,lung benign tissue,lung benign tissue,0.0,0.0,0.0,1.0,0.0
3,3,1.0,lung benign tissue,lung benign tissue,0.0,0.0,0.0,1.0,0.0
3,3,1.0,lung benign tissue,lung benign tissue,0.0,0.0,0.0,1.0,0.0
3,3,1.0,lung benign tissue,lung benign tissue,0.0,0.0,0.0,1.0,0.0
3,3,1.0,lung benign tissue,lung benign tissue,0.0,0.0,0.0,1.0,0.0
3,3,1.0,lung benign tissue,lung benign tissue,0.0,0.0,0.0,1.0,0.0
3,3,1.0,lung benign tissue,lung benign tissue,0.0,0.0,0.0,1.0,0.0
3,3,1.0,lung benign tissue,lung benign tissue,0.0,0.0,0.0,1.0,0.0
3,3,1.0,lung benign tissue,lung benign tissue,0.0,0.0,0.0,1.0,0.0
3,3,1.0,lung benign tissue,lung benign tissue,0.0,0.0,0.0,1.0,0.0
3,3,1.0,lung benign tissue,lung benign tissue,0.0,0.0,0.0,1.0,0.0
3,3,1.0,lung benign tissue,lung benign tissue,0.0,0.0,0.0,1.0,0.0
3,3,1.0,lung benign tissue,lung benign tissue,0.0,0.0,0.0,1.0,0.0
3,3,1.0,lung benign tissue,lung benign tissue,0.0,0.0,0.0,1.0,0.0
3,3,1.0,lung benign tissue,lung benign tissue,0.0,0.0,0.0,1.0,0.0
3,3,1.0,lung benign tissue,lung benign tissue,0.0,0.0,0.0,1.0,0.0
3,3,1.0,lung benign tissue,lung benign tissue,0.0,0.0,0.0,1.0,0.0
3,3,1.0,lung benign tissue,lung benign tissue,0.0,0.0,0.0,1.0,0.0
3,3,1.0,lung benign tissue,lung benign tissue,0.0,0.0,0.0,1.0,0.0
3,3,1.0,lung benign tissue,lung benign tissue,0.0,0.0,0.0,1.0,0.0
3,3,1.0,lung benign tissue,lung benign tissue,0.0,0.0,0.0,1.0,0.0
3,3,1.0,lung benign tissue,lung benign tissue,0.0,0.0,0.0,1.0,0.0
3,3,1.0,lung benign tissue,lung benign tissue,0.0,0.0,0.0,1.0,0.0
3,3,1.0,lung benign tissue,lung benign tissue,0.0,0.0,0.0,1.0,0.0
3,3,1.0,lung benign tissue,lung benign tissue,0.0,0.0,0.0,1.0,0.0
3,3,1.0,lung benign tissue,lung benign tissue,0.0,0.0,0.0,1.0,0.0
3,3,1.0,lung benign tissue,lung benign tissue,0.0,0.0,0.0,1.0,0.0
3,3,1.0,lung benign tissue,lung benign tissue,0.0,0.0,0.0,1.0,0.0
3,3,1.0,lung benign tissue,lung benign tissue,0.0,0.0,0.0,1.0,0.0
3,3,1.0,lung benign tissue,lung benign tissue,0.0,0.0,0.0,1.0,0.0
3,3,1.0,lung benign tissue,lung benign tissue,0.0,0.0,0.0,1.0,0.0
3,3,1.0,lung benign tissue,lung benign tissue,0.0,0.0,0.0,1.0,0.0
3,3,1.0,lung benign tissue,lung benign tissue,0.0,0.0,0.0,1.0,0.0
3,3,1.0,lung benign tissue,lung benign tissue,0.0,0.0,0.0,1.0,0.0
3,3,1.0,lung benign tissue,lung benign tissue,0.0,0.0,0.0,1.0,0.0
3,3,1.0,lung benign tissue,lung benign tissue,0.0,0.0,0.0,1.0,0.0
3,3,1.0,lung benign tissue,lung benign tissue,0.0,0.0,0.0,1.0,0.0
3,3,1.0,lung benign tissue,lung benign tissue,0.0,0.0,0.0,1.0,0.0
3,3,1.0,lung benign tissue,lung benign tissue,0.0,0.0,0.0,1.0,0.0
3,3,1.0,lung benign tissue,lung benign tissue,0.0,0.0,0.0,1.0,0.0
3,3,1.0,lung benign tissue,lung benign tissue,0.0,0.0,0.0,1.0,0.0
3,3,1.0,lung benign tissue,lung benign tissue,0.0,0.0,0.0,1.0,0.0
3,3,1.0,lung benign tissue,lung benign tissue,0.0,0.0,0.0,1.0,0.0
3,3,0.999975,lung benign tissue,lung benign tissue,0.0,0.0,2.5e-05,0.999975,0.0
3,3,1.0,lung benign tissue,lung benign tissue,0.0,0.0,0.0,1.0,0.0
3,3,1.0,lung benign tissue,lung benign tissue,0.0,0.0,0.0,1.0,0.0
3,3,1.0,lung benign tissue,lung benign tissue,0.0,0.0,0.0,1.0,0.0
3,3,1.0,lung benign tissue,lung benign tissue,0.0,0.0,0.0,1.0,0.0
3,3,1.0,lung benign tissue,lung benign tissue,0.0,0.0,0.0,1.0,0.0
3,3,1.0,lung benign tissue,lung benign tissue,0.0,0.0,0.0,1.0,0.0
3,3,1.0,lung benign tissue,lung benign tissue,0.0,0.0,0.0,1.0,0.0
3,3,1.0,lung benign tissue,lung benign tissue,0.0,0.0,0.0,1.0,0.0
3,3,1.0,lung benign tissue,lung benign tissue,0.0,0.0,0.0,1.0,0.0
3,3,1.0,lung benign tissue,lung benign tissue,0.0,0.0,0.0,1.0,0.0
3,3,1.0,lung benign tissue,lung benign tissue,0.0,0.0,0.0,1.0,0.0
3,3,1.0,lung benign tissue,lung benign tissue,0.0,0.0,0.0,1.0,0.0
3,3,1.0,lung benign tissue,lung benign tissue,0.0,0.0,0.0,1.0,0.0
3,3,1.0,lung benign tissue,lung benign tissue,0.0,0.0,0.0,1.0,0.0
3,3,1.0,lung benign tissue,lung benign tissue,0.0,0.0,0.0,1.0,0.0
3,3,1.0,lung benign tissue,lung benign tissue,0.0,0.0,0.0,1.0,0.0
3,3,1.0,lung benign tissue,lung benign tissue,0.0,0.0,0.0,1.0,0.0
3,3,1.0,lung benign tissue,lung benign tissue,0.0,0.0,0.0,1.0,0.0
3,3,1.0,lung benign tissue,lung benign tissue,0.0,0.0,0.0,1.0,0.0
3,3,1.0,lung benign tissue,lung benign tissue,0.0,0.0,0.0,1.0,0.0
3,3,1.0,lung benign tissue,lung benign tissue,0.0,0.0,0.0,1.0,0.0
3,3,1.0,lung benign tissue,lung benign tissue,0.0,0.0,0.0,1.0,0.0
3,3,1.0,lung benign tissue,lung benign tissue,0.0,0.0,0.0,1.0,0.0
3,3,1.0,lung benign tissue,lung benign tissue,0.0,0.0,0.0,1.0,0.0
3,3,1.0,lung benign tissue,lung benign tissue,0.0,0.0,0.0,1.0,0.0
3,3,1.0,lung benign tissue,lung benign tissue,0.0,0.0,0.0,1.0,0.0
3,3,1.0,lung benign tissue,lung benign tissue,0.0,0.0,0.0,1.0,0.0
3,3,1.0,lung benign tissue,lung benign tissue,0.0,0.0,0.0,1.0,0.0
3,3,1.0,lung benign tissue,lung benign tissue,0.0,0.0,0.0,1.0,0.0
3,3,1.0,lung benign tissue,lung benign tissue,0.0,0.0,0.0,1.0,0.0
3,3,1.0,lung benign tissue,lung benign tissue,0.0,0.0,0.0,1.0,0.0
3,3,1.0,lung benign tissue,lung benign tissue,0.0,0.0,0.0,1.0,0.0
3,3,1.0,lung benign tissue,lung benign tissue,0.0,0.0,0.0,1.0,0.0
3,3,1.0,lung benign tissue,lung benign tissue,0.0,0.0,0.0,1.0,0.0
3,3,1.0,lung benign tissue,lung benign tissue,0.0,0.0,0.0,1.0,0.0
3,3,1.0,lung benign tissue,lung benign tissue,0.0,0.0,0.0,1.0,0.0
3,3,1.0,lung benign tissue,lung benign tissue,0.0,0.0,0.0,1.0,0.0
3,3,1.0,lung benign tissue,lung benign tissue,0.0,0.0,0.0,1.0,0.0
3,3,1.0,lung benign tissue,lung benign tissue,0.0,0.0,0.0,1.0,0.0
3,3,1.0,lung benign tissue,lung benign tissue,0.0,0.0,0.0,1.0,0.0
3,3,1.0,lung benign tissue,lung benign tissue,0.0,0.0,0.0,1.0,0.0
3,3,1.0,lung benign tissue,lung benign tissue,0.0,0.0,0.0,1.0,0.0
3,3,1.0,lung benign tissue,lung benign tissue,0.0,0.0,0.0,1.0,0.0
3,3,1.0,lung benign tissue,lung benign tissue,0.0,0.0,0.0,1.0,0.0
3,3,1.0,lung benign tissue,lung benign tissue,0.0,0.0,0.0,1.0,0.0
3,3,1.0,lung benign tissue,lung benign tissue,0.0,0.0,0.0,1.0,0.0
3,3,1.0,lung benign tissue,lung benign tissue,0.0,0.0,0.0,1.0,0.0
3,3,1.0,lung benign tissue,lung benign tissue,0.0,0.0,0.0,1.0,0.0
3,3,1.0,lung benign tissue,lung benign tissue,0.0,0.0,0.0,1.0,0.0
3,3,1.0,lung benign tissue,lung benign tissue,0.0,0.0,0.0,1.0,0.0
3,3,1.0,lung benign tissue,lung benign tissue,0.0,0.0,0.0,1.0,0.0
3,3,1.0,lung benign tissue,lung benign tissue,0.0,0.0,0.0,1.0,0.0
3,3,1.0,lung benign tissue,lung benign tissue,0.0,0.0,0.0,1.0,0.0
3,3,1.0,lung benign tissue,lung benign tissue,0.0,0.0,0.0,1.0,0.0
3,3,1.0,lung benign tissue,lung benign tissue,0.0,0.0,0.0,1.0,0.0
3,3,1.0,lung benign tissue,lung benign tissue,0.0,0.0,0.0,1.0,0.0
3,3,1.0,lung benign tissue,lung benign tissue,0.0,0.0,0.0,1.0,0.0
3,3,1.0,lung benign tissue,lung benign tissue,0.0,0.0,0.0,1.0,0.0
3,3,1.0,lung benign tissue,lung benign tissue,0.0,0.0,0.0,1.0,0.0
3,3,1.0,lung benign tissue,lung benign tissue,0.0,0.0,0.0,1.0,0.0
3,3,1.0,lung benign tissue,lung benign tissue,0.0,0.0,0.0,1.0,0.0
3,3,1.0,lung benign tissue,lung benign tissue,0.0,0.0,0.0,1.0,0.0
3,3,1.0,lung benign tissue,lung benign tissue,0.0,0.0,0.0,1.0,0.0
3,3,1.0,lung benign tissue,lung benign tissue,0.0,0.0,0.0,1.0,0.0
3,3,1.0,lung benign tissue,lung benign tissue,0.0,0.0,0.0,1.0,0.0
3,3,1.0,lung benign tissue,lung benign tissue,0.0,0.0,0.0,1.0,0.0
3,3,1.0,lung benign tissue,lung benign tissue,0.0,0.0,0.0,1.0,0.0
3,3,1.0,lung benign tissue,lung benign tissue,0.0,0.0,0.0,1.0,0.0
3,3,1.0,lung benign tissue,lung benign tissue,0.0,0.0,0.0,1.0,0.0
3,3,1.0,lung benign tissue,lung benign tissue,0.0,0.0,0.0,1.0,0.0
3,3,1.0,lung benign tissue,lung benign tissue,0.0,0.0,0.0,1.0,0.0
3,3,1.0,lung benign tissue,lung benign tissue,0.0,0.0,0.0,1.0,0.0
3,3,1.0,lung benign tissue,lung benign tissue,0.0,0.0,0.0,1.0,0.0
3,3,1.0,lung benign tissue,lung benign tissue,0.0,0.0,0.0,1.0,0.0
3,3,1.0,lung benign tissue,lung benign tissue,0.0,0.0,0.0,1.0,0.0
3,3,1.0,lung benign tissue,lung benign tissue,0.0,0.0,0.0,1.0,0.0
3,3,1.0,lung benign tissue,lung benign tissue,0.0,0.0,0.0,1.0,0.0
3,3,1.0,lung benign tissue,lung benign tissue,0.0,0.0,0.0,1.0,0.0
3,3,1.0,lung benign tissue,lung benign tissue,0.0,0.0,0.0,1.0,0.0
3,3,1.0,lung benign tissue,lung benign tissue,0.0,0.0,0.0,1.0,0.0
3,3,1.0,lung benign tissue,lung benign tissue,0.0,0.0,0.0,1.0,0.0
3,3,1.0,lung benign tissue,lung benign tissue,0.0,0.0,0.0,1.0,0.0
3,3,1.0,lung benign tissue,lung benign tissue,0.0,0.0,0.0,1.0,0.0
3,3,1.0,lung benign tissue,lung benign tissue,0.0,0.0,0.0,1.0,0.0
3,3,1.0,lung benign tissue,lung benign tissue,0.0,0.0,0.0,1.0,0.0
3,3,1.0,lung benign tissue,lung benign tissue,0.0,0.0,0.0,1.0,0.0
3,3,1.0,lung benign tissue,lung benign tissue,0.0,0.0,0.0,1.0,0.0
3,3,1.0,lung benign tissue,lung benign tissue,0.0,0.0,0.0,1.0,0.0
3,3,1.0,lung benign tissue,lung benign tissue,0.0,0.0,0.0,1.0,0.0
3,3,1.0,lung benign tissue,lung benign tissue,0.0,0.0,0.0,1.0,0.0
3,3,1.0,lung benign tissue,lung benign tissue,0.0,0.0,0.0,1.0,0.0
3,3,1.0,lung benign tissue,lung benign tissue,0.0,0.0,0.0,1.0,0.0
3,3,1.0,lung benign tissue,lung benign tissue,0.0,0.0,0.0,1.0,0.0
3,3,1.0,lung benign tissue,lung benign tissue,0.0,0.0,0.0,1.0,0.0
3,3,1.0,lung benign tissue,lung benign tissue,0.0,0.0,0.0,1.0,0.0
3,3,1.0,lung benign tissue,lung benign tissue,0.0,0.0,0.0,1.0,0.0
3,3,1.0,lung benign tissue,lung benign tissue,0.0,0.0,0.0,1.0,0.0
3,3,1.0,lung benign tissue,lung benign tissue,0.0,0.0,0.0,1.0,0.0
3,3,1.0,lung benign tissue,lung benign tissue,0.0,0.0,0.0,1.0,0.0
3,3,1.0,lung benign tissue,lung benign tissue,0.0,0.0,0.0,1.0,0.0
3,3,1.0,lung benign tissue,lung benign tissue,0.0,0.0,0.0,1.0,0.0
3,3,1.0,lung benign tissue,lung benign tissue,0.0,0.0,0.0,1.0,0.0
3,3,1.0,lung benign tissue,lung benign tissue,0.0,0.0,0.0,1.0,0.0
3,3,1.0,lung benign tissue,lung benign tissue,0.0,0.0,0.0,1.0,0.0
3,3,1.0,lung benign tissue,lung benign tissue,0.0,0.0,0.0,1.0,0.0
3,3,1.0,lung benign tissue,lung benign tissue,0.0,0.0,0.0,1.0,0.0
3,3,1.0,lung benign tissue,lung benign tissue,0.0,0.0,0.0,1.0,0.0
3,3,1.0,lung benign tissue,lung benign tissue,0.0,0.0,0.0,1.0,0.0
3,3,1.0,lung benign tissue,lung benign tissue,0.0,0.0,0.0,1.0,0.0
3,3,1.0,lung benign tissue,lung benign tissue,0.0,0.0,0.0,1.0,0.0
3,3,1.0,lung benign tissue,lung benign tissue,0.0,0.0,0.0,1.0,0.0
3,3,1.0,lung benign tissue,lung benign tissue,0.0,0.0,0.0,1.0,0.0
3,3,1.0,lung benign tissue,lung benign tissue,0.0,0.0,0.0,1.0,0.0
3,3,1.0,lung benign tissue,lung benign tissue,0.0,0.0,0.0,1.0,0.0
3,3,1.0,lung benign tissue,lung benign tissue,0.0,0.0,0.0,1.0,0.0
3,3,1.0,lung benign tissue,lung benign tissue,0.0,0.0,0.0,1.0,0.0
3,3,1.0,lung benign tissue,lung benign tissue,0.0,0.0,0.0,1.0,0.0
3,3,1.0,lung benign tissue,lung benign tissue,0.0,0.0,0.0,1.0,0.0
3,3,1.0,lung benign tissue,lung benign tissue,0.0,0.0,0.0,1.0,0.0
3,3,1.0,lung benign tissue,lung benign tissue,0.0,0.0,0.0,1.0,0.0
3,3,1.0,lung benign tissue,lung benign tissue,0.0,0.0,0.0,1.0,0.0
3,3,1.0,lung benign tissue,lung benign tissue,0.0,0.0,0.0,1.0,0.0
3,3,1.0,lung benign tissue,lung benign tissue,0.0,0.0,0.0,1.0,0.0
3,3,1.0,lung benign tissue,lung benign tissue,0.0,0.0,0.0,1.0,0.0
3,3,1.0,lung benign tissue,lung benign tissue,0.0,0.0,0.0,1.0,0.0
3,3,1.0,lung benign tissue,lung benign tissue,0.0,0.0,0.0,1.0,0.0
3,3,1.0,lung benign tissue,lung benign tissue,0.0,0.0,0.0,1.0,0.0
3,3,1.0,lung benign tissue,lung benign tissue,0.0,0.0,0.0,1.0,0.0
3,3,1.0,lung benign tissue,lung benign tissue,0.0,0.0,0.0,1.0,0.0
3,3,1.0,lung benign tissue,lung benign tissue,0.0,0.0,0.0,1.0,0.0
3,3,1.0,lung benign tissue,lung benign tissue,0.0,0.0,0.0,1.0,0.0
3,3,1.0,lung benign tissue,lung benign tissue,0.0,0.0,0.0,1.0,0.0
3,3,1.0,lung benign tissue,lung benign tissue,0.0,0.0,0.0,1.0,0.0
3,3,1.0,lung benign tissue,lung benign tissue,0.0,0.0,0.0,1.0,0.0
3,3,1.0,lung benign tissue,lung benign tissue,0.0,0.0,0.0,1.0,0.0
3,3,1.0,lung benign tissue,lung benign tissue,0.0,0.0,0.0,1.0,0.0
3,3,1.0,lung benign tissue,lung benign tissue,0.0,0.0,0.0,1.0,0.0
3,3,1.0,lung benign tissue,lung benign tissue,0.0,0.0,0.0,1.0,0.0
3,3,1.0,lung benign tissue,lung benign tissue,0.0,0.0,0.0,1.0,0.0
3,3,1.0,lung benign tissue,lung benign tissue,0.0,0.0,0.0,1.0,0.0
3,3,1.0,lung benign tissue,lung benign tissue,0.0,0.0,0.0,1.0,0.0
3,3,1.0,lung benign tissue,lung benign tissue,0.0,0.0,0.0,1.0,0.0
3,3,1.0,lung benign tissue,lung benign tissue,0.0,0.0,0.0,1.0,0.0
3,3,1.0,lung benign tissue,lung benign tissue,0.0,0.0,0.0,1.0,0.0
3,3,1.0,lung benign tissue,lung benign tissue,0.0,0.0,0.0,1.0,0.0
3,3,1.0,lung benign tissue,lung benign tissue,0.0,0.0,0.0,1.0,0.0
3,3,1.0,lung benign tissue,lung benign tissue,0.0,0.0,0.0,1.0,0.0
3,3,1.0,lung benign tissue,lung benign tissue,0.0,0.0,0.0,1.0,0.0
3,3,1.0,lung benign tissue,lung benign tissue,0.0,0.0,0.0,1.0,0.0
3,3,1.0,lung benign tissue,lung benign tissue,0.0,0.0,0.0,1.0,0.0
3,3,1.0,lung benign tissue,lung benign tissue,0.0,0.0,0.0,1.0,0.0
3,3,1.0,lung benign tissue,lung benign tissue,0.0,0.0,0.0,1.0,0.0
3,3,1.0,lung benign tissue,lung benign tissue,0.0,0.0,0.0,1.0,0.0
3,3,1.0,lung benign tissue,lung benign tissue,0.0,0.0,0.0,1.0,0.0
3,3,1.0,lung benign tissue,lung benign tissue,0.0,0.0,0.0,1.0,0.0
3,3,1.0,lung benign tissue,lung benign tissue,0.0,0.0,0.0,1.0,0.0
3,3,1.0,lung benign tissue,lung benign tissue,0.0,0.0,0.0,1.0,0.0
3,3,1.0,lung benign tissue,lung benign tissue,0.0,0.0,0.0,1.0,0.0
3,3,1.0,lung benign tissue,lung benign tissue,0.0,0.0,0.0,1.0,0.0
3,3,1.0,lung benign tissue,lung benign tissue,0.0,0.0,0.0,1.0,0.0
3,3,1.0,lung benign tissue,lung benign tissue,0.0,0.0,0.0,1.0,0.0
3,3,1.0,lung benign tissue,lung benign tissue,0.0,0.0,0.0,1.0,0.0
3,3,1.0,lung benign tissue,lung benign tissue,0.0,0.0,0.0,1.0,0.0
3,3,1.0,lung benign tissue,lung benign tissue,0.0,0.0,0.0,1.0,0.0
3,3,1.0,lung benign tissue,lung benign tissue,0.0,0.0,0.0,1.0,0.0
3,3,1.0,lung benign tissue,lung benign tissue,0.0,0.0,0.0,1.0,0.0
3,3,1.0,lung benign tissue,lung benign tissue,0.0,0.0,0.0,1.0,0.0
3,3,1.0,lung benign tissue,lung benign tissue,0.0,0.0,0.0,1.0,0.0
3,3,1.0,lung benign tissue,lung benign tissue,0.0,0.0,0.0,1.0,0.0
3,3,1.0,lung benign tissue,lung benign tissue,0.0,0.0,0.0,1.0,0.0
3,3,1.0,lung benign tissue,lung benign tissue,0.0,0.0,0.0,1.0,0.0
3,3,1.0,lung benign tissue,lung benign tissue,0.0,0.0,0.0,1.0,0.0
3,3,1.0,lung benign tissue,lung benign tissue,0.0,0.0,0.0,1.0,0.0
3,3,1.0,lung benign tissue,lung benign tissue,0.0,0.0,0.0,1.0,0.0
3,3,1.0,lung benign tissue,lung benign tissue,0.0,0.0,0.0,1.0,0.0
3,3,1.0,lung benign tissue,lung benign tissue,0.0,0.0,0.0,1.0,0.0
3,3,1.0,lung benign tissue,lung benign tissue,0.0,0.0,0.0,1.0,0.0
3,3,1.0,lung benign tissue,lung benign tissue,0.0,0.0,0.0,1.0,0.0
3,3,1.0,lung benign tissue,lung benign tissue,0.0,0.0,0.0,1.0,0.0
3,3,1.0,lung benign tissue,lung benign tissue,0.0,0.0,0.0,1.0,0.0
3,3,1.0,lung benign tissue,lung benign tissue,0.0,0.0,0.0,1.0,0.0
3,3,1.0,lung benign tissue,lung benign tissue,0.0,0.0,0.0,1.0,0.0
3,3,1.0,lung benign tissue,lung benign tissue,0.0,0.0,0.0,1.0,0.0
3,3,1.0,lung benign tissue,lung benign tissue,0.0,0.0,0.0,1.0,0.0
3,3,1.0,lung benign tissue,lung benign tissue,0.0,0.0,0.0,1.0,0.0
3,3,1.0,lung benign tissue,lung benign tissue,0.0,0.0,0.0,1.0,0.0
3,3,1.0,lung benign tissue,lung benign tissue,0.0,0.0,0.0,1.0,0.0
3,3,1.0,lung benign tissue,lung benign tissue,0.0,0.0,0.0,1.0,0.0
3,3,1.0,lung benign tissue,lung benign tissue,0.0,0.0,0.0,1.0,0.0
3,3,1.0,lung benign tissue,lung benign tissue,0.0,0.0,0.0,1.0,0.0
3,3,1.0,lung benign tissue,lung benign tissue,0.0,0.0,0.0,1.0,0.0
3,3,1.0,lung benign tissue,lung benign tissue,0.0,0.0,0.0,1.0,0.0
3,3,1.0,lung benign tissue,lung benign tissue,0.0,0.0,0.0,1.0,0.0
3,3,1.0,lung benign tissue,lung benign tissue,0.0,0.0,0.0,1.0,0.0
3,3,1.0,lung benign tissue,lung benign tissue,0.0,0.0,0.0,1.0,0.0
3,3,1.0,lung benign tissue,lung benign tissue,0.0,0.0,0.0,1.0,0.0
3,3,1.0,lung benign tissue,lung benign tissue,0.0,0.0,0.0,1.0,0.0
3,3,1.0,lung benign tissue,lung benign tissue,0.0,0.0,0.0,1.0,0.0
3,3,1.0,lung benign tissue,lung benign tissue,0.0,0.0,0.0,1.0,0.0
3,3,1.0,lung benign tissue,lung benign tissue,0.0,0.0,0.0,1.0,0.0
3,3,1.0,lung benign tissue,lung benign tissue,0.0,0.0,0.0,1.0,0.0
3,3,1.0,lung benign tissue,lung benign tissue,0.0,0.0,0.0,1.0,0.0
3,3,1.0,lung benign tissue,lung benign tissue,0.0,0.0,0.0,1.0,0.0
3,3,1.0,lung benign tissue,lung benign tissue,0.0,0.0,0.0,1.0,0.0
3,3,1.0,lung benign tissue,lung benign tissue,0.0,0.0,0.0,1.0,0.0
3,3,1.0,lung benign tissue,lung benign tissue,0.0,0.0,0.0,1.0,0.0
3,3,1.0,lung benign tissue,lung benign tissue,0.0,0.0,0.0,1.0,0.0
3,3,1.0,lung benign tissue,lung benign tissue,0.0,0.0,0.0,1.0,0.0
3,3,1.0,lung benign tissue,lung benign tissue,0.0,0.0,0.0,1.0,0.0
3,3,1.0,lung benign tissue,lung benign tissue,0.0,0.0,0.0,1.0,0.0
3,3,1.0,lung benign tissue,lung benign tissue,0.0,0.0,0.0,1.0,0.0
3,3,1.0,lung benign tissue,lung benign tissue,0.0,0.0,0.0,1.0,0.0
3,3,1.0,lung benign tissue,lung benign tissue,0.0,0.0,0.0,1.0,0.0
3,3,1.0,lung benign tissue,lung benign tissue,0.0,0.0,0.0,1.0,0.0
3,3,1.0,lung benign tissue,lung benign tissue,0.0,0.0,0.0,1.0,0.0
3,3,1.0,lung benign tissue,lung benign tissue,0.0,0.0,0.0,1.0,0.0
3,3,1.0,lung benign tissue,lung benign tissue,0.0,0.0,0.0,1.0,0.0
3,3,1.0,lung benign tissue,lung benign tissue,0.0,0.0,0.0,1.0,0.0
3,3,1.0,lung benign tissue,lung benign tissue,0.0,0.0,0.0,1.0,0.0
3,3,1.0,lung benign tissue,lung benign tissue,0.0,0.0,0.0,1.0,0.0
3,3,1.0,lung benign tissue,lung benign tissue,0.0,0.0,0.0,1.0,0.0
3,3,1.0,lung benign tissue,lung benign tissue,0.0,0.0,0.0,1.0,0.0
3,3,1.0,lung benign tissue,lung benign tissue,0.0,0.0,0.0,1.0,0.0
3,3,1.0,lung benign tissue,lung benign tissue,0.0,0.0,0.0,1.0,0.0
3,3,1.0,lung benign tissue,lung benign tissue,0.0,0.0,0.0,1.0,0.0
3,3,1.0,lung benign tissue,lung benign tissue,0.0,0.0,0.0,1.0,0.0
3,3,1.0,lung benign tissue,lung benign tissue,0.0,0.0,0.0,1.0,0.0
3,3,1.0,lung benign tissue,lung benign tissue,0.0,0.0,0.0,1.0,0.0
3,3,1.0,lung benign tissue,lung benign tissue,0.0,0.0,0.0,1.0,0.0
3,3,1.0,lung benign tissue,lung benign tissue,0.0,0.0,0.0,1.0,0.0
3,3,1.0,lung benign tissue,lung benign tissue,0.0,0.0,0.0,1.0,0.0
3,3,1.0,lung benign tissue,lung benign tissue,0.0,0.0,0.0,1.0,0.0
3,3,1.0,lung benign tissue,lung benign tissue,0.0,0.0,0.0,1.0,0.0
3,3,1.0,lung benign tissue,lung benign tissue,0.0,0.0,0.0,1.0,0.0
3,3,1.0,lung benign tissue,lung benign tissue,0.0,0.0,0.0,1.0,0.0
3,3,1.0,lung benign tissue,lung benign tissue,0.0,0.0,0.0,1.0,0.0
3,3,1.0,lung benign tissue,lung benign tissue,0.0,0.0,0.0,1.0,0.0
3,3,1.0,lung benign tissue,lung benign tissue,0.0,0.0,0.0,1.0,0.0
3,3,1.0,lung benign tissue,lung benign tissue,0.0,0.0,0.0,1.0,0.0
3,3,1.0,lung benign tissue,lung benign tissue,0.0,0.0,0.0,1.0,0.0
3,3,1.0,lung benign tissue,lung benign tissue,0.0,0.0,0.0,1.0,0.0
3,3,1.0,lung benign tissue,lung benign tissue,0.0,0.0,0.0,1.0,0.0
3,3,1.0,lung benign tissue,lung benign tissue,0.0,0.0,0.0,1.0,0.0
3,3,1.0,lung benign tissue,lung benign tissue,0.0,0.0,0.0,1.0,0.0
3,3,1.0,lung benign tissue,lung benign tissue,0.0,0.0,0.0,1.0,0.0
3,3,1.0,lung benign tissue,lung benign tissue,0.0,0.0,0.0,1.0,0.0
3,3,1.0,lung benign tissue,lung benign tissue,0.0,0.0,0.0,1.0,0.0
3,3,1.0,lung benign tissue,lung benign tissue,0.0,0.0,0.0,1.0,0.0
3,3,1.0,lung benign tissue,lung benign tissue,0.0,0.0,0.0,1.0,0.0
3,3,1.0,lung benign tissue,lung benign tissue,0.0,0.0,0.0,1.0,0.0
3,3,1.0,lung benign tissue,lung benign tissue,0.0,0.0,0.0,1.0,0.0
3,3,1.0,lung benign tissue,lung benign tissue,0.0,0.0,0.0,1.0,0.0
3,3,1.0,lung benign tissue,lung benign tissue,0.0,0.0,0.0,1.0,0.0
3,3,1.0,lung benign tissue,lung benign tissue,0.0,0.0,0.0,1.0,0.0
3,3,1.0,lung benign tissue,lung benign tissue,0.0,0.0,0.0,1.0,0.0
3,3,1.0,lung benign tissue,lung benign tissue,0.0,0.0,0.0,1.0,0.0
3,3,1.0,lung benign tissue,lung benign tissue,0.0,0.0,0.0,1.0,0.0
3,3,1.0,lung benign tissue,lung benign tissue,0.0,0.0,0.0,1.0,0.0
3,3,1.0,lung benign tissue,lung benign tissue,0.0,0.0,0.0,1.0,0.0
3,3,1.0,lung benign tissue,lung benign tissue,0.0,0.0,0.0,1.0,0.0
3,3,1.0,lung benign tissue,lung benign tissue,0.0,0.0,0.0,1.0,0.0
3,3,1.0,lung benign tissue,lung benign tissue,0.0,0.0,0.0,1.0,0.0
3,3,1.0,lung benign tissue,lung benign tissue,0.0,0.0,0.0,1.0,0.0
3,3,1.0,lung benign tissue,lung benign tissue,0.0,0.0,0.0,1.0,0.0
3,3,1.0,lung benign tissue,lung benign tissue,0.0,0.0,0.0,1.0,0.0
3,3,1.0,lung benign tissue,lung benign tissue,0.0,0.0,0.0,1.0,0.0
3,3,1.0,lung benign tissue,lung benign tissue,0.0,0.0,0.0,1.0,0.0
3,3,1.0,lung benign tissue,lung benign tissue,0.0,0.0,0.0,1.0,0.0
3,3,1.0,lung benign tissue,lung benign tissue,0.0,0.0,0.0,1.0,0.0
3,3,1.0,lung benign tissue,lung benign tissue,0.0,0.0,0.0,1.0,0.0
3,3,1.0,lung benign tissue,lung benign tissue,0.0,0.0,0.0,1.0,0.0
3,3,1.0,lung benign tissue,lung benign tissue,0.0,0.0,0.0,1.0,0.0
3,3,1.0,lung benign tissue,lung benign tissue,0.0,0.0,0.0,1.0,0.0
3,3,1.0,lung benign tissue,lung benign tissue,0.0,0.0,0.0,1.0,0.0
3,3,1.0,lung benign tissue,lung benign tissue,0.0,0.0,0.0,1.0,0.0
3,3,1.0,lung benign tissue,lung benign tissue,0.0,0.0,0.0,1.0,0.0
3,3,1.0,lung benign tissue,lung benign tissue,0.0,0.0,0.0,1.0,0.0
3,3,1.0,lung benign tissue,lung benign tissue,0.0,0.0,0.0,1.0,0.0
3,3,1.0,lung benign tissue,lung benign tissue,0.0,0.0,0.0,1.0,0.0
3,3,1.0,lung benign tissue,lung benign tissue,0.0,0.0,0.0,1.0,0.0
3,3,1.0,lung benign tissue,lung benign tissue,0.0,0.0,0.0,1.0,0.0
3,3,1.0,lung benign tissue,lung benign tissue,0.0,0.0,0.0,1.0,0.0
3,3,1.0,lung benign tissue,lung benign tissue,0.0,0.0,0.0,1.0,0.0
3,3,1.0,lung benign tissue,lung benign tissue,0.0,0.0,0.0,1.0,0.0
3,3,1.0,lung benign tissue,lung benign tissue,0.0,0.0,0.0,1.0,0.0
3,3,1.0,lung benign tissue,lung benign tissue,0.0,0.0,0.0,1.0,0.0
3,3,1.0,lung benign tissue,lung benign tissue,0.0,0.0,0.0,1.0,0.0
3,3,1.0,lung benign tissue,lung benign tissue,0.0,0.0,0.0,1.0,0.0
3,3,1.0,lung benign tissue,lung benign tissue,0.0,0.0,0.0,1.0,0.0
3,3,1.0,lung benign tissue,lung benign tissue,0.0,0.0,0.0,1.0,0.0
3,3,1.0,lung benign tissue,lung benign tissue,0.0,0.0,0.0,1.0,0.0
3,3,1.0,lung benign tissue,lung benign tissue,0.0,0.0,0.0,1.0,0.0
3,3,1.0,lung benign tissue,lung benign tissue,0.0,0.0,0.0,1.0,0.0
3,3,1.0,lung benign tissue,lung benign tissue,0.0,0.0,0.0,1.0,0.0
3,3,1.0,lung benign tissue,lung benign tissue,0.0,0.0,0.0,1.0,0.0
3,3,1.0,lung benign tissue,lung benign tissue,0.0,0.0,0.0,1.0,0.0
3,3,1.0,lung benign tissue,lung benign tissue,0.0,0.0,0.0,1.0,0.0
3,3,1.0,lung benign tissue,lung benign tissue,0.0,0.0,0.0,1.0,0.0
3,3,1.0,lung benign tissue,lung benign tissue,0.0,0.0,0.0,1.0,0.0
3,3,1.0,lung benign tissue,lung benign tissue,0.0,0.0,0.0,1.0,0.0
3,3,1.0,lung benign tissue,lung benign tissue,0.0,0.0,0.0,1.0,0.0
3,3,1.0,lung benign tissue,lung benign tissue,0.0,0.0,0.0,1.0,0.0
3,3,1.0,lung benign tissue,lung benign tissue,0.0,0.0,0.0,1.0,0.0
3,3,1.0,lung benign tissue,lung benign tissue,0.0,0.0,0.0,1.0,0.0
3,3,1.0,lung benign tissue,lung benign tissue,0.0,0.0,0.0,1.0,0.0
3,3,1.0,lung benign tissue,lung benign tissue,0.0,0.0,0.0,1.0,0.0
3,3,1.0,lung benign tissue,lung benign tissue,0.0,0.0,0.0,1.0,0.0
3,3,1.0,lung benign tissue,lung benign tissue,0.0,0.0,0.0,1.0,0.0
3,3,1.0,lung benign tissue,lung benign tissue,0.0,0.0,0.0,1.0,0.0
3,3,1.0,lung benign tissue,lung benign tissue,0.0,0.0,0.0,1.0,0.0
3,3,1.0,lung benign tissue,lung benign tissue,0.0,0.0,0.0,1.0,0.0
3,3,1.0,lung benign tissue,lung benign tissue,0.0,0.0,0.0,1.0,0.0
3,3,1.0,lung benign tissue,lung benign tissue,0.0,0.0,0.0,1.0,0.0
3,3,1.0,lung benign tissue,lung benign tissue,0.0,0.0,0.0,1.0,0.0
3,3,1.0,lung benign tissue,lung benign tissue,0.0,0.0,0.0,1.0,0.0
3,3,1.0,lung benign tissue,lung benign tissue,0.0,0.0,0.0,1.0,0.0
3,3,1.0,lung benign tissue,lung benign tissue,0.0,0.0,0.0,1.0,0.0
3,3,1.0,lung benign tissue,lung benign tissue,0.0,0.0,0.0,1.0,0.0
3,3,1.0,lung benign tissue,lung benign tissue,0.0,0.0,0.0,1.0,0.0
3,3,1.0,lung benign tissue,lung benign tissue,0.0,0.0,0.0,1.0,0.0
3,3,1.0,lung benign tissue,lung benign tissue,0.0,0.0,0.0,1.0,0.0
3,3,1.0,lung benign tissue,lung benign tissue,0.0,0.0,0.0,1.0,0.0
3,3,1.0,lung benign tissue,lung benign tissue,0.0,0.0,0.0,1.0,0.0
3,3,1.0,lung benign tissue,lung benign tissue,0.0,0.0,0.0,1.0,0.0
3,3,1.0,lung benign tissue,lung benign tissue,0.0,0.0,0.0,1.0,0.0
3,3,1.0,lung benign tissue,lung benign tissue,0.0,0.0,0.0,1.0,0.0
3,3,1.0,lung benign tissue,lung benign tissue,0.0,0.0,0.0,1.0,0.0
3,3,1.0,lung benign tissue,lung benign tissue,0.0,0.0,0.0,1.0,0.0
3,3,1.0,lung benign tissue,lung benign tissue,0.0,0.0,0.0,1.0,0.0
3,3,1.0,lung benign tissue,lung benign tissue,0.0,0.0,0.0,1.0,0.0
3,3,1.0,lung benign tissue,lung benign tissue,0.0,0.0,0.0,1.0,0.0
3,3,1.0,lung benign tissue,lung benign tissue,0.0,0.0,0.0,1.0,0.0
3,3,1.0,lung benign tissue,lung benign tissue,0.0,0.0,0.0,1.0,0.0
3,3,1.0,lung benign tissue,lung benign tissue,0.0,0.0,0.0,1.0,0.0
3,3,1.0,lung benign tissue,lung benign tissue,0.0,0.0,0.0,1.0,0.0
3,3,1.0,lung benign tissue,lung benign tissue,0.0,0.0,0.0,1.0,0.0
3,3,1.0,lung benign tissue,lung benign tissue,0.0,0.0,0.0,1.0,0.0
3,3,1.0,lung benign tissue,lung benign tissue,0.0,0.0,0.0,1.0,0.0
3,3,1.0,lung benign tissue,lung benign tissue,0.0,0.0,0.0,1.0,0.0
3,3,1.0,lung benign tissue,lung benign tissue,0.0,0.0,0.0,1.0,0.0
3,3,1.0,lung benign tissue,lung benign tissue,0.0,0.0,0.0,1.0,0.0
3,3,1.0,lung benign tissue,lung benign tissue,0.0,0.0,0.0,1.0,0.0
3,3,1.0,lung benign tissue,lung benign tissue,0.0,0.0,0.0,1.0,0.0
3,3,1.0,lung benign tissue,lung benign tissue,0.0,0.0,0.0,1.0,0.0
3,3,1.0,lung benign tissue,lung benign tissue,0.0,0.0,0.0,1.0,0.0
3,3,1.0,lung benign tissue,lung benign tissue,0.0,0.0,0.0,1.0,0.0
3,3,1.0,lung benign tissue,lung benign tissue,0.0,0.0,0.0,1.0,0.0
3,3,1.0,lung benign tissue,lung benign tissue,0.0,0.0,0.0,1.0,0.0
3,3,1.0,lung benign tissue,lung benign tissue,0.0,0.0,0.0,1.0,0.0
3,3,1.0,lung benign tissue,lung benign tissue,0.0,0.0,0.0,1.0,0.0
3,3,1.0,lung benign tissue,lung benign tissue,0.0,0.0,0.0,1.0,0.0
3,3,1.0,lung benign tissue,lung benign tissue,0.0,0.0,0.0,1.0,0.0
3,3,1.0,lung benign tissue,lung benign tissue,0.0,0.0,0.0,1.0,0.0
3,3,1.0,lung benign tissue,lung benign tissue,0.0,0.0,0.0,1.0,0.0
3,3,1.0,lung benign tissue,lung benign tissue,0.0,0.0,0.0,1.0,0.0
3,3,1.0,lung benign tissue,lung benign tissue,0.0,0.0,0.0,1.0,0.0
3,3,1.0,lung benign tissue,lung benign tissue,0.0,0.0,0.0,1.0,0.0
3,3,1.0,lung benign tissue,lung benign tissue,0.0,0.0,0.0,1.0,0.0
3,3,1.0,lung benign tissue,lung benign tissue,0.0,0.0,0.0,1.0,0.0
3,3,1.0,lung benign tissue,lung benign tissue,0.0,0.0,0.0,1.0,0.0
3,3,1.0,lung benign tissue,lung benign tissue,0.0,0.0,0.0,1.0,0.0
3,3,1.0,lung benign tissue,lung benign tissue,0.0,0.0,0.0,1.0,0.0
3,3,1.0,lung benign tissue,lung benign tissue,0.0,0.0,0.0,1.0,0.0
3,3,1.0,lung benign tissue,lung benign tissue,0.0,0.0,0.0,1.0,0.0
3,3,1.0,lung benign tissue,lung benign tissue,0.0,0.0,0.0,1.0,0.0
3,3,1.0,lung benign tissue,lung benign tissue,0.0,0.0,0.0,1.0,0.0
3,3,1.0,lung benign tissue,lung benign tissue,0.0,0.0,0.0,1.0,0.0
3,3,1.0,lung benign tissue,lung benign tissue,0.0,0.0,0.0,1.0,0.0
3,3,1.0,lung benign tissue,lung benign tissue,0.0,0.0,0.0,1.0,0.0
3,3,1.0,lung benign tissue,lung benign tissue,0.0,0.0,0.0,1.0,0.0
3,3,1.0,lung benign tissue,lung benign tissue,0.0,0.0,0.0,1.0,0.0
3,3,1.0,lung benign tissue,lung benign tissue,0.0,0.0,0.0,1.0,0.0
3,3,1.0,lung benign tissue,lung benign tissue,0.0,0.0,0.0,1.0,0.0
3,3,1.0,lung benign tissue,lung benign tissue,0.0,0.0,0.0,1.0,0.0
3,3,1.0,lung benign tissue,lung benign tissue,0.0,0.0,0.0,1.0,0.0
3,3,1.0,lung benign tissue,lung benign tissue,0.0,0.0,0.0,1.0,0.0
3,3,1.0,lung benign tissue,lung benign tissue,0.0,0.0,0.0,1.0,0.0
3,3,1.0,lung benign tissue,lung benign tissue,0.0,0.0,0.0,1.0,0.0
3,3,1.0,lung benign tissue,lung benign tissue,0.0,0.0,0.0,1.0,0.0
3,3,1.0,lung benign tissue,lung benign tissue,0.0,0.0,0.0,1.0,0.0
3,3,1.0,lung benign tissue,lung benign tissue,0.0,0.0,0.0,1.0,0.0
3,3,1.0,lung benign tissue,lung benign tissue,0.0,0.0,0.0,1.0,0.0
3,3,1.0,lung benign tissue,lung benign tissue,0.0,0.0,0.0,1.0,0.0
3,3,1.0,lung benign tissue,lung benign tissue,0.0,0.0,0.0,1.0,0.0
3,3,1.0,lung benign tissue,lung benign tissue,0.0,0.0,0.0,1.0,0.0
3,3,1.0,lung benign tissue,lung benign tissue,0.0,0.0,0.0,1.0,0.0
3,3,1.0,lung benign tissue,lung benign tissue,0.0,0.0,0.0,1.0,0.0
3,3,1.0,lung benign tissue,lung benign tissue,0.0,0.0,0.0,1.0,0.0
3,3,1.0,lung benign tissue,lung benign tissue,0.0,0.0,0.0,1.0,0.0
3,3,1.0,lung benign tissue,lung benign tissue,0.0,0.0,0.0,1.0,0.0
3,3,1.0,lung benign tissue,lung benign tissue,0.0,0.0,0.0,1.0,0.0
3,3,1.0,lung benign tissue,lung benign tissue,0.0,0.0,0.0,1.0,0.0
3,3,1.0,lung benign tissue,lung benign tissue,0.0,0.0,0.0,1.0,0.0
3,3,1.0,lung benign tissue,lung benign tissue,0.0,0.0,0.0,1.0,0.0
3,3,1.0,lung benign tissue,lung benign tissue,0.0,0.0,0.0,1.0,0.0
3,3,1.0,lung benign tissue,lung benign tissue,0.0,0.0,0.0,1.0,0.0
3,3,1.0,lung benign tissue,lung benign tissue,0.0,0.0,0.0,1.0,0.0
3,3,1.0,lung benign tissue,lung benign tissue,0.0,0.0,0.0,1.0,0.0
3,3,1.0,lung benign tissue,lung benign tissue,0.0,0.0,0.0,1.0,0.0
3,3,1.0,lung benign tissue,lung benign tissue,0.0,0.0,0.0,1.0,0.0
3,3,1.0,lung benign tissue,lung benign tissue,0.0,0.0,0.0,1.0,0.0
3,3,1.0,lung benign tissue,lung benign tissue,0.0,0.0,0.0,1.0,0.0
3,3,1.0,lung benign tissue,lung benign tissue,0.0,0.0,0.0,1.0,0.0
3,3,1.0,lung benign tissue,lung benign tissue,0.0,0.0,0.0,1.0,0.0
3,3,1.0,lung benign tissue,lung benign tissue,0.0,0.0,0.0,1.0,0.0
3,3,1.0,lung benign tissue,lung benign tissue,0.0,0.0,0.0,1.0,0.0
3,3,1.0,lung benign tissue,lung benign tissue,0.0,0.0,0.0,1.0,0.0
3,3,1.0,lung benign tissue,lung benign tissue,0.0,0.0,0.0,1.0,0.0
3,3,1.0,lung benign tissue,lung benign tissue,0.0,0.0,0.0,1.0,0.0
3,3,1.0,lung benign tissue,lung benign tissue,0.0,0.0,0.0,1.0,0.0
3,3,1.0,lung benign tissue,lung benign tissue,0.0,0.0,0.0,1.0,0.0
3,3,1.0,lung benign tissue,lung benign tissue,0.0,0.0,0.0,1.0,0.0
3,3,1.0,lung benign tissue,lung benign tissue,0.0,0.0,0.0,1.0,0.0
3,3,1.0,lung benign tissue,lung benign tissue,0.0,0.0,0.0,1.0,0.0
3,3,1.0,lung benign tissue,lung benign tissue,0.0,0.0,0.0,1.0,0.0
3,3,1.0,lung benign tissue,lung benign tissue,0.0,0.0,0.0,1.0,0.0
3,3,1.0,lung benign tissue,lung benign tissue,0.0,0.0,0.0,1.0,0.0
3,3,1.0,lung benign tissue,lung benign tissue,0.0,0.0,0.0,1.0,0.0
3,3,1.0,lung benign tissue,lung benign tissue,0.0,0.0,0.0,1.0,0.0
3,3,1.0,lung benign tissue,lung benign tissue,0.0,0.0,0.0,1.0,0.0
4,4,0.99999,lung squamous cell carcinoma,lung squamous cell carcinoma,0.0,0.0,1e-05,0.0,0.99999
4,4,1.0,lung squamous cell carcinoma,lung squamous cell carcinoma,0.0,0.0,0.0,0.0,1.0
4,4,1.0,lung squamous cell carcinoma,lung squamous cell carcinoma,0.0,0.0,0.0,0.0,1.0
4,4,1.0,lung squamous cell carcinoma,lung squamous cell carcinoma,0.0,0.0,0.0,0.0,1.0
4,4,0.999999,lung squamous cell carcinoma,lung squamous cell carcinoma,0.0,0.0,1e-06,0.0,0.999999
4,4,1.0,lung squamous cell carcinoma,lung squamous cell carcinoma,0.0,0.0,0.0,0.0,1.0
4,4,1.0,lung squamous cell carcinoma,lung squamous cell carcinoma,0.0,0.0,0.0,0.0,1.0
4,4,1.0,lung squamous cell carcinoma,lung squamous cell carcinoma,0.0,0.0,0.0,0.0,1.0
4,4,1.0,lung squamous cell carcinoma,lung squamous cell carcinoma,0.0,0.0,0.0,0.0,1.0
4,4,1.0,lung squamous cell carcinoma,lung squamous cell carcinoma,0.0,0.0,0.0,0.0,1.0
4,4,0.999318,lung squamous cell carcinoma,lung squamous cell carcinoma,0.0,0.0,0.000682,0.0,0.999318
4,4,1.0,lung squamous cell carcinoma,lung squamous cell carcinoma,0.0,0.0,0.0,0.0,1.0
4,4,1.0,lung squamous cell carcinoma,lung squamous cell carcinoma,0.0,0.0,0.0,0.0,1.0
4,4,1.0,lung squamous cell carcinoma,lung squamous cell carcinoma,0.0,0.0,0.0,0.0,1.0
4,4,1.0,lung squamous cell carcinoma,lung squamous cell carcinoma,0.0,0.0,0.0,0.0,1.0
4,4,1.0,lung squamous cell carcinoma,lung squamous cell carcinoma,0.0,0.0,0.0,0.0,1.0
4,4,1.0,lung squamous cell carcinoma,lung squamous cell carcinoma,0.0,0.0,0.0,0.0,1.0
4,4,1.0,lung squamous cell carcinoma,lung squamous cell carcinoma,0.0,0.0,0.0,0.0,1.0
4,4,1.0,lung squamous cell carcinoma,lung squamous cell carcinoma,0.0,0.0,0.0,0.0,1.0
4,4,1.0,lung squamous cell carcinoma,lung squamous cell carcinoma,0.0,0.0,0.0,0.0,1.0
4,4,0.9999,lung squamous cell carcinoma,lung squamous cell carcinoma,0.0,0.0,0.0001,0.0,0.9999
4,4,1.0,lung squamous cell carcinoma,lung squamous cell carcinoma,0.0,0.0,0.0,0.0,1.0
4,4,1.0,lung squamous cell carcinoma,lung squamous cell carcinoma,0.0,0.0,0.0,0.0,1.0
4,4,1.0,lung squamous cell carcinoma,lung squamous cell carcinoma,0.0,0.0,0.0,0.0,1.0
4,4,1.0,lung squamous cell carcinoma,lung squamous cell carcinoma,0.0,0.0,0.0,0.0,1.0
4,4,0.99997,lung squamous cell carcinoma,lung squamous cell carcinoma,0.0,0.0,3e-05,0.0,0.99997
4,4,1.0,lung squamous cell carcinoma,lung squamous cell carcinoma,0.0,0.0,0.0,0.0,1.0
4,4,1.0,lung squamous cell carcinoma,lung squamous cell carcinoma,0.0,0.0,0.0,0.0,1.0
4,4,1.0,lung squamous cell carcinoma,lung squamous cell carcinoma,0.0,0.0,0.0,0.0,1.0
4,4,1.0,lung squamous cell carcinoma,lung squamous cell carcinoma,0.0,0.0,0.0,0.0,1.0
4,4,1.0,lung squamous cell carcinoma,lung squamous cell carcinoma,0.0,0.0,0.0,0.0,1.0
4,4,1.0,lung squamous cell carcinoma,lung squamous cell carcinoma,0.0,0.0,0.0,0.0,1.0
4,4,1.0,lung squamous cell carcinoma,lung squamous cell carcinoma,0.0,0.0,0.0,0.0,1.0
4,4,1.0,lung squamous cell carcinoma,lung squamous cell carcinoma,0.0,0.0,0.0,0.0,1.0
4,4,1.0,lung squamous cell carcinoma,lung squamous cell carcinoma,0.0,0.0,0.0,0.0,1.0
4,4,1.0,lung squamous cell carcinoma,lung squamous cell carcinoma,0.0,0.0,0.0,0.0,1.0
4,4,0.999999,lung squamous cell carcinoma,lung squamous cell carcinoma,0.0,0.0,1e-06,0.0,0.999999
4,4,1.0,lung squamous cell carcinoma,lung squamous cell carcinoma,0.0,0.0,0.0,0.0,1.0
4,4,1.0,lung squamous cell carcinoma,lung squamous cell carcinoma,0.0,0.0,0.0,0.0,1.0
4,4,1.0,lung squamous cell carcinoma,lung squamous cell carcinoma,0.0,0.0,0.0,0.0,1.0
4,4,1.0,lung squamous cell carcinoma,lung squamous cell carcinoma,0.0,0.0,0.0,0.0,1.0
4,4,1.0,lung squamous cell carcinoma,lung squamous cell carcinoma,0.0,0.0,0.0,0.0,1.0
4,4,0.999997,lung squamous cell carcinoma,lung squamous cell carcinoma,0.0,0.0,2e-06,0.0,0.999997
4,4,1.0,lung squamous cell carcinoma,lung squamous cell carcinoma,0.0,0.0,0.0,0.0,1.0
4,4,0.999973,lung squamous cell carcinoma,lung squamous cell carcinoma,0.0,0.0,2.7e-05,0.0,0.999973
4,4,1.0,lung squamous cell carcinoma,lung squamous cell carcinoma,0.0,0.0,0.0,0.0,1.0
4,4,1.0,lung squamous cell carcinoma,lung squamous cell carcinoma,0.0,0.0,0.0,0.0,1.0
4,4,1.0,lung squamous cell carcinoma,lung squamous cell carcinoma,0.0,0.0,0.0,0.0,1.0
4,4,1.0,lung squamous cell carcinoma,lung squamous cell carcinoma,0.0,0.0,0.0,0.0,1.0
4,4,1.0,lung squamous cell carcinoma,lung squamous cell carcinoma,0.0,0.0,0.0,0.0,1.0
4,4,1.0,lung squamous cell carcinoma,lung squamous cell carcinoma,0.0,0.0,0.0,0.0,1.0
4,4,1.0,lung squamous cell carcinoma,lung squamous cell carcinoma,0.0,0.0,0.0,0.0,1.0
4,4,1.0,lung squamous cell carcinoma,lung squamous cell carcinoma,0.0,0.0,0.0,0.0,1.0
4,4,0.999999,lung squamous cell carcinoma,lung squamous cell carcinoma,0.0,0.0,1e-06,0.0,0.999999
4,4,1.0,lung squamous cell carcinoma,lung squamous cell carcinoma,0.0,0.0,0.0,0.0,1.0
4,4,1.0,lung squamous cell carcinoma,lung squamous cell carcinoma,0.0,0.0,0.0,0.0,1.0
4,4,1.0,lung squamous cell carcinoma,lung squamous cell carcinoma,0.0,0.0,0.0,0.0,1.0
4,4,0.996937,lung squamous cell carcinoma,lung squamous cell carcinoma,2.3e-05,0.000273,0.002301,0.000465,0.996937
4,4,1.0,lung squamous cell carcinoma,lung squamous cell carcinoma,0.0,0.0,0.0,0.0,1.0
4,4,1.0,lung squamous cell carcinoma,lung squamous cell carcinoma,0.0,0.0,0.0,0.0,1.0
4,4,0.999997,lung squamous cell carcinoma,lung squamous cell carcinoma,0.0,0.0,3e-06,0.0,0.999997
4,4,1.0,lung squamous cell carcinoma,lung squamous cell carcinoma,0.0,0.0,0.0,0.0,1.0
4,4,1.0,lung squamous cell carcinoma,lung squamous cell carcinoma,0.0,0.0,0.0,0.0,1.0
4,4,1.0,lung squamous cell carcinoma,lung squamous cell carcinoma,0.0,0.0,0.0,0.0,1.0
4,4,1.0,lung squamous cell carcinoma,lung squamous cell carcinoma,0.0,0.0,0.0,0.0,1.0
4,4,1.0,lung squamous cell carcinoma,lung squamous cell carcinoma,0.0,0.0,0.0,0.0,1.0
4,4,1.0,lung squamous cell carcinoma,lung squamous cell carcinoma,0.0,0.0,0.0,0.0,1.0
4,4,1.0,lung squamous cell carcinoma,lung squamous cell carcinoma,0.0,0.0,0.0,0.0,1.0
4,4,1.0,lung squamous cell carcinoma,lung squamous cell carcinoma,0.0,0.0,0.0,0.0,1.0
4,4,1.0,lung squamous cell carcinoma,lung squamous cell carcinoma,0.0,0.0,0.0,0.0,1.0
4,4,1.0,lung squamous cell carcinoma,lung squamous cell carcinoma,0.0,0.0,0.0,0.0,1.0
4,4,0.999998,lung squamous cell carcinoma,lung squamous cell carcinoma,0.0,0.0,2e-06,0.0,0.999998
4,4,1.0,lung squamous cell carcinoma,lung squamous cell carcinoma,0.0,0.0,0.0,0.0,1.0
4,4,1.0,lung squamous cell carcinoma,lung squamous cell carcinoma,0.0,0.0,0.0,0.0,1.0
4,4,1.0,lung squamous cell carcinoma,lung squamous cell carcinoma,0.0,0.0,0.0,0.0,1.0
4,4,1.0,lung squamous cell carcinoma,lung squamous cell carcinoma,0.0,0.0,0.0,0.0,1.0
4,4,1.0,lung squamous cell carcinoma,lung squamous cell carcinoma,0.0,0.0,0.0,0.0,1.0
4,4,1.0,lung squamous cell carcinoma,lung squamous cell carcinoma,0.0,0.0,0.0,0.0,1.0
4,4,0.912756,lung squamous cell carcinoma,lung squamous cell carcinoma,0.0,0.0,0.087244,0.0,0.912756
4,4,1.0,lung squamous cell carcinoma,lung squamous cell carcinoma,0.0,0.0,0.0,0.0,1.0
4,4,1.0,lung squamous cell carcinoma,lung squamous cell carcinoma,0.0,0.0,0.0,0.0,1.0
4,4,1.0,lung squamous cell carcinoma,lung squamous cell carcinoma,0.0,0.0,0.0,0.0,1.0
4,4,1.0,lung squamous cell carcinoma,lung squamous cell carcinoma,0.0,0.0,0.0,0.0,1.0
4,4,1.0,lung squamous cell carcinoma,lung squamous cell carcinoma,0.0,0.0,0.0,0.0,1.0
4,4,1.0,lung squamous cell carcinoma,lung squamous cell carcinoma,0.0,0.0,0.0,0.0,1.0
4,4,1.0,lung squamous cell carcinoma,lung squamous cell carcinoma,0.0,0.0,0.0,0.0,1.0
4,4,1.0,lung squamous cell carcinoma,lung squamous cell carcinoma,0.0,0.0,0.0,0.0,1.0
4,4,1.0,lung squamous cell carcinoma,lung squamous cell carcinoma,0.0,0.0,0.0,0.0,1.0
4,4,1.0,lung squamous cell carcinoma,lung squamous cell carcinoma,0.0,0.0,0.0,0.0,1.0
4,4,1.0,lung squamous cell carcinoma,lung squamous cell carcinoma,0.0,0.0,0.0,0.0,1.0
4,4,0.999986,lung squamous cell carcinoma,lung squamous cell carcinoma,0.0,0.0,1.4e-05,0.0,0.999986
4,4,0.999899,lung squamous cell carcinoma,lung squamous cell carcinoma,0.0,0.0,0.000101,0.0,0.999899
4,4,0.999999,lung squamous cell carcinoma,lung squamous cell carcinoma,0.0,0.0,1e-06,0.0,0.999999
4,4,1.0,lung squamous cell carcinoma,lung squamous cell carcinoma,0.0,0.0,0.0,0.0,1.0
4,4,1.0,lung squamous cell carcinoma,lung squamous cell carcinoma,0.0,0.0,0.0,0.0,1.0
4,4,1.0,lung squamous cell carcinoma,lung squamous cell carcinoma,0.0,0.0,0.0,0.0,1.0
4,4,1.0,lung squamous cell carcinoma,lung squamous cell carcinoma,0.0,0.0,0.0,0.0,1.0
4,4,1.0,lung squamous cell carcinoma,lung squamous cell carcinoma,0.0,0.0,0.0,0.0,1.0
4,4,1.0,lung squamous cell carcinoma,lung squamous cell carcinoma,0.0,0.0,0.0,0.0,1.0
4,4,1.0,lung squamous cell carcinoma,lung squamous cell carcinoma,0.0,0.0,0.0,0.0,1.0
4,4,1.0,lung squamous cell carcinoma,lung squamous cell carcinoma,0.0,0.0,0.0,0.0,1.0
4,4,1.0,lung squamous cell carcinoma,lung squamous cell carcinoma,0.0,0.0,0.0,0.0,1.0
4,4,1.0,lung squamous cell carcinoma,lung squamous cell carcinoma,0.0,0.0,0.0,0.0,1.0
4,4,1.0,lung squamous cell carcinoma,lung squamous cell carcinoma,0.0,0.0,0.0,0.0,1.0
4,4,1.0,lung squamous cell carcinoma,lung squamous cell carcinoma,0.0,0.0,0.0,0.0,1.0
4,4,1.0,lung squamous cell carcinoma,lung squamous cell carcinoma,0.0,0.0,0.0,0.0,1.0
4,4,1.0,lung squamous cell carcinoma,lung squamous cell carcinoma,0.0,0.0,0.0,0.0,1.0
4,4,1.0,lung squamous cell carcinoma,lung squamous cell carcinoma,0.0,0.0,0.0,0.0,1.0
4,4,1.0,lung squamous cell carcinoma,lung squamous cell carcinoma,0.0,0.0,0.0,0.0,1.0
4,4,1.0,lung squamous cell carcinoma,lung squamous cell carcinoma,0.0,0.0,0.0,0.0,1.0
4,4,1.0,lung squamous cell carcinoma,lung squamous cell carcinoma,0.0,0.0,0.0,0.0,1.0
4,4,0.999999,lung squamous cell carcinoma,lung squamous cell carcinoma,0.0,0.0,1e-06,0.0,0.999999
4,4,0.999943,lung squamous cell carcinoma,lung squamous cell carcinoma,0.0,0.0,5.7e-05,0.0,0.999943
4,4,1.0,lung squamous cell carcinoma,lung squamous cell carcinoma,0.0,0.0,0.0,0.0,1.0
4,4,1.0,lung squamous cell carcinoma,lung squamous cell carcinoma,0.0,0.0,0.0,0.0,1.0
4,4,1.0,lung squamous cell carcinoma,lung squamous cell carcinoma,0.0,0.0,0.0,0.0,1.0
4,4,1.0,lung squamous cell carcinoma,lung squamous cell carcinoma,0.0,0.0,0.0,0.0,1.0
4,4,1.0,lung squamous cell carcinoma,lung squamous cell carcinoma,0.0,0.0,0.0,0.0,1.0
4,4,1.0,lung squamous cell carcinoma,lung squamous cell carcinoma,0.0,0.0,0.0,0.0,1.0
4,4,0.999977,lung squamous cell carcinoma,lung squamous cell carcinoma,0.0,0.0,2.3e-05,0.0,0.999977
4,4,1.0,lung squamous cell carcinoma,lung squamous cell carcinoma,0.0,0.0,0.0,0.0,1.0
4,4,1.0,lung squamous cell carcinoma,lung squamous cell carcinoma,0.0,0.0,0.0,0.0,1.0
4,4,0.999992,lung squamous cell carcinoma,lung squamous cell carcinoma,0.0,0.0,8e-06,0.0,0.999992
4,4,0.999999,lung squamous cell carcinoma,lung squamous cell carcinoma,0.0,0.0,1e-06,0.0,0.999999
4,4,1.0,lung squamous cell carcinoma,lung squamous cell carcinoma,0.0,0.0,0.0,0.0,1.0
4,4,1.0,lung squamous cell carcinoma,lung squamous cell carcinoma,0.0,0.0,0.0,0.0,1.0
4,4,1.0,lung squamous cell carcinoma,lung squamous cell carcinoma,0.0,0.0,0.0,0.0,1.0
4,4,1.0,lung squamous cell carcinoma,lung squamous cell carcinoma,0.0,0.0,0.0,0.0,1.0
4,4,1.0,lung squamous cell carcinoma,lung squamous cell carcinoma,0.0,0.0,0.0,0.0,1.0
4,4,0.999999,lung squamous cell carcinoma,lung squamous cell carcinoma,0.0,0.0,1e-06,0.0,0.999999
4,4,1.0,lung squamous cell carcinoma,lung squamous cell carcinoma,0.0,0.0,0.0,0.0,1.0
4,4,0.999998,lung squamous cell carcinoma,lung squamous cell carcinoma,0.0,0.0,2e-06,0.0,0.999998
4,4,1.0,lung squamous cell carcinoma,lung squamous cell carcinoma,0.0,0.0,0.0,0.0,1.0
4,4,1.0,lung squamous cell carcinoma,lung squamous cell carcinoma,0.0,0.0,0.0,0.0,1.0
4,4,1.0,lung squamous cell carcinoma,lung squamous cell carcinoma,0.0,0.0,0.0,0.0,1.0
4,4,1.0,lung squamous cell carcinoma,lung squamous cell carcinoma,0.0,0.0,0.0,0.0,1.0
4,4,1.0,lung squamous cell carcinoma,lung squamous cell carcinoma,0.0,0.0,0.0,0.0,1.0
4,4,0.999988,lung squamous cell carcinoma,lung squamous cell carcinoma,0.0,0.0,1.2e-05,0.0,0.999988
4,4,1.0,lung squamous cell carcinoma,lung squamous cell carcinoma,0.0,0.0,0.0,0.0,1.0
4,4,1.0,lung squamous cell carcinoma,lung squamous cell carcinoma,0.0,0.0,0.0,0.0,1.0
4,4,0.999908,lung squamous cell carcinoma,lung squamous cell carcinoma,0.0,9.2e-05,0.0,0.0,0.999908
4,4,1.0,lung squamous cell carcinoma,lung squamous cell carcinoma,0.0,0.0,0.0,0.0,1.0
4,4,1.0,lung squamous cell carcinoma,lung squamous cell carcinoma,0.0,0.0,0.0,0.0,1.0
4,4,1.0,lung squamous cell carcinoma,lung squamous cell carcinoma,0.0,0.0,0.0,0.0,1.0
4,4,1.0,lung squamous cell carcinoma,lung squamous cell carcinoma,0.0,0.0,0.0,0.0,1.0
4,4,1.0,lung squamous cell carcinoma,lung squamous cell carcinoma,0.0,0.0,0.0,0.0,1.0
4,4,1.0,lung squamous cell carcinoma,lung squamous cell carcinoma,0.0,0.0,0.0,0.0,1.0
4,4,0.999998,lung squamous cell carcinoma,lung squamous cell carcinoma,0.0,0.0,2e-06,0.0,0.999998
4,4,1.0,lung squamous cell carcinoma,lung squamous cell carcinoma,0.0,0.0,0.0,0.0,1.0
4,4,1.0,lung squamous cell carcinoma,lung squamous cell carcinoma,0.0,0.0,0.0,0.0,1.0
4,4,1.0,lung squamous cell carcinoma,lung squamous cell carcinoma,0.0,0.0,0.0,0.0,1.0
4,4,1.0,lung squamous cell carcinoma,lung squamous cell carcinoma,0.0,0.0,0.0,0.0,1.0
4,4,1.0,lung squamous cell carcinoma,lung squamous cell carcinoma,0.0,0.0,0.0,0.0,1.0
4,4,1.0,lung squamous cell carcinoma,lung squamous cell carcinoma,0.0,0.0,0.0,0.0,1.0
4,4,0.999941,lung squamous cell carcinoma,lung squamous cell carcinoma,0.0,0.0,5.9e-05,0.0,0.999941
4,4,1.0,lung squamous cell carcinoma,lung squamous cell carcinoma,0.0,0.0,0.0,0.0,1.0
4,4,1.0,lung squamous cell carcinoma,lung squamous cell carcinoma,0.0,0.0,0.0,0.0,1.0
4,4,1.0,lung squamous cell carcinoma,lung squamous cell carcinoma,0.0,0.0,0.0,0.0,1.0
4,4,1.0,lung squamous cell carcinoma,lung squamous cell carcinoma,0.0,0.0,0.0,0.0,1.0
4,4,1.0,lung squamous cell carcinoma,lung squamous cell carcinoma,0.0,0.0,0.0,0.0,1.0
4,4,1.0,lung squamous cell carcinoma,lung squamous cell carcinoma,0.0,0.0,0.0,0.0,1.0
4,4,1.0,lung squamous cell carcinoma,lung squamous cell carcinoma,0.0,0.0,0.0,0.0,1.0
4,4,1.0,lung squamous cell carcinoma,lung squamous cell carcinoma,0.0,0.0,0.0,0.0,1.0
4,4,1.0,lung squamous cell carcinoma,lung squamous cell carcinoma,0.0,0.0,0.0,0.0,1.0
4,4,1.0,lung squamous cell carcinoma,lung squamous cell carcinoma,0.0,0.0,0.0,0.0,1.0
4,4,1.0,lung squamous cell carcinoma,lung squamous cell carcinoma,0.0,0.0,0.0,0.0,1.0
4,4,0.998902,lung squamous cell carcinoma,lung squamous cell carcinoma,0.0,0.0,0.001098,0.0,0.998902
4,4,1.0,lung squamous cell carcinoma,lung squamous cell carcinoma,0.0,0.0,0.0,0.0,1.0
4,4,1.0,lung squamous cell carcinoma,lung squamous cell carcinoma,0.0,0.0,0.0,0.0,1.0
4,4,0.999999,lung squamous cell carcinoma,lung squamous cell carcinoma,0.0,0.0,1e-06,0.0,0.999999
4,4,1.0,lung squamous cell carcinoma,lung squamous cell carcinoma,0.0,0.0,0.0,0.0,1.0
4,4,1.0,lung squamous cell carcinoma,lung squamous cell carcinoma,0.0,0.0,0.0,0.0,1.0
4,4,0.999989,lung squamous cell carcinoma,lung squamous cell carcinoma,0.0,1e-05,1e-06,0.0,0.999989
4,4,1.0,lung squamous cell carcinoma,lung squamous cell carcinoma,0.0,0.0,0.0,0.0,1.0
4,4,1.0,lung squamous cell carcinoma,lung squamous cell carcinoma,0.0,0.0,0.0,0.0,1.0
4,4,1.0,lung squamous cell carcinoma,lung squamous cell carcinoma,0.0,0.0,0.0,0.0,1.0
4,4,1.0,lung squamous cell carcinoma,lung squamous cell carcinoma,0.0,0.0,0.0,0.0,1.0
4,4,1.0,lung squamous cell carcinoma,lung squamous cell carcinoma,0.0,0.0,0.0,0.0,1.0
4,4,1.0,lung squamous cell carcinoma,lung squamous cell carcinoma,0.0,0.0,0.0,0.0,1.0
4,4,1.0,lung squamous cell carcinoma,lung squamous cell carcinoma,0.0,0.0,0.0,0.0,1.0
4,4,1.0,lung squamous cell carcinoma,lung squamous cell carcinoma,0.0,0.0,0.0,0.0,1.0
4,4,1.0,lung squamous cell carcinoma,lung squamous cell carcinoma,0.0,0.0,0.0,0.0,1.0
4,4,1.0,lung squamous cell carcinoma,lung squamous cell carcinoma,0.0,0.0,0.0,0.0,1.0
4,4,1.0,lung squamous cell carcinoma,lung squamous cell carcinoma,0.0,0.0,0.0,0.0,1.0
4,4,1.0,lung squamous cell carcinoma,lung squamous cell carcinoma,0.0,0.0,0.0,0.0,1.0
4,4,1.0,lung squamous cell carcinoma,lung squamous cell carcinoma,0.0,0.0,0.0,0.0,1.0
4,4,1.0,lung squamous cell carcinoma,lung squamous cell carcinoma,0.0,0.0,0.0,0.0,1.0
4,4,0.999435,lung squamous cell carcinoma,lung squamous cell carcinoma,0.0,0.0,0.000565,0.0,0.999435
4,4,1.0,lung squamous cell carcinoma,lung squamous cell carcinoma,0.0,0.0,0.0,0.0,1.0
4,4,1.0,lung squamous cell carcinoma,lung squamous cell carcinoma,0.0,0.0,0.0,0.0,1.0
4,4,0.999999,lung squamous cell carcinoma,lung squamous cell carcinoma,0.0,0.0,1e-06,0.0,0.999999
4,4,1.0,lung squamous cell carcinoma,lung squamous cell carcinoma,0.0,0.0,0.0,0.0,1.0
4,4,0.999996,lung squamous cell carcinoma,lung squamous cell carcinoma,0.0,0.0,4e-06,0.0,0.999996
4,4,0.999999,lung squamous cell carcinoma,lung squamous cell carcinoma,0.0,0.0,1e-06,0.0,0.999999
4,4,1.0,lung squamous cell carcinoma,lung squamous cell carcinoma,0.0,0.0,0.0,0.0,1.0
4,4,1.0,lung squamous cell carcinoma,lung squamous cell carcinoma,0.0,0.0,0.0,0.0,1.0
4,4,1.0,lung squamous cell carcinoma,lung squamous cell carcinoma,0.0,0.0,0.0,0.0,1.0
4,4,0.999999,lung squamous cell carcinoma,lung squamous cell carcinoma,0.0,0.0,1e-06,0.0,0.999999
4,4,1.0,lung squamous cell carcinoma,lung squamous cell carcinoma,0.0,0.0,0.0,0.0,1.0
4,4,1.0,lung squamous cell carcinoma,lung squamous cell carcinoma,0.0,0.0,0.0,0.0,1.0
4,4,1.0,lung squamous cell carcinoma,lung squamous cell carcinoma,0.0,0.0,0.0,0.0,1.0
4,4,1.0,lung squamous cell carcinoma,lung squamous cell carcinoma,0.0,0.0,0.0,0.0,1.0
4,4,1.0,lung squamous cell carcinoma,lung squamous cell carcinoma,0.0,0.0,0.0,0.0,1.0
4,4,1.0,lung squamous cell carcinoma,lung squamous cell carcinoma,0.0,0.0,0.0,0.0,1.0
4,4,0.999998,lung squamous cell carcinoma,lung squamous cell carcinoma,0.0,0.0,1e-06,0.0,0.999998
4,4,1.0,lung squamous cell carcinoma,lung squamous cell carcinoma,0.0,0.0,0.0,0.0,1.0
4,4,0.999978,lung squamous cell carcinoma,lung squamous cell carcinoma,0.0,0.0,2.2e-05,0.0,0.999978
4,4,1.0,lung squamous cell carcinoma,lung squamous cell carcinoma,0.0,0.0,0.0,0.0,1.0
4,4,1.0,lung squamous cell carcinoma,lung squamous cell carcinoma,0.0,0.0,0.0,0.0,1.0
4,4,1.0,lung squamous cell carcinoma,lung squamous cell carcinoma,0.0,0.0,0.0,0.0,1.0
4,4,1.0,lung squamous cell carcinoma,lung squamous cell carcinoma,0.0,0.0,0.0,0.0,1.0
4,4,1.0,lung squamous cell carcinoma,lung squamous cell carcinoma,0.0,0.0,0.0,0.0,1.0
4,4,1.0,lung squamous cell carcinoma,lung squamous cell carcinoma,0.0,0.0,0.0,0.0,1.0
4,4,1.0,lung squamous cell carcinoma,lung squamous cell carcinoma,0.0,0.0,0.0,0.0,1.0
4,4,0.99999,lung squamous cell carcinoma,lung squamous cell carcinoma,0.0,0.0,1e-05,0.0,0.99999
4,4,1.0,lung squamous cell carcinoma,lung squamous cell carcinoma,0.0,0.0,0.0,0.0,1.0
4,4,0.999999,lung squamous cell carcinoma,lung squamous cell carcinoma,0.0,0.0,1e-06,0.0,0.999999
4,4,1.0,lung squamous cell carcinoma,lung squamous cell carcinoma,0.0,0.0,0.0,0.0,1.0
4,4,1.0,lung squamous cell carcinoma,lung squamous cell carcinoma,0.0,0.0,0.0,0.0,1.0
4,4,0.999964,lung squamous cell carcinoma,lung squamous cell carcinoma,0.0,0.0,3.5e-05,0.0,0.999964
4,4,0.999951,lung squamous cell carcinoma,lung squamous cell carcinoma,0.0,0.0,4.9e-05,0.0,0.999951
4,4,0.999538,lung squamous cell carcinoma,lung squamous cell carcinoma,0.0,0.0,0.000462,0.0,0.999538
4,4,1.0,lung squamous cell carcinoma,lung squamous cell carcinoma,0.0,0.0,0.0,0.0,1.0
4,4,1.0,lung squamous cell carcinoma,lung squamous cell carcinoma,0.0,0.0,0.0,0.0,1.0
4,4,1.0,lung squamous cell carcinoma,lung squamous cell carcinoma,0.0,0.0,0.0,0.0,1.0
4,4,1.0,lung squamous cell carcinoma,lung squamous cell carcinoma,0.0,0.0,0.0,0.0,1.0
4,4,1.0,lung squamous cell carcinoma,lung squamous cell carcinoma,0.0,0.0,0.0,0.0,1.0
4,4,1.0,lung squamous cell carcinoma,lung squamous cell carcinoma,0.0,0.0,0.0,0.0,1.0
4,4,1.0,lung squamous cell carcinoma,lung squamous cell carcinoma,0.0,0.0,0.0,0.0,1.0
4,4,1.0,lung squamous cell carcinoma,lung squamous cell carcinoma,0.0,0.0,0.0,0.0,1.0
4,4,1.0,lung squamous cell carcinoma,lung squamous cell carcinoma,0.0,0.0,0.0,0.0,1.0
4,4,1.0,lung squamous cell carcinoma,lung squamous cell carcinoma,0.0,0.0,0.0,0.0,1.0
4,4,1.0,lung squamous cell carcinoma,lung squamous cell carcinoma,0.0,0.0,0.0,0.0,1.0
4,4,0.999985,lung squamous cell carcinoma,lung squamous cell carcinoma,0.0,0.0,1.5e-05,0.0,0.999985
4,4,1.0,lung squamous cell carcinoma,lung squamous cell carcinoma,0.0,0.0,0.0,0.0,1.0
4,4,0.999998,lung squamous cell carcinoma,lung squamous cell carcinoma,0.0,0.0,2e-06,0.0,0.999998
4,4,1.0,lung squamous cell carcinoma,lung squamous cell carcinoma,0.0,0.0,0.0,0.0,1.0
4,4,1.0,lung squamous cell carcinoma,lung squamous cell carcinoma,0.0,0.0,0.0,0.0,1.0
4,4,1.0,lung squamous cell carcinoma,lung squamous cell carcinoma,0.0,0.0,0.0,0.0,1.0
4,4,1.0,lung squamous cell carcinoma,lung squamous cell carcinoma,0.0,0.0,0.0,0.0,1.0
4,4,1.0,lung squamous cell carcinoma,lung squamous cell carcinoma,0.0,0.0,0.0,0.0,1.0
4,4,1.0,lung squamous cell carcinoma,lung squamous cell carcinoma,0.0,0.0,0.0,0.0,1.0
4,4,1.0,lung squamous cell carcinoma,lung squamous cell carcinoma,0.0,0.0,0.0,0.0,1.0
4,4,1.0,lung squamous cell carcinoma,lung squamous cell carcinoma,0.0,0.0,0.0,0.0,1.0
4,4,1.0,lung squamous cell carcinoma,lung squamous cell carcinoma,0.0,0.0,0.0,0.0,1.0
4,4,1.0,lung squamous cell carcinoma,lung squamous cell carcinoma,0.0,0.0,0.0,0.0,1.0
4,4,1.0,lung squamous cell carcinoma,lung squamous cell carcinoma,0.0,0.0,0.0,0.0,1.0
4,4,1.0,lung squamous cell carcinoma,lung squamous cell carcinoma,0.0,0.0,0.0,0.0,1.0
4,4,1.0,lung squamous cell carcinoma,lung squamous cell carcinoma,0.0,0.0,0.0,0.0,1.0
4,4,1.0,lung squamous cell carcinoma,lung squamous cell carcinoma,0.0,0.0,0.0,0.0,1.0
4,4,1.0,lung squamous cell carcinoma,lung squamous cell carcinoma,0.0,0.0,0.0,0.0,1.0
4,4,1.0,lung squamous cell carcinoma,lung squamous cell carcinoma,0.0,0.0,0.0,0.0,1.0
4,4,1.0,lung squamous cell carcinoma,lung squamous cell carcinoma,0.0,0.0,0.0,0.0,1.0
4,4,1.0,lung squamous cell carcinoma,lung squamous cell carcinoma,0.0,0.0,0.0,0.0,1.0
4,4,1.0,lung squamous cell carcinoma,lung squamous cell carcinoma,0.0,0.0,0.0,0.0,1.0
4,4,1.0,lung squamous cell carcinoma,lung squamous cell carcinoma,0.0,0.0,0.0,0.0,1.0
4,4,1.0,lung squamous cell carcinoma,lung squamous cell carcinoma,0.0,0.0,0.0,0.0,1.0
4,4,1.0,lung squamous cell carcinoma,lung squamous cell carcinoma,0.0,0.0,0.0,0.0,1.0
4,4,0.999919,lung squamous cell carcinoma,lung squamous cell carcinoma,0.0,0.0,8.1e-05,0.0,0.999919
4,4,1.0,lung squamous cell carcinoma,lung squamous cell carcinoma,0.0,0.0,0.0,0.0,1.0
4,4,1.0,lung squamous cell carcinoma,lung squamous cell carcinoma,0.0,0.0,0.0,0.0,1.0
4,4,1.0,lung squamous cell carcinoma,lung squamous cell carcinoma,0.0,0.0,0.0,0.0,1.0
4,4,1.0,lung squamous cell carcinoma,lung squamous cell carcinoma,0.0,0.0,0.0,0.0,1.0
4,4,1.0,lung squamous cell carcinoma,lung squamous cell carcinoma,0.0,0.0,0.0,0.0,1.0
4,4,1.0,lung squamous cell carcinoma,lung squamous cell carcinoma,0.0,0.0,0.0,0.0,1.0
4,4,0.999999,lung squamous cell carcinoma,lung squamous cell carcinoma,0.0,0.0,1e-06,0.0,0.999999
4,4,1.0,lung squamous cell carcinoma,lung squamous cell carcinoma,0.0,0.0,0.0,0.0,1.0
4,4,1.0,lung squamous cell carcinoma,lung squamous cell carcinoma,0.0,0.0,0.0,0.0,1.0
4,4,1.0,lung squamous cell carcinoma,lung squamous cell carcinoma,0.0,0.0,0.0,0.0,1.0
4,4,1.0,lung squamous cell carcinoma,lung squamous cell carcinoma,0.0,0.0,0.0,0.0,1.0
4,4,0.999997,lung squamous cell carcinoma,lung squamous cell carcinoma,0.0,0.0,3e-06,0.0,0.999997
4,4,1.0,lung squamous cell carcinoma,lung squamous cell carcinoma,0.0,0.0,0.0,0.0,1.0
4,4,0.999986,lung squamous cell carcinoma,lung squamous cell carcinoma,0.0,0.0,1.4e-05,0.0,0.999986
4,4,1.0,lung squamous cell carcinoma,lung squamous cell carcinoma,0.0,0.0,0.0,0.0,1.0
4,4,0.999974,lung squamous cell carcinoma,lung squamous cell carcinoma,0.0,0.0,2.6e-05,0.0,0.999974
4,4,1.0,lung squamous cell carcinoma,lung squamous cell carcinoma,0.0,0.0,0.0,0.0,1.0
4,4,1.0,lung squamous cell carcinoma,lung squamous cell carcinoma,0.0,0.0,0.0,0.0,1.0
4,4,1.0,lung squamous cell carcinoma,lung squamous cell carcinoma,0.0,0.0,0.0,0.0,1.0
4,4,1.0,lung squamous cell carcinoma,lung squamous cell carcinoma,0.0,0.0,0.0,0.0,1.0
4,4,1.0,lung squamous cell carcinoma,lung squamous cell carcinoma,0.0,0.0,0.0,0.0,1.0
4,4,1.0,lung squamous cell carcinoma,lung squamous cell carcinoma,0.0,0.0,0.0,0.0,1.0
4,4,1.0,lung squamous cell carcinoma,lung squamous cell carcinoma,0.0,0.0,0.0,0.0,1.0
4,4,1.0,lung squamous cell carcinoma,lung squamous cell carcinoma,0.0,0.0,0.0,0.0,1.0
4,4,1.0,lung squamous cell carcinoma,lung squamous cell carcinoma,0.0,0.0,0.0,0.0,1.0
4,4,1.0,lung squamous cell carcinoma,lung squamous cell carcinoma,0.0,0.0,0.0,0.0,1.0
4,4,1.0,lung squamous cell carcinoma,lung squamous cell carcinoma,0.0,0.0,0.0,0.0,1.0
4,4,1.0,lung squamous cell carcinoma,lung squamous cell carcinoma,0.0,0.0,0.0,0.0,1.0
4,4,1.0,lung squamous cell carcinoma,lung squamous cell carcinoma,0.0,0.0,0.0,0.0,1.0
4,4,0.999943,lung squamous cell carcinoma,lung squamous cell carcinoma,0.0,0.0,5.7e-05,0.0,0.999943
4,4,0.999998,lung squamous cell carcinoma,lung squamous cell carcinoma,0.0,0.0,2e-06,0.0,0.999998
4,4,1.0,lung squamous cell carcinoma,lung squamous cell carcinoma,0.0,0.0,0.0,0.0,1.0
4,4,1.0,lung squamous cell carcinoma,lung squamous cell carcinoma,0.0,0.0,0.0,0.0,1.0
4,4,1.0,lung squamous cell carcinoma,lung squamous cell carcinoma,0.0,0.0,0.0,0.0,1.0
4,4,1.0,lung squamous cell carcinoma,lung squamous cell carcinoma,0.0,0.0,0.0,0.0,1.0
4,4,1.0,lung squamous cell carcinoma,lung squamous cell carcinoma,0.0,0.0,0.0,0.0,1.0
4,4,1.0,lung squamous cell carcinoma,lung squamous cell carcinoma,0.0,0.0,0.0,0.0,1.0
4,4,1.0,lung squamous cell carcinoma,lung squamous cell carcinoma,0.0,0.0,0.0,0.0,1.0
4,4,0.999997,lung squamous cell carcinoma,lung squamous cell carcinoma,0.0,0.0,3e-06,0.0,0.999997
4,4,1.0,lung squamous cell carcinoma,lung squamous cell carcinoma,0.0,0.0,0.0,0.0,1.0
4,4,1.0,lung squamous cell carcinoma,lung squamous cell carcinoma,0.0,0.0,0.0,0.0,1.0
4,4,1.0,lung squamous cell carcinoma,lung squamous cell carcinoma,0.0,0.0,0.0,0.0,1.0
4,4,1.0,lung squamous cell carcinoma,lung squamous cell carcinoma,0.0,0.0,0.0,0.0,1.0
4,4,1.0,lung squamous cell carcinoma,lung squamous cell carcinoma,0.0,0.0,0.0,0.0,1.0
4,4,0.994245,lung squamous cell carcinoma,lung squamous cell carcinoma,7e-06,0.0,0.005748,0.0,0.994245
4,4,0.999997,lung squamous cell carcinoma,lung squamous cell carcinoma,0.0,0.0,2e-06,0.0,0.999997
4,4,1.0,lung squamous cell carcinoma,lung squamous cell carcinoma,0.0,0.0,0.0,0.0,1.0
4,4,1.0,lung squamous cell carcinoma,lung squamous cell carcinoma,0.0,0.0,0.0,0.0,1.0
4,4,0.999999,lung squamous cell carcinoma,lung squamous cell carcinoma,1e-06,0.0,0.0,0.0,0.999999
4,4,1.0,lung squamous cell carcinoma,lung squamous cell carcinoma,0.0,0.0,0.0,0.0,1.0
4,4,1.0,lung squamous cell carcinoma,lung squamous cell carcinoma,0.0,0.0,0.0,0.0,1.0
4,4,1.0,lung squamous cell carcinoma,lung squamous cell carcinoma,0.0,0.0,0.0,0.0,1.0
4,4,1.0,lung squamous cell carcinoma,lung squamous cell carcinoma,0.0,0.0,0.0,0.0,1.0
4,4,1.0,lung squamous cell carcinoma,lung squamous cell carcinoma,0.0,0.0,0.0,0.0,1.0
4,4,1.0,lung squamous cell carcinoma,lung squamous cell carcinoma,0.0,0.0,0.0,0.0,1.0
4,4,1.0,lung squamous cell carcinoma,lung squamous cell carcinoma,0.0,0.0,0.0,0.0,1.0
4,4,1.0,lung squamous cell carcinoma,lung squamous cell carcinoma,0.0,0.0,0.0,0.0,1.0
4,4,1.0,lung squamous cell carcinoma,lung squamous cell carcinoma,0.0,0.0,0.0,0.0,1.0
4,4,1.0,lung squamous cell carcinoma,lung squamous cell carcinoma,0.0,0.0,0.0,0.0,1.0
4,4,1.0,lung squamous cell carcinoma,lung squamous cell carcinoma,0.0,0.0,0.0,0.0,1.0
4,4,1.0,lung squamous cell carcinoma,lung squamous cell carcinoma,0.0,0.0,0.0,0.0,1.0
4,4,1.0,lung squamous cell carcinoma,lung squamous cell carcinoma,0.0,0.0,0.0,0.0,1.0
4,4,1.0,lung squamous cell carcinoma,lung squamous cell carcinoma,0.0,0.0,0.0,0.0,1.0
4,4,1.0,lung squamous cell carcinoma,lung squamous cell carcinoma,0.0,0.0,0.0,0.0,1.0
4,4,0.999992,lung squamous cell carcinoma,lung squamous cell carcinoma,0.0,0.0,8e-06,0.0,0.999992
4,4,1.0,lung squamous cell carcinoma,lung squamous cell carcinoma,0.0,0.0,0.0,0.0,1.0
4,4,1.0,lung squamous cell carcinoma,lung squamous cell carcinoma,0.0,0.0,0.0,0.0,1.0
4,4,0.999999,lung squamous cell carcinoma,lung squamous cell carcinoma,0.0,0.0,1e-06,0.0,0.999999
4,4,1.0,lung squamous cell carcinoma,lung squamous cell carcinoma,0.0,0.0,0.0,0.0,1.0
4,4,1.0,lung squamous cell carcinoma,lung squamous cell carcinoma,0.0,0.0,0.0,0.0,1.0
4,4,1.0,lung squamous cell carcinoma,lung squamous cell carcinoma,0.0,0.0,0.0,0.0,1.0
4,4,1.0,lung squamous cell carcinoma,lung squamous cell carcinoma,0.0,0.0,0.0,0.0,1.0
4,4,1.0,lung squamous cell carcinoma,lung squamous cell carcinoma,0.0,0.0,0.0,0.0,1.0
4,4,0.999999,lung squamous cell carcinoma,lung squamous cell carcinoma,0.0,0.0,1e-06,0.0,0.999999
4,4,0.999998,lung squamous cell carcinoma,lung squamous cell carcinoma,0.0,0.0,2e-06,0.0,0.999998
4,4,1.0,lung squamous cell carcinoma,lung squamous cell carcinoma,0.0,0.0,0.0,0.0,1.0
4,4,0.999997,lung squamous cell carcinoma,lung squamous cell carcinoma,0.0,0.0,3e-06,0.0,0.999997
4,4,1.0,lung squamous cell carcinoma,lung squamous cell carcinoma,0.0,0.0,0.0,0.0,1.0
4,4,0.999992,lung squamous cell carcinoma,lung squamous cell carcinoma,0.0,0.0,8e-06,0.0,0.999992
4,4,0.999999,lung squamous cell carcinoma,lung squamous cell carcinoma,0.0,0.0,1e-06,0.0,0.999999
4,4,1.0,lung squamous cell carcinoma,lung squamous cell carcinoma,0.0,0.0,0.0,0.0,1.0
4,4,1.0,lung squamous cell carcinoma,lung squamous cell carcinoma,0.0,0.0,0.0,0.0,1.0
4,4,0.999997,lung squamous cell carcinoma,lung squamous cell carcinoma,0.0,0.0,2e-06,0.0,0.999997
4,4,1.0,lung squamous cell carcinoma,lung squamous cell carcinoma,0.0,0.0,0.0,0.0,1.0
4,4,1.0,lung squamous cell carcinoma,lung squamous cell carcinoma,0.0,0.0,0.0,0.0,1.0
4,4,1.0,lung squamous cell carcinoma,lung squamous cell carcinoma,0.0,0.0,0.0,0.0,1.0
4,4,1.0,lung squamous cell carcinoma,lung squamous cell carcinoma,0.0,0.0,0.0,0.0,1.0
4,4,1.0,lung squamous cell carcinoma,lung squamous cell carcinoma,0.0,0.0,0.0,0.0,1.0
4,4,1.0,lung squamous cell carcinoma,lung squamous cell carcinoma,0.0,0.0,0.0,0.0,1.0
4,4,1.0,lung squamous cell carcinoma,lung squamous cell carcinoma,0.0,0.0,0.0,0.0,1.0
4,4,1.0,lung squamous cell carcinoma,lung squamous cell carcinoma,0.0,0.0,0.0,0.0,1.0
4,4,1.0,lung squamous cell carcinoma,lung squamous cell carcinoma,0.0,0.0,0.0,0.0,1.0
4,4,1.0,lung squamous cell carcinoma,lung squamous cell carcinoma,0.0,0.0,0.0,0.0,1.0
4,4,1.0,lung squamous cell carcinoma,lung squamous cell carcinoma,0.0,0.0,0.0,0.0,1.0
4,4,1.0,lung squamous cell carcinoma,lung squamous cell carcinoma,0.0,0.0,0.0,0.0,1.0
4,4,1.0,lung squamous cell carcinoma,lung squamous cell carcinoma,0.0,0.0,0.0,0.0,1.0
4,4,0.999994,lung squamous cell carcinoma,lung squamous cell carcinoma,0.0,0.0,6e-06,0.0,0.999994
4,4,1.0,lung squamous cell carcinoma,lung squamous cell carcinoma,0.0,0.0,0.0,0.0,1.0
4,4,1.0,lung squamous cell carcinoma,lung squamous cell carcinoma,0.0,0.0,0.0,0.0,1.0
4,4,0.999981,lung squamous cell carcinoma,lung squamous cell carcinoma,0.0,0.0,1.9e-05,0.0,0.999981
4,4,1.0,lung squamous cell carcinoma,lung squamous cell carcinoma,0.0,0.0,0.0,0.0,1.0
4,4,1.0,lung squamous cell carcinoma,lung squamous cell carcinoma,0.0,0.0,0.0,0.0,1.0
4,4,0.99996,lung squamous cell carcinoma,lung squamous cell carcinoma,0.0,0.0,3.9e-05,0.0,0.99996
4,4,1.0,lung squamous cell carcinoma,lung squamous cell carcinoma,0.0,0.0,0.0,0.0,1.0
4,4,1.0,lung squamous cell carcinoma,lung squamous cell carcinoma,0.0,0.0,0.0,0.0,1.0
4,4,1.0,lung squamous cell carcinoma,lung squamous cell carcinoma,0.0,0.0,0.0,0.0,1.0
4,4,1.0,lung squamous cell carcinoma,lung squamous cell carcinoma,0.0,0.0,0.0,0.0,1.0
4,4,1.0,lung squamous cell carcinoma,lung squamous cell carcinoma,0.0,0.0,0.0,0.0,1.0
4,4,0.999998,lung squamous cell carcinoma,lung squamous cell carcinoma,0.0,0.0,2e-06,0.0,0.999998
4,4,1.0,lung squamous cell carcinoma,lung squamous cell carcinoma,0.0,0.0,0.0,0.0,1.0
4,4,0.999282,lung squamous cell carcinoma,lung squamous cell carcinoma,0.0,0.0,0.000718,0.0,0.999282
4,4,1.0,lung squamous cell carcinoma,lung squamous cell carcinoma,0.0,0.0,0.0,0.0,1.0
4,4,1.0,lung squamous cell carcinoma,lung squamous cell carcinoma,0.0,0.0,0.0,0.0,1.0
4,4,1.0,lung squamous cell carcinoma,lung squamous cell carcinoma,0.0,0.0,0.0,0.0,1.0
4,4,1.0,lung squamous cell carcinoma,lung squamous cell carcinoma,0.0,0.0,1e-06,0.0,1.0
4,4,0.999987,lung squamous cell carcinoma,lung squamous cell carcinoma,0.0,0.0,1.3e-05,0.0,0.999987
4,4,0.999977,lung squamous cell carcinoma,lung squamous cell carcinoma,0.0,0.0,2.3e-05,0.0,0.999977
4,4,1.0,lung squamous cell carcinoma,lung squamous cell carcinoma,0.0,0.0,0.0,0.0,1.0
4,4,1.0,lung squamous cell carcinoma,lung squamous cell carcinoma,0.0,0.0,0.0,0.0,1.0
4,4,1.0,lung squamous cell carcinoma,lung squamous cell carcinoma,0.0,0.0,0.0,0.0,1.0
4,4,1.0,lung squamous cell carcinoma,lung squamous cell carcinoma,0.0,0.0,0.0,0.0,1.0
4,4,1.0,lung squamous cell carcinoma,lung squamous cell carcinoma,0.0,0.0,0.0,0.0,1.0
4,4,1.0,lung squamous cell carcinoma,lung squamous cell carcinoma,0.0,0.0,0.0,0.0,1.0
4,4,1.0,lung squamous cell carcinoma,lung squamous cell carcinoma,0.0,0.0,0.0,0.0,1.0
4,4,1.0,lung squamous cell carcinoma,lung squamous cell carcinoma,0.0,0.0,0.0,0.0,1.0
4,4,0.999999,lung squamous cell carcinoma,lung squamous cell carcinoma,0.0,0.0,1e-06,0.0,0.999999
4,4,0.999999,lung squamous cell carcinoma,lung squamous cell carcinoma,0.0,0.0,1e-06,0.0,0.999999
4,4,1.0,lung squamous cell carcinoma,lung squamous cell carcinoma,0.0,0.0,0.0,0.0,1.0
4,4,1.0,lung squamous cell carcinoma,lung squamous cell carcinoma,0.0,0.0,0.0,0.0,1.0
4,4,1.0,lung squamous cell carcinoma,lung squamous cell carcinoma,0.0,0.0,0.0,0.0,1.0
4,4,1.0,lung squamous cell carcinoma,lung squamous cell carcinoma,0.0,0.0,0.0,0.0,1.0
4,4,1.0,lung squamous cell carcinoma,lung squamous cell carcinoma,0.0,0.0,0.0,0.0,1.0
4,4,0.999998,lung squamous cell carcinoma,lung squamous cell carcinoma,0.0,0.0,2e-06,0.0,0.999998
4,4,0.999996,lung squamous cell carcinoma,lung squamous cell carcinoma,0.0,0.0,4e-06,0.0,0.999996
4,4,1.0,lung squamous cell carcinoma,lung squamous cell carcinoma,0.0,0.0,0.0,0.0,1.0
4,4,1.0,lung squamous cell carcinoma,lung squamous cell carcinoma,0.0,0.0,0.0,0.0,1.0
4,4,1.0,lung squamous cell carcinoma,lung squamous cell carcinoma,0.0,0.0,0.0,0.0,1.0
4,4,1.0,lung squamous cell carcinoma,lung squamous cell carcinoma,0.0,0.0,0.0,0.0,1.0
4,4,1.0,lung squamous cell carcinoma,lung squamous cell carcinoma,0.0,0.0,0.0,0.0,1.0
4,4,1.0,lung squamous cell carcinoma,lung squamous cell carcinoma,0.0,0.0,0.0,0.0,1.0
4,4,1.0,lung squamous cell carcinoma,lung squamous cell carcinoma,0.0,0.0,0.0,0.0,1.0
4,4,1.0,lung squamous cell carcinoma,lung squamous cell carcinoma,0.0,0.0,0.0,0.0,1.0
4,4,0.999997,lung squamous cell carcinoma,lung squamous cell carcinoma,0.0,0.0,3e-06,0.0,0.999997
4,4,1.0,lung squamous cell carcinoma,lung squamous cell carcinoma,0.0,0.0,0.0,0.0,1.0
4,4,1.0,lung squamous cell carcinoma,lung squamous cell carcinoma,0.0,0.0,0.0,0.0,1.0
4,4,1.0,lung squamous cell carcinoma,lung squamous cell carcinoma,0.0,0.0,0.0,0.0,1.0
4,4,1.0,lung squamous cell carcinoma,lung squamous cell carcinoma,0.0,0.0,0.0,0.0,1.0
4,4,1.0,lung squamous cell carcinoma,lung squamous cell carcinoma,0.0,0.0,0.0,0.0,1.0
4,4,1.0,lung squamous cell carcinoma,lung squamous cell carcinoma,0.0,0.0,0.0,0.0,1.0
4,4,1.0,lung squamous cell carcinoma,lung squamous cell carcinoma,0.0,0.0,0.0,0.0,1.0
4,4,1.0,lung squamous cell carcinoma,lung squamous cell carcinoma,0.0,0.0,0.0,0.0,1.0
4,4,1.0,lung squamous cell carcinoma,lung squamous cell carcinoma,0.0,0.0,0.0,0.0,1.0
4,4,1.0,lung squamous cell carcinoma,lung squamous cell carcinoma,0.0,0.0,0.0,0.0,1.0
4,4,1.0,lung squamous cell carcinoma,lung squamous cell carcinoma,0.0,0.0,0.0,0.0,1.0
4,4,1.0,lung squamous cell carcinoma,lung squamous cell carcinoma,0.0,0.0,0.0,0.0,1.0
4,4,1.0,lung squamous cell carcinoma,lung squamous cell carcinoma,0.0,0.0,0.0,0.0,1.0
4,4,1.0,lung squamous cell carcinoma,lung squamous cell carcinoma,0.0,0.0,0.0,0.0,1.0
4,4,1.0,lung squamous cell carcinoma,lung squamous cell carcinoma,0.0,0.0,0.0,0.0,1.0
4,4,1.0,lung squamous cell carcinoma,lung squamous cell carcinoma,0.0,0.0,0.0,0.0,1.0
4,4,1.0,lung squamous cell carcinoma,lung squamous cell carcinoma,0.0,0.0,0.0,0.0,1.0
4,4,1.0,lung squamous cell carcinoma,lung squamous cell carcinoma,0.0,0.0,0.0,0.0,1.0
4,4,0.999992,lung squamous cell carcinoma,lung squamous cell carcinoma,0.0,0.0,8e-06,0.0,0.999992
4,4,0.999997,lung squamous cell carcinoma,lung squamous cell carcinoma,0.0,0.0,3e-06,0.0,0.999997
4,4,1.0,lung squamous cell carcinoma,lung squamous cell carcinoma,0.0,0.0,0.0,0.0,1.0
4,4,1.0,lung squamous cell carcinoma,lung squamous cell carcinoma,0.0,0.0,0.0,0.0,1.0
4,4,1.0,lung squamous cell carcinoma,lung squamous cell carcinoma,0.0,0.0,0.0,0.0,1.0
4,4,1.0,lung squamous cell carcinoma,lung squamous cell carcinoma,0.0,0.0,0.0,0.0,1.0
4,4,1.0,lung squamous cell carcinoma,lung squamous cell carcinoma,0.0,0.0,0.0,0.0,1.0
4,4,1.0,lung squamous cell carcinoma,lung squamous cell carcinoma,0.0,0.0,0.0,0.0,1.0
4,4,1.0,lung squamous cell carcinoma,lung squamous cell carcinoma,0.0,0.0,0.0,0.0,1.0
4,4,1.0,lung squamous cell carcinoma,lung squamous cell carcinoma,0.0,0.0,0.0,0.0,1.0
4,4,1.0,lung squamous cell carcinoma,lung squamous cell carcinoma,0.0,0.0,0.0,0.0,1.0
4,4,1.0,lung squamous cell carcinoma,lung squamous cell carcinoma,0.0,0.0,0.0,0.0,1.0
4,4,1.0,lung squamous cell carcinoma,lung squamous cell carcinoma,0.0,0.0,0.0,0.0,1.0
4,4,1.0,lung squamous cell carcinoma,lung squamous cell carcinoma,0.0,0.0,0.0,0.0,1.0
4,4,1.0,lung squamous cell carcinoma,lung squamous cell carcinoma,0.0,0.0,0.0,0.0,1.0
4,4,0.999526,lung squamous cell carcinoma,lung squamous cell carcinoma,0.0,0.0,0.000474,0.0,0.999526
4,4,0.991192,lung squamous cell carcinoma,lung squamous cell carcinoma,0.0,0.0,0.008808,0.0,0.991192
4,4,1.0,lung squamous cell carcinoma,lung squamous cell carcinoma,0.0,0.0,0.0,0.0,1.0
4,4,1.0,lung squamous cell carcinoma,lung squamous cell carcinoma,0.0,0.0,0.0,0.0,1.0
4,4,1.0,lung squamous cell carcinoma,lung squamous cell carcinoma,0.0,0.0,0.0,0.0,1.0
4,4,1.0,lung squamous cell carcinoma,lung squamous cell carcinoma,0.0,0.0,0.0,0.0,1.0
4,4,0.999997,lung squamous cell carcinoma,lung squamous cell carcinoma,0.0,0.0,3e-06,0.0,0.999997
4,4,0.999999,lung squamous cell carcinoma,lung squamous cell carcinoma,0.0,0.0,1e-06,0.0,0.999999
4,4,1.0,lung squamous cell carcinoma,lung squamous cell carcinoma,0.0,0.0,0.0,0.0,1.0
4,4,0.999998,lung squamous cell carcinoma,lung squamous cell carcinoma,0.0,0.0,2e-06,0.0,0.999998
4,4,1.0,lung squamous cell carcinoma,lung squamous cell carcinoma,0.0,0.0,0.0,0.0,1.0
4,4,1.0,lung squamous cell carcinoma,lung squamous cell carcinoma,0.0,0.0,0.0,0.0,1.0
4,4,1.0,lung squamous cell carcinoma,lung squamous cell carcinoma,0.0,0.0,0.0,0.0,1.0
4,4,1.0,lung squamous cell carcinoma,lung squamous cell carcinoma,0.0,0.0,0.0,0.0,1.0
4,4,1.0,lung squamous cell carcinoma,lung squamous cell carcinoma,0.0,0.0,0.0,0.0,1.0
4,4,1.0,lung squamous cell carcinoma,lung squamous cell carcinoma,0.0,0.0,0.0,0.0,1.0
4,4,1.0,lung squamous cell carcinoma,lung squamous cell carcinoma,0.0,0.0,0.0,0.0,1.0
4,4,1.0,lung squamous cell carcinoma,lung squamous cell carcinoma,0.0,0.0,0.0,0.0,1.0
4,4,1.0,lung squamous cell carcinoma,lung squamous cell carcinoma,0.0,0.0,0.0,0.0,1.0
4,4,0.99877,lung squamous cell carcinoma,lung squamous cell carcinoma,0.0,0.0,0.00123,0.0,0.99877
4,4,1.0,lung squamous cell carcinoma,lung squamous cell carcinoma,0.0,0.0,0.0,0.0,1.0
4,4,1.0,lung squamous cell carcinoma,lung squamous cell carcinoma,0.0,0.0,0.0,0.0,1.0
4,4,1.0,lung squamous cell carcinoma,lung squamous cell carcinoma,0.0,0.0,0.0,0.0,1.0
4,4,1.0,lung squamous cell carcinoma,lung squamous cell carcinoma,0.0,0.0,0.0,0.0,1.0
4,4,1.0,lung squamous cell carcinoma,lung squamous cell carcinoma,0.0,0.0,0.0,0.0,1.0
4,4,1.0,lung squamous cell carcinoma,lung squamous cell carcinoma,0.0,0.0,0.0,0.0,1.0
4,4,1.0,lung squamous cell carcinoma,lung squamous cell carcinoma,0.0,0.0,0.0,0.0,1.0
4,4,1.0,lung squamous cell carcinoma,lung squamous cell carcinoma,0.0,0.0,0.0,0.0,1.0
4,4,0.999998,lung squamous cell carcinoma,lung squamous cell carcinoma,0.0,0.0,2e-06,0.0,0.999998
4,4,1.0,lung squamous cell carcinoma,lung squamous cell carcinoma,0.0,0.0,0.0,0.0,1.0
4,4,0.999974,lung squamous cell carcinoma,lung squamous cell carcinoma,0.0,0.0,2.5e-05,0.0,0.999974
4,4,0.99999,lung squamous cell carcinoma,lung squamous cell carcinoma,0.0,0.0,1e-05,0.0,0.99999
4,4,1.0,lung squamous cell carcinoma,lung squamous cell carcinoma,0.0,0.0,0.0,0.0,1.0
4,4,0.999998,lung squamous cell carcinoma,lung squamous cell carcinoma,0.0,0.0,2e-06,0.0,0.999998
4,4,1.0,lung squamous cell carcinoma,lung squamous cell carcinoma,0.0,0.0,0.0,0.0,1.0
4,4,1.0,lung squamous cell carcinoma,lung squamous cell carcinoma,0.0,0.0,0.0,0.0,1.0
4,4,1.0,lung squamous cell carcinoma,lung squamous cell carcinoma,0.0,0.0,0.0,0.0,1.0
4,4,1.0,lung squamous cell carcinoma,lung squamous cell carcinoma,0.0,0.0,0.0,0.0,1.0
4,4,0.999987,lung squamous cell carcinoma,lung squamous cell carcinoma,0.0,0.0,1.3e-05,0.0,0.999987
4,4,1.0,lung squamous cell carcinoma,lung squamous cell carcinoma,0.0,0.0,0.0,0.0,1.0
4,4,1.0,lung squamous cell carcinoma,lung squamous cell carcinoma,0.0,0.0,0.0,0.0,1.0
4,4,0.999959,lung squamous cell carcinoma,lung squamous cell carcinoma,0.0,0.0,4.1e-05,0.0,0.999959
4,4,1.0,lung squamous cell carcinoma,lung squamous cell carcinoma,0.0,0.0,0.0,0.0,1.0
4,4,1.0,lung squamous cell carcinoma,lung squamous cell carcinoma,0.0,0.0,0.0,0.0,1.0
4,4,1.0,lung squamous cell carcinoma,lung squamous cell carcinoma,0.0,0.0,0.0,0.0,1.0
4,4,1.0,lung squamous cell carcinoma,lung squamous cell carcinoma,0.0,0.0,0.0,0.0,1.0
4,4,0.999999,lung squamous cell carcinoma,lung squamous cell carcinoma,0.0,0.0,1e-06,0.0,0.999999
4,4,1.0,lung squamous cell carcinoma,lung squamous cell carcinoma,0.0,0.0,0.0,0.0,1.0
4,4,1.0,lung squamous cell carcinoma,lung squamous cell carcinoma,0.0,0.0,0.0,0.0,1.0
4,4,1.0,lung squamous cell carcinoma,lung squamous cell carcinoma,0.0,0.0,0.0,0.0,1.0
4,4,0.999713,lung squamous cell carcinoma,lung squamous cell carcinoma,0.0,0.0,0.000287,0.0,0.999713
4,4,1.0,lung squamous cell carcinoma,lung squamous cell carcinoma,0.0,0.0,0.0,0.0,1.0
4,4,1.0,lung squamous cell carcinoma,lung squamous cell carcinoma,0.0,0.0,0.0,0.0,1.0
4,4,1.0,lung squamous cell carcinoma,lung squamous cell carcinoma,0.0,0.0,0.0,0.0,1.0
4,4,1.0,lung squamous cell carcinoma,lung squamous cell carcinoma,0.0,0.0,0.0,0.0,1.0
4,4,1.0,lung squamous cell carcinoma,lung squamous cell carcinoma,0.0,0.0,0.0,0.0,1.0
4,4,0.999999,lung squamous cell carcinoma,lung squamous cell carcinoma,0.0,0.0,1e-06,0.0,0.999999
4,4,1.0,lung squamous cell carcinoma,lung squamous cell carcinoma,0.0,0.0,0.0,0.0,1.0
4,4,1.0,lung squamous cell carcinoma,lung squamous cell carcinoma,0.0,0.0,0.0,0.0,1.0
4,4,1.0,lung squamous cell carcinoma,lung squamous cell carcinoma,0.0,0.0,0.0,0.0,1.0
4,4,0.99871,lung squamous cell carcinoma,lung squamous cell carcinoma,0.0,0.0,0.00129,0.0,0.99871
4,4,1.0,lung squamous cell carcinoma,lung squamous cell carcinoma,0.0,0.0,0.0,0.0,1.0
4,4,1.0,lung squamous cell carcinoma,lung squamous cell carcinoma,0.0,0.0,0.0,0.0,1.0
4,4,1.0,lung squamous cell carcinoma,lung squamous cell carcinoma,0.0,0.0,0.0,0.0,1.0
4,4,1.0,lung squamous cell carcinoma,lung squamous cell carcinoma,0.0,0.0,0.0,0.0,1.0
4,4,0.999967,lung squamous cell carcinoma,lung squamous cell carcinoma,0.0,0.0,3.3e-05,0.0,0.999967
4,4,1.0,lung squamous cell carcinoma,lung squamous cell carcinoma,0.0,0.0,0.0,0.0,1.0
4,4,1.0,lung squamous cell carcinoma,lung squamous cell carcinoma,0.0,0.0,0.0,0.0,1.0
4,4,0.999951,lung squamous cell carcinoma,lung squamous cell carcinoma,0.0,0.0,4.9e-05,0.0,0.999951
4,4,1.0,lung squamous cell carcinoma,lung squamous cell carcinoma,0.0,0.0,0.0,0.0,1.0
4,4,0.999273,lung squamous cell carcinoma,lung squamous cell carcinoma,3e-06,0.0,0.000725,0.0,0.999273
4,4,1.0,lung squamous cell carcinoma,lung squamous cell carcinoma,0.0,0.0,0.0,0.0,1.0
4,4,1.0,lung squamous cell carcinoma,lung squamous cell carcinoma,0.0,0.0,0.0,0.0,1.0
4,4,1.0,lung squamous cell carcinoma,lung squamous cell carcinoma,0.0,0.0,0.0,0.0,1.0
4,4,1.0,lung squamous cell carcinoma,lung squamous cell carcinoma,0.0,0.0,0.0,0.0,1.0
4,4,1.0,lung squamous cell carcinoma,lung squamous cell carcinoma,0.0,0.0,0.0,0.0,1.0
4,4,1.0,lung squamous cell carcinoma,lung squamous cell carcinoma,0.0,0.0,0.0,0.0,1.0
4,4,1.0,lung squamous cell carcinoma,lung squamous cell carcinoma,0.0,0.0,0.0,0.0,1.0
4,4,1.0,lung squamous cell carcinoma,lung squamous cell carcinoma,0.0,0.0,0.0,0.0,1.0
4,4,1.0,lung squamous cell carcinoma,lung squamous cell carcinoma,0.0,0.0,0.0,0.0,1.0
4,4,0.999989,lung squamous cell carcinoma,lung squamous cell carcinoma,0.0,1e-05,1e-06,0.0,0.999989
4,4,1.0,lung squamous cell carcinoma,lung squamous cell carcinoma,0.0,0.0,0.0,0.0,1.0
4,4,1.0,lung squamous cell carcinoma,lung squamous cell carcinoma,0.0,0.0,0.0,0.0,1.0
4,4,1.0,lung squamous cell carcinoma,lung squamous cell carcinoma,0.0,0.0,0.0,0.0,1.0
4,4,1.0,lung squamous cell carcinoma,lung squamous cell carcinoma,0.0,0.0,0.0,0.0,1.0
4,4,1.0,lung squamous cell carcinoma,lung squamous cell carcinoma,0.0,0.0,0.0,0.0,1.0
4,4,1.0,lung squamous cell carcinoma,lung squamous cell carcinoma,0.0,0.0,0.0,0.0,1.0
4,4,1.0,lung squamous cell carcinoma,lung squamous cell carcinoma,0.0,0.0,0.0,0.0,1.0
4,4,1.0,lung squamous cell carcinoma,lung squamous cell carcinoma,0.0,0.0,0.0,0.0,1.0
4,4,1.0,lung squamous cell carcinoma,lung squamous cell carcinoma,0.0,0.0,0.0,0.0,1.0
4,4,0.999983,lung squamous cell carcinoma,lung squamous cell carcinoma,0.0,0.0,1.6e-05,0.0,0.999983
4,4,0.999995,lung squamous cell carcinoma,lung squamous cell carcinoma,0.0,0.0,5e-06,0.0,0.999995
4,4,1.0,lung squamous cell carcinoma,lung squamous cell carcinoma,0.0,0.0,0.0,0.0,1.0
4,4,1.0,lung squamous cell carcinoma,lung squamous cell carcinoma,0.0,0.0,0.0,0.0,1.0
4,4,1.0,lung squamous cell carcinoma,lung squamous cell carcinoma,0.0,0.0,0.0,0.0,1.0
4,4,1.0,lung squamous cell carcinoma,lung squamous cell carcinoma,0.0,0.0,0.0,0.0,1.0
4,4,0.999999,lung squamous cell carcinoma,lung squamous cell carcinoma,0.0,0.0,1e-06,0.0,0.999999
4,4,1.0,lung squamous cell carcinoma,lung squamous cell carcinoma,0.0,0.0,0.0,0.0,1.0
4,4,1.0,lung squamous cell carcinoma,lung squamous cell carcinoma,0.0,0.0,0.0,0.0,1.0
4,4,1.0,lung squamous cell carcinoma,lung squamous cell carcinoma,0.0,0.0,0.0,0.0,1.0
4,4,1.0,lung squamous cell carcinoma,lung squamous cell carcinoma,0.0,0.0,0.0,0.0,1.0
4,4,1.0,lung squamous cell carcinoma,lung squamous cell carcinoma,0.0,0.0,0.0,0.0,1.0
4,4,1.0,lung squamous cell carcinoma,lung squamous cell carcinoma,0.0,0.0,0.0,0.0,1.0
4,4,1.0,lung squamous cell carcinoma,lung squamous cell carcinoma,0.0,0.0,0.0,0.0,1.0
4,4,1.0,lung squamous cell carcinoma,lung squamous cell carcinoma,0.0,0.0,0.0,0.0,1.0
4,4,1.0,lung squamous cell carcinoma,lung squamous cell carcinoma,0.0,0.0,0.0,0.0,1.0
4,4,1.0,lung squamous cell carcinoma,lung squamous cell carcinoma,0.0,0.0,0.0,0.0,1.0
4,4,1.0,lung squamous cell carcinoma,lung squamous cell carcinoma,0.0,0.0,0.0,0.0,1.0
4,4,1.0,lung squamous cell carcinoma,lung squamous cell carcinoma,0.0,0.0,0.0,0.0,1.0
4,4,1.0,lung squamous cell carcinoma,lung squamous cell carcinoma,0.0,0.0,0.0,0.0,1.0
4,4,1.0,lung squamous cell carcinoma,lung squamous cell carcinoma,0.0,0.0,0.0,0.0,1.0
4,4,1.0,lung squamous cell carcinoma,lung squamous cell carcinoma,0.0,0.0,0.0,0.0,1.0
4,4,1.0,lung squamous cell carcinoma,lung squamous cell carcinoma,0.0,0.0,0.0,0.0,1.0
4,4,0.999998,lung squamous cell carcinoma,lung squamous cell carcinoma,0.0,0.0,2e-06,0.0,0.999998
4,4,1.0,lung squamous cell carcinoma,lung squamous cell carcinoma,0.0,0.0,0.0,0.0,1.0
4,4,0.999994,lung squamous cell carcinoma,lung squamous cell carcinoma,0.0,0.0,6e-06,0.0,0.999994
4,4,1.0,lung squamous cell carcinoma,lung squamous cell carcinoma,0.0,0.0,0.0,0.0,1.0
4,4,1.0,lung squamous cell carcinoma,lung squamous cell carcinoma,0.0,0.0,0.0,0.0,1.0
4,4,0.996195,lung squamous cell carcinoma,lung squamous cell carcinoma,2.2e-05,0.0,0.003783,0.0,0.996195
4,4,0.999855,lung squamous cell carcinoma,lung squamous cell carcinoma,0.0,0.0,0.000145,0.0,0.999855
4,4,0.999998,lung squamous cell carcinoma,lung squamous cell carcinoma,0.0,0.0,2e-06,0.0,0.999998
4,4,1.0,lung squamous cell carcinoma,lung squamous cell carcinoma,0.0,0.0,0.0,0.0,1.0
4,4,1.0,lung squamous cell carcinoma,lung squamous cell carcinoma,0.0,0.0,0.0,0.0,1.0
4,4,0.999988,lung squamous cell carcinoma,lung squamous cell carcinoma,0.0,0.0,1.2e-05,0.0,0.999988
4,4,1.0,lung squamous cell carcinoma,lung squamous cell carcinoma,0.0,0.0,0.0,0.0,1.0
4,4,1.0,lung squamous cell carcinoma,lung squamous cell carcinoma,0.0,0.0,0.0,0.0,1.0
4,4,1.0,lung squamous cell carcinoma,lung squamous cell carcinoma,0.0,0.0,0.0,0.0,1.0
4,4,1.0,lung squamous cell carcinoma,lung squamous cell carcinoma,0.0,0.0,0.0,0.0,1.0
4,4,0.999865,lung squamous cell carcinoma,lung squamous cell carcinoma,0.0,0.0,0.000135,0.0,0.999865
4,4,1.0,lung squamous cell carcinoma,lung squamous cell carcinoma,0.0,0.0,0.0,0.0,1.0
4,4,0.999998,lung squamous cell carcinoma,lung squamous cell carcinoma,0.0,0.0,2e-06,0.0,0.999998
4,4,1.0,lung squamous cell carcinoma,lung squamous cell carcinoma,0.0,0.0,0.0,0.0,1.0
4,4,0.999991,lung squamous cell carcinoma,lung squamous cell carcinoma,0.0,0.0,9e-06,0.0,0.999991
4,4,0.999769,lung squamous cell carcinoma,lung squamous cell carcinoma,0.0,0.0,0.000231,0.0,0.999769
4,4,1.0,lung squamous cell carcinoma,lung squamous cell carcinoma,0.0,0.0,0.0,0.0,1.0
4,4,1.0,lung squamous cell carcinoma,lung squamous cell carcinoma,0.0,0.0,0.0,0.0,1.0
4,4,0.999991,lung squamous cell carcinoma,lung squamous cell carcinoma,6e-06,0.0,3e-06,0.0,0.999991
4,4,1.0,lung squamous cell carcinoma,lung squamous cell carcinoma,0.0,0.0,0.0,0.0,1.0
4,4,1.0,lung squamous cell carcinoma,lung squamous cell carcinoma,0.0,0.0,0.0,0.0,1.0
4,4,1.0,lung squamous cell carcinoma,lung squamous cell carcinoma,0.0,0.0,0.0,0.0,1.0
4,4,1.0,lung squamous cell carcinoma,lung squamous cell carcinoma,0.0,0.0,0.0,0.0,1.0
4,4,1.0,lung squamous cell carcinoma,lung squamous cell carcinoma,0.0,0.0,0.0,0.0,1.0
4,4,1.0,lung squamous cell carcinoma,lung squamous cell carcinoma,0.0,0.0,0.0,0.0,1.0
4,4,1.0,lung squamous cell carcinoma,lung squamous cell carcinoma,0.0,0.0,0.0,0.0,1.0
4,4,0.999961,lung squamous cell carcinoma,lung squamous cell carcinoma,0.0,0.0,3.8e-05,0.0,0.999961
4,4,1.0,lung squamous cell carcinoma,lung squamous cell carcinoma,0.0,0.0,0.0,0.0,1.0
4,4,1.0,lung squamous cell carcinoma,lung squamous cell carcinoma,0.0,0.0,0.0,0.0,1.0
4,4,0.999989,lung squamous cell carcinoma,lung squamous cell carcinoma,0.0,0.0,1.1e-05,0.0,0.999989
4,4,1.0,lung squamous cell carcinoma,lung squamous cell carcinoma,0.0,0.0,0.0,0.0,1.0
4,4,1.0,lung squamous cell carcinoma,lung squamous cell carcinoma,0.0,0.0,0.0,0.0,1.0
4,4,0.99998,lung squamous cell carcinoma,lung squamous cell carcinoma,0.0,0.0,2e-05,0.0,0.99998
4,4,1.0,lung squamous cell carcinoma,lung squamous cell carcinoma,0.0,0.0,0.0,0.0,1.0
4,4,1.0,lung squamous cell carcinoma,lung squamous cell carcinoma,0.0,0.0,0.0,0.0,1.0
4,4,1.0,lung squamous cell carcinoma,lung squamous cell carcinoma,0.0,0.0,0.0,0.0,1.0
4,4,1.0,lung squamous cell carcinoma,lung squamous cell carcinoma,0.0,0.0,0.0,0.0,1.0
4,4,0.997864,lung squamous cell carcinoma,lung squamous cell carcinoma,0.0,0.0,0.002136,0.0,0.997864
4,4,1.0,lung squamous cell carcinoma,lung squamous cell carcinoma,0.0,0.0,0.0,0.0,1.0
4,4,1.0,lung squamous cell carcinoma,lung squamous cell carcinoma,0.0,0.0,0.0,0.0,1.0
4,4,1.0,lung squamous cell carcinoma,lung squamous cell carcinoma,0.0,0.0,0.0,0.0,1.0
4,4,1.0,lung squamous cell carcinoma,lung squamous cell carcinoma,0.0,0.0,0.0,0.0,1.0
4,4,1.0,lung squamous cell carcinoma,lung squamous cell carcinoma,0.0,0.0,0.0,0.0,1.0
4,4,0.99999,lung squamous cell carcinoma,lung squamous cell carcinoma,0.0,0.0,1e-05,0.0,0.99999
4,4,1.0,lung squamous cell carcinoma,lung squamous cell carcinoma,0.0,0.0,0.0,0.0,1.0
4,4,0.999996,lung squamous cell carcinoma,lung squamous cell carcinoma,0.0,0.0,4e-06,0.0,0.999996
4,4,1.0,lung squamous cell carcinoma,lung squamous cell carcinoma,0.0,0.0,0.0,0.0,1.0
4,4,1.0,lung squamous cell carcinoma,lung squamous cell carcinoma,0.0,0.0,0.0,0.0,1.0
4,4,1.0,lung squamous cell carcinoma,lung squamous cell carcinoma,0.0,0.0,0.0,0.0,1.0
4,4,1.0,lung squamous cell carcinoma,lung squamous cell carcinoma,0.0,0.0,0.0,0.0,1.0
4,4,0.998919,lung squamous cell carcinoma,lung squamous cell carcinoma,0.0,0.0,0.001081,0.0,0.998919
4,4,1.0,lung squamous cell carcinoma,lung squamous cell carcinoma,0.0,0.0,0.0,0.0,1.0
4,4,1.0,lung squamous cell carcinoma,lung squamous cell carcinoma,0.0,0.0,0.0,0.0,1.0
4,4,1.0,lung squamous cell carcinoma,lung squamous cell carcinoma,0.0,0.0,0.0,0.0,1.0
4,4,1.0,lung squamous cell carcinoma,lung squamous cell carcinoma,0.0,0.0,0.0,0.0,1.0
4,4,1.0,lung squamous cell carcinoma,lung squamous cell carcinoma,0.0,0.0,0.0,0.0,1.0
4,4,0.975664,lung squamous cell carcinoma,lung squamous cell carcinoma,0.0,0.0,0.024336,0.0,0.975664
4,4,0.999628,lung squamous cell carcinoma,lung squamous cell carcinoma,0.0,0.0,0.000372,0.0,0.999628
4,4,1.0,lung squamous cell carcinoma,lung squamous cell carcinoma,0.0,0.0,0.0,0.0,1.0
4,4,1.0,lung squamous cell carcinoma,lung squamous cell carcinoma,0.0,0.0,0.0,0.0,1.0
4,4,0.999724,lung squamous cell carcinoma,lung squamous cell carcinoma,0.0,0.0,0.000276,0.0,0.999724
4,4,1.0,lung squamous cell carcinoma,lung squamous cell carcinoma,0.0,0.0,0.0,0.0,1.0
4,4,1.0,lung squamous cell carcinoma,lung squamous cell carcinoma,0.0,0.0,0.0,0.0,1.0
4,4,0.99997,lung squamous cell carcinoma,lung squamous cell carcinoma,0.0,0.0,3e-05,0.0,0.99997
4,4,0.999999,lung squamous cell carcinoma,lung squamous cell carcinoma,0.0,0.0,1e-06,0.0,0.999999
4,4,0.999993,lung squamous cell carcinoma,lung squamous cell carcinoma,0.0,0.0,7e-06,0.0,0.999993
4,4,1.0,lung squamous cell carcinoma,lung squamous cell carcinoma,0.0,0.0,0.0,0.0,1.0
4,4,1.0,lung squamous cell carcinoma,lung squamous cell carcinoma,0.0,0.0,0.0,0.0,1.0
4,4,1.0,lung squamous cell carcinoma,lung squamous cell carcinoma,0.0,0.0,0.0,0.0,1.0
4,4,1.0,lung squamous cell carcinoma,lung squamous cell carcinoma,0.0,0.0,0.0,0.0,1.0
4,4,1.0,lung squamous cell carcinoma,lung squamous cell carcinoma,0.0,0.0,0.0,0.0,1.0
4,4,0.999998,lung squamous cell carcinoma,lung squamous cell carcinoma,0.0,0.0,2e-06,0.0,0.999998
4,4,1.0,lung squamous cell carcinoma,lung squamous cell carcinoma,0.0,0.0,0.0,0.0,1.0
4,4,1.0,lung squamous cell carcinoma,lung squamous cell carcinoma,0.0,0.0,0.0,0.0,1.0
4,4,1.0,lung squamous cell carcinoma,lung squamous cell carcinoma,0.0,0.0,0.0,0.0,1.0
4,4,1.0,lung squamous cell carcinoma,lung squamous cell carcinoma,0.0,0.0,0.0,0.0,1.0
4,4,1.0,lung squamous cell carcinoma,lung squamous cell carcinoma,0.0,0.0,0.0,0.0,1.0
4,4,1.0,lung squamous cell carcinoma,lung squamous cell carcinoma,0.0,0.0,0.0,0.0,1.0
4,4,1.0,lung squamous cell carcinoma,lung squamous cell carcinoma,0.0,0.0,0.0,0.0,1.0
4,4,1.0,lung squamous cell carcinoma,lung squamous cell carcinoma,0.0,0.0,0.0,0.0,1.0
4,4,1.0,lung squamous cell carcinoma,lung squamous cell carcinoma,0.0,0.0,0.0,0.0,1.0
4,4,1.0,lung squamous cell carcinoma,lung squamous cell carcinoma,0.0,0.0,0.0,0.0,1.0
4,4,1.0,lung squamous cell carcinoma,lung squamous cell carcinoma,0.0,0.0,0.0,0.0,1.0
4,4,1.0,lung squamous cell carcinoma,lung squamous cell carcinoma,0.0,0.0,0.0,0.0,1.0
4,4,1.0,lung squamous cell carcinoma,lung squamous cell carcinoma,0.0,0.0,0.0,0.0,1.0
4,4,1.0,lung squamous cell carcinoma,lung squamous cell carcinoma,0.0,0.0,0.0,0.0,1.0
4,4,1.0,lung squamous cell carcinoma,lung squamous cell carcinoma,0.0,0.0,0.0,0.0,1.0
4,4,1.0,lung squamous cell carcinoma,lung squamous cell carcinoma,0.0,0.0,0.0,0.0,1.0
4,4,1.0,lung squamous cell carcinoma,lung squamous cell carcinoma,0.0,0.0,0.0,0.0,1.0
4,4,0.999931,lung squamous cell carcinoma,lung squamous cell carcinoma,0.0,0.0,6.9e-05,0.0,0.999931
4,4,1.0,lung squamous cell carcinoma,lung squamous cell carcinoma,0.0,0.0,0.0,0.0,1.0
4,4,0.999977,lung squamous cell carcinoma,lung squamous cell carcinoma,0.0,0.0,2.3e-05,0.0,0.999977
4,4,1.0,lung squamous cell carcinoma,lung squamous cell carcinoma,0.0,0.0,0.0,0.0,1.0
4,4,1.0,lung squamous cell carcinoma,lung squamous cell carcinoma,0.0,0.0,0.0,0.0,1.0
4,4,1.0,lung squamous cell carcinoma,lung squamous cell carcinoma,0.0,0.0,0.0,0.0,1.0
4,4,0.999996,lung squamous cell carcinoma,lung squamous cell carcinoma,0.0,0.0,4e-06,0.0,0.999996
4,4,1.0,lung squamous cell carcinoma,lung squamous cell carcinoma,0.0,0.0,0.0,0.0,1.0
4,4,0.997207,lung squamous cell carcinoma,lung squamous cell carcinoma,0.0,0.0,0.002793,0.0,0.997207
4,4,1.0,lung squamous cell carcinoma,lung squamous cell carcinoma,0.0,0.0,0.0,0.0,1.0
4,4,1.0,lung squamous cell carcinoma,lung squamous cell carcinoma,0.0,0.0,0.0,0.0,1.0
4,4,0.999865,lung squamous cell carcinoma,lung squamous cell carcinoma,0.0,0.0,0.000135,0.0,0.999865
4,4,1.0,lung squamous cell carcinoma,lung squamous cell carcinoma,0.0,0.0,0.0,0.0,1.0
4,4,1.0,lung squamous cell carcinoma,lung squamous cell carcinoma,0.0,0.0,0.0,0.0,1.0
4,4,1.0,lung squamous cell carcinoma,lung squamous cell carcinoma,0.0,0.0,0.0,0.0,1.0
4,4,1.0,lung squamous cell carcinoma,lung squamous cell carcinoma,0.0,0.0,0.0,0.0,1.0
4,4,1.0,lung squamous cell carcinoma,lung squamous cell carcinoma,0.0,0.0,0.0,0.0,1.0
4,4,1.0,lung squamous cell carcinoma,lung squamous cell carcinoma,0.0,0.0,0.0,0.0,1.0
4,4,1.0,lung squamous cell carcinoma,lung squamous cell carcinoma,0.0,0.0,0.0,0.0,1.0
4,4,1.0,lung squamous cell carcinoma,lung squamous cell carcinoma,0.0,0.0,0.0,0.0,1.0
4,4,1.0,lung squamous cell carcinoma,lung squamous cell carcinoma,0.0,0.0,0.0,0.0,1.0
4,4,0.999996,lung squamous cell carcinoma,lung squamous cell carcinoma,0.0,0.0,4e-06,0.0,0.999996
4,4,1.0,lung squamous cell carcinoma,lung squamous cell carcinoma,0.0,0.0,0.0,0.0,1.0
4,4,1.0,lung squamous cell carcinoma,lung squamous cell carcinoma,0.0,0.0,0.0,0.0,1.0
4,4,1.0,lung squamous cell carcinoma,lung squamous cell carcinoma,0.0,0.0,0.0,0.0,1.0
4,4,0.999942,lung squamous cell carcinoma,lung squamous cell carcinoma,0.0,0.0,5.8e-05,0.0,0.999942
4,4,1.0,lung squamous cell carcinoma,lung squamous cell carcinoma,0.0,0.0,0.0,0.0,1.0
4,4,1.0,lung squamous cell carcinoma,lung squamous cell carcinoma,0.0,0.0,0.0,0.0,1.0
4,4,1.0,lung squamous cell carcinoma,lung squamous cell carcinoma,0.0,0.0,0.0,0.0,1.0
4,4,0.999965,lung squamous cell carcinoma,lung squamous cell carcinoma,0.0,0.0,3.5e-05,0.0,0.999965
4,4,1.0,lung squamous cell carcinoma,lung squamous cell carcinoma,0.0,0.0,0.0,0.0,1.0
4,4,0.999983,lung squamous cell carcinoma,lung squamous cell carcinoma,0.0,0.0,1.7e-05,0.0,0.999983
4,4,0.999963,lung squamous cell carcinoma,lung squamous cell carcinoma,0.0,0.0,3.7e-05,0.0,0.999963
4,4,1.0,lung squamous cell carcinoma,lung squamous cell carcinoma,0.0,0.0,0.0,0.0,1.0
4,4,0.998086,lung squamous cell carcinoma,lung squamous cell carcinoma,0.0,0.0,0.001914,0.0,0.998086
4,4,1.0,lung squamous cell carcinoma,lung squamous cell carcinoma,0.0,0.0,0.0,0.0,1.0
4,4,0.999986,lung squamous cell carcinoma,lung squamous cell carcinoma,0.0,0.0,1.4e-05,0.0,0.999986
4,4,1.0,lung squamous cell carcinoma,lung squamous cell carcinoma,0.0,0.0,0.0,0.0,1.0
4,4,0.998066,lung squamous cell carcinoma,lung squamous cell carcinoma,0.0,0.0,0.001934,0.0,0.998066
4,4,0.999785,lung squamous cell carcinoma,lung squamous cell carcinoma,0.0,0.0,0.000215,0.0,0.999785
4,4,1.0,lung squamous cell carcinoma,lung squamous cell carcinoma,0.0,0.0,0.0,0.0,1.0
4,4,1.0,lung squamous cell carcinoma,lung squamous cell carcinoma,0.0,0.0,0.0,0.0,1.0
4,4,1.0,lung squamous cell carcinoma,lung squamous cell carcinoma,0.0,0.0,0.0,0.0,1.0
4,4,1.0,lung squamous cell carcinoma,lung squamous cell carcinoma,0.0,0.0,0.0,0.0,1.0
4,4,1.0,lung squamous cell carcinoma,lung squamous cell carcinoma,0.0,0.0,0.0,0.0,1.0
4,4,0.999915,lung squamous cell carcinoma,lung squamous cell carcinoma,0.0,0.0,8.5e-05,0.0,0.999915
4,4,1.0,lung squamous cell carcinoma,lung squamous cell carcinoma,0.0,0.0,0.0,0.0,1.0
4,4,1.0,lung squamous cell carcinoma,lung squamous cell carcinoma,0.0,0.0,0.0,0.0,1.0
4,4,1.0,lung squamous cell carcinoma,lung squamous cell carcinoma,0.0,0.0,0.0,0.0,1.0
4,4,1.0,lung squamous cell carcinoma,lung squamous cell carcinoma,0.0,0.0,0.0,0.0,1.0
4,4,1.0,lung squamous cell carcinoma,lung squamous cell carcinoma,0.0,0.0,0.0,0.0,1.0
4,4,0.999916,lung squamous cell carcinoma,lung squamous cell carcinoma,0.0,0.0,8.4e-05,0.0,0.999916
4,4,1.0,lung squamous cell carcinoma,lung squamous cell carcinoma,0.0,0.0,0.0,0.0,1.0
4,4,1.0,lung squamous cell carcinoma,lung squamous cell carcinoma,0.0,0.0,0.0,0.0,1.0
4,4,1.0,lung squamous cell carcinoma,lung squamous cell carcinoma,0.0,0.0,0.0,0.0,1.0
4,4,0.999986,lung squamous cell carcinoma,lung squamous cell carcinoma,0.0,0.0,1.4e-05,0.0,0.999986
4,4,1.0,lung squamous cell carcinoma,lung squamous cell carcinoma,0.0,0.0,1e-06,0.0,1.0
4,4,1.0,lung squamous cell carcinoma,lung squamous cell carcinoma,0.0,0.0,0.0,0.0,1.0
4,4,1.0,lung squamous cell carcinoma,lung squamous cell carcinoma,0.0,0.0,0.0,0.0,1.0
4,4,1.0,lung squamous cell carcinoma,lung squamous cell carcinoma,0.0,0.0,0.0,0.0,1.0
4,4,1.0,lung squamous cell carcinoma,lung squamous cell carcinoma,0.0,0.0,0.0,0.0,1.0
4,4,0.999996,lung squamous cell carcinoma,lung squamous cell carcinoma,0.0,0.0,4e-06,0.0,0.999996
4,4,1.0,lung squamous cell carcinoma,lung squamous cell carcinoma,0.0,0.0,0.0,0.0,1.0
4,4,1.0,lung squamous cell carcinoma,lung squamous cell carcinoma,0.0,0.0,0.0,0.0,1.0
4,4,1.0,lung squamous cell carcinoma,lung squamous cell carcinoma,0.0,0.0,0.0,0.0,1.0
4,4,0.999989,lung squamous cell carcinoma,lung squamous cell carcinoma,0.0,0.0,1.1e-05,0.0,0.999989
4,4,1.0,lung squamous cell carcinoma,lung squamous cell carcinoma,0.0,0.0,0.0,0.0,1.0
4,4,1.0,lung squamous cell carcinoma,lung squamous cell carcinoma,0.0,0.0,0.0,0.0,1.0
4,4,1.0,lung squamous cell carcinoma,lung squamous cell carcinoma,0.0,0.0,0.0,0.0,1.0
4,4,1.0,lung squamous cell carcinoma,lung squamous cell carcinoma,0.0,0.0,0.0,0.0,1.0
4,4,1.0,lung squamous cell carcinoma,lung squamous cell carcinoma,0.0,0.0,0.0,0.0,1.0
4,4,0.999893,lung squamous cell carcinoma,lung squamous cell carcinoma,0.0,0.0,0.000107,0.0,0.999893
4,4,0.999992,lung squamous cell carcinoma,lung squamous cell carcinoma,0.0,0.0,8e-06,0.0,0.999992
4,4,1.0,lung squamous cell carcinoma,lung squamous cell carcinoma,0.0,0.0,0.0,0.0,1.0
4,4,1.0,lung squamous cell carcinoma,lung squamous cell carcinoma,0.0,0.0,0.0,0.0,1.0
4,4,0.999935,lung squamous cell carcinoma,lung squamous cell carcinoma,0.0,0.0,6.5e-05,0.0,0.999935
4,4,1.0,lung squamous cell carcinoma,lung squamous cell carcinoma,0.0,0.0,0.0,0.0,1.0
4,4,0.999999,lung squamous cell carcinoma,lung squamous cell carcinoma,0.0,0.0,1e-06,0.0,0.999999
4,4,1.0,lung squamous cell carcinoma,lung squamous cell carcinoma,0.0,0.0,0.0,0.0,1.0
4,4,0.999994,lung squamous cell carcinoma,lung squamous cell carcinoma,0.0,0.0,6e-06,0.0,0.999994
4,4,1.0,lung squamous cell carcinoma,lung squamous cell carcinoma,0.0,0.0,0.0,0.0,1.0
4,4,0.999989,lung squamous cell carcinoma,lung squamous cell carcinoma,0.0,0.0,1.1e-05,0.0,0.999989
4,4,1.0,lung squamous cell carcinoma,lung squamous cell carcinoma,0.0,0.0,0.0,0.0,1.0
4,4,1.0,lung squamous cell carcinoma,lung squamous cell carcinoma,0.0,0.0,0.0,0.0,1.0
4,4,1.0,lung squamous cell carcinoma,lung squamous cell carcinoma,0.0,0.0,0.0,0.0,1.0
4,4,1.0,lung squamous cell carcinoma,lung squamous cell carcinoma,0.0,0.0,0.0,0.0,1.0
4,4,1.0,lung squamous cell carcinoma,lung squamous cell carcinoma,0.0,0.0,0.0,0.0,1.0
4,4,0.999998,lung squamous cell carcinoma,lung squamous cell carcinoma,0.0,0.0,2e-06,0.0,0.999998
4,4,1.0,lung squamous cell carcinoma,lung squamous cell carcinoma,0.0,0.0,0.0,0.0,1.0
4,4,1.0,lung squamous cell carcinoma,lung squamous cell carcinoma,0.0,0.0,0.0,0.0,1.0
4,4,1.0,lung squamous cell carcinoma,lung squamous cell carcinoma,0.0,0.0,0.0,0.0,1.0
4,4,1.0,lung squamous cell carcinoma,lung squamous cell carcinoma,0.0,0.0,0.0,0.0,1.0
4,4,1.0,lung squamous cell carcinoma,lung squamous cell carcinoma,0.0,0.0,0.0,0.0,1.0
4,4,0.9976,lung squamous cell carcinoma,lung squamous cell carcinoma,0.0,0.0,0.0024,0.0,0.9976
4,4,1.0,lung squamous cell carcinoma,lung squamous cell carcinoma,0.0,0.0,0.0,0.0,1.0
4,4,1.0,lung squamous cell carcinoma,lung squamous cell carcinoma,0.0,0.0,0.0,0.0,1.0
4,4,1.0,lung squamous cell carcinoma,lung squamous cell carcinoma,0.0,0.0,0.0,0.0,1.0
4,4,1.0,lung squamous cell carcinoma,lung squamous cell carcinoma,0.0,0.0,0.0,0.0,1.0
